{"run_id": "20:25:53-09/21/2020", "exp_name": "CMAES_popsize10", "model_name": "LandscapeAsModel=RNABinding_T['GAACGAGGCACAUUCCGGCUCGCCCGGCCCAUGUGAGCAUGGGCCGGACCCCGUCCGCGCGGGGCCCCCGCGCGGACGGGGGCGAGCCGGAAUGUGCCUC', 'GAGGCACAUUCCGGCUCGCCCCCGUCCGCGCGGGGGCCCCGCGCGGACGGGGUCCGGCCCGCGCGGGGCCCCCGCGCGGGAGCCGGAAUGUGCCUCGUUC']_L14", "landscape_name": "RNABinding_T['GAACGAGGCACAUUCCGGCUCGCCCGGCCCAUGUGAGCAUGGGCCGGACCCCGUCCGCGCGGGGCCCCCGCGCGGACGGGGGCGAGCCGGAAUGUGCCUC', 'GAGGCACAUUCCGGCUCGCCCCCGUCCGCGCGGGGGCCCCGCGCGGACGGGGUCCGGCCCGCGCGGGGCCCCCGCGCGGGAGCCGGAAUGUGCCUCGUUC']_L14", "rounds": 10, "sequences_batch_size": 100, "model_queries_per_batch": 1000}
sequence,model_score,true_score,round,model_cost,measurement_cost
UCUUGGGGACUUUU,,0.27879076194752395,0,0,1
GCUUGGGGACUUUU,0.38117726471874147,0.38117726471874147,1,157,100
UCUUGCGGACUUUU,0.35565835505656523,0.35565835505656523,1,157,100
UCUUGGGGACUCUU,0.3488446916582582,0.3488446916582582,1,157,100
GCUUGGGGAAUUUU,0.34488083926827895,0.34488083926827895,1,157,100
GUUGGGGGAAUUUU,0.34355955093803947,0.34355955093803947,1,157,100
GUUUGGGGAAUUUU,0.2963819668297418,0.2963819668297418,1,157,100
UCUUGGGGACUUUA,0.28550080817190665,0.28550080817190665,1,157,100
UCUUGGGGACUUUU,0.27879076194752395,0.27879076194752395,1,157,100
UUUUGGGGACUUUU,0.2760963832475253,0.2760963832475253,1,157,100
GUUUGCGGAAUUUU,0.27482690955754474,0.27482690955754474,1,157,100
UUUUGCGGAAUUUA,0.25057748618608844,0.25057748618608844,1,157,100
UCUUGGGGAAUUUU,0.24117304816682195,0.24117304816682195,1,157,100
UUUUGGGGAAUUUU,0.23979994470217764,0.23979994470217764,1,157,100
UUUUGGGGAAUUUA,0.23979994470217764,0.23979994470217764,1,157,100
UAUGGAUACAUUUU,0.2155505213307213,0.2155505213307213,1,157,100
GUUGGAGGAAUUUU,0.21285614238364975,0.21285614238364975,1,157,100
GAUGGAUGAAUUUU,0.20746737164169435,0.20746737164169435,1,157,100
GGUUGAUGAAUUUU,0.20290765923352255,0.20290765923352255,1,157,100
UUUGGAUGAAUUUU,0.20207861374755123,0.20207861374755123,1,157,100
UCUGGAUGAAUUUU,0.20207861374755123,0.20207861374755123,1,157,100
GAUUGAUGCAUGUU,0.2001873674628849,0.2001873674628849,1,157,100
UAUUGGUGACUUUU,0.1872336092471794,0.1872336092471794,1,157,100
UAUUGGUGAAUUUU,0.18321794827023802,0.18321794827023802,1,157,100
GCUUGAGGAAUUUA,0.1805235564753542,0.1805235564753542,1,157,100
UAUUGCUACAUUUU,0.1766115318205191,0.1766115318205191,1,157,100
UAUUGGUAAAUGUU,0.17580839285774416,0.17580839285774416,1,157,100
UAUUGGGAAAUGUU,0.17518661346854292,0.17518661346854292,1,157,100
GAUUGAGGAAUUUU,0.17456483432641462,0.17456483432641462,1,157,100
UUUGGAGGAAUUUU,0.17370988677667745,0.17370988677667745,1,157,100
GGUUGAUACAUUUU,0.17254404310843358,0.17254404310843358,1,157,100
UGUUGAUGACUUUU,0.1712227610785637,0.1712227610785637,1,157,100
AAUCGGUAAAUUUU,0.16573036686231427,0.16573036686231427,1,157,100
GAUUGAUGCAUUUU,0.16547129217858197,0.16547129217858197,1,157,100
UAUGGAUAAAUGUU,0.1639427568997543,0.1639427568997543,1,157,100
GUUUGAGGAAUUUU,0.1614038163143087,0.1614038163143087,1,157,100
GUUUGAGGAAUUUA,0.1614038163143087,0.1614038163143087,1,157,100
GCUUGAUGAAUUUU,0.16060068365190344,0.16060068365190344,1,157,100
GGUUGAUAAAUUUU,0.16034160896817112,0.16034160896817112,1,157,100
UAUUGGGAAAUUUU,0.15912395041259536,0.15912395041259536,1,157,100
UGUUGAGGAAUUUU,0.15728451901526097,0.15728451901526097,1,157,100
UCUUGAGGAAUUUA,0.15591142209805925,0.15591142209805925,1,157,100
UUUUGAGGAAUUUU,0.15591142209805925,0.15591142209805925,1,157,100
UUUUGAGGAAUUUA,0.15591142209805925,0.15591142209805925,1,157,100
UCUUGAGGAAUUUU,0.15591142209805925,0.15591142209805925,1,157,100
UAUUGAGGAAUUUU,0.15591142209805925,0.15591142209805925,1,157,100
UGUUGACAAAUUUU,0.1526729851723147,0.1526729851723147,1,157,100
UAUUGGUAAAUUUU,0.15088536236194244,0.15088536236194244,1,157,100
UGUUGGUAAAUUUU,0.15088536236194244,0.15088536236194244,1,157,100
AAUUGGUAAAUUUU,0.15088536236194244,0.15088536236194244,1,157,100
UCUUGAUGAAUGUU,0.1481909834148709,0.1481909834148709,1,157,100
UGUUGGUAAAUAUU,0.1481909834148709,0.1481909834148709,1,157,100
GAUUGAUGAAUGUU,0.1481909834148709,0.1481909834148709,1,157,100
UAUUGAUGAAUGUU,0.1481909834148709,0.1481909834148709,1,157,100
GAUUGAUACAUUUU,0.14655881181393687,0.14655881181393687,1,157,100
AAUUGAUAACGUUU,0.14640336690486835,0.14640336690486835,1,157,100
UGUUGAUGAAUUUU,0.14549660446779933,0.14549660446779933,1,157,100
UAUUGAUGCAUUUU,0.14544478958046744,0.14544478958046744,1,157,100
UAUUGAUGAGUUUU,0.14132549228141972,0.14132549228141972,1,157,100
UAUUGGUAACUUUU,0.13694712029863967,0.13694712029863967,1,157,100
AAUUGGUAACUUUU,0.13694712029863967,0.13694712029863967,1,157,100
UAUGGAUAAAUUUU,0.13604035786157065,0.13604035786157065,1,157,100
AAUUGGUAAAGUUU,0.13344960868916286,0.13344960868916286,1,157,100
UGUUGAUACAUUUU,0.13202469688462926,0.13202469688462926,1,157,100
UAUUGAUACAUUUU,0.13202469688462926,0.13202469688462926,1,157,100
UGUUGAUAAAUGUU,0.13202469688462926,0.13202469688462926,1,157,100
UAAGGAUAAAUUUU,0.1305997785326531,0.1305997785326531,1,157,100
UAUUGAUACAUGUU,0.12588461491504305,0.12588461491504305,1,157,100
UAUUGCUAAAUUUU,0.1241488069920027,0.1241488069920027,1,157,100
UGUUGAGAAAUUUU,0.1239415471956023,0.1239415471956023,1,157,100
UAUUGAGAAAUUCU,0.12220574884665292,0.12220574884665292,1,157,100
AACCGAUAAUUUUU,0.12124716824853074,0.12124716824853074,1,157,100
UAUGGUUAAAUUUU,0.11992588621866089,0.11992588621866089,1,157,100
GUUUGAUGAAUUUU,0.11855278930145917,0.11855278930145917,1,157,100
UAAUGAGAAAUUUU,0.11793100688560954,0.11793100688560954,1,157,100
GAUUGAUGACUUUU,0.117127870949483,0.117127870949483,1,157,100
AAUCGAUAAUGUUU,0.11357854445267428,0.11357854445267428,1,157,100
UAUUGGUAAAUAUU,0.11316401855950378,0.11316401855950378,1,157,100
AAUUGAUAAAGUUC,0.11280132040147742,0.11280132040147742,1,157,100
UAUUGAUAAACGUU,0.11015875004136805,0.11015875004136805,1,157,100
UGUUGAUAACUUUU,0.10940743226629465,0.10940743226629465,1,157,100
UAUUCAUAAAUUCU,0.1076716276169756,0.1076716276169756,1,157,100
UAUUGAUGACUUUU,0.10614308906442664,0.10614308906442664,1,157,100
AAUCGAUAAAGUUU,0.105184508342768,0.105184508342768,1,157,100
GAUUGAGAAAUUUU,0.10476998887350364,0.10476998887350364,1,157,100
UGUUGAUAAAUUUU,0.10280101581657576,0.10280101581657576,1,157,100
UAUUCAUAACUUUU,0.10106521431744156,0.10106521431744156,1,157,100
UCUUGAUGAAUUUU,0.09953667261470775,0.09953667261470775,1,157,100
UAUUGUUAAAUGUU,0.09603915785504608,0.09603915785504608,1,157,100
AAUUGAUAAUGUUU,0.09313751268766797,0.09313751268766797,1,157,100
UAUUGAUGAAUCUU,0.09160897413511901,0.09160897413511901,1,157,100
UAUUGAUGAAUUUA,0.09160897413511901,0.09160897413511901,1,157,100
UAUUGAUGAAUUUU,0.09160897413511901,0.09160897413511901,1,157,100
GAUUGAUGAAUUUU,0.09160897413511901,0.09160897413511901,1,157,100
UUUUGAUGAAUCUU,0.09160897413511901,0.09160897413511901,1,157,100
UUUUGAUGAAUUUU,0.09160897413511901,0.09160897413511901,1,157,100
AAUUGAGAACUUUU,0.09155715597406583,0.09155715597406583,1,157,100
AAUUGAGAAAUUUU,0.090235873944196,0.090235873944196,1,157,100
UAUUGAGAAAUUUU,0.090235873944196,0.090235873944196,1,157,100
UAUUCAUAAAUUUU,0.0891736634478736,0.0891736634478736,1,157,100
GCUUGCGGACUUUU,0.385400191792453,0.385400191792453,2,321,199
GCUUGGGGACUUUU,0.38117726471874147,0.38117726471874147,2,321,199
GCUUACGGACUUUU,0.3119264739707822,0.3119264739707822,2,321,199
GGUUACGGACUUUU,0.3035842626929081,0.3035842626929081,2,321,199
ACUUGGGGACUUUU,0.2760963832475253,0.2760963832475253,2,321,199
GCUUAGGGACUUUU,0.27213254345828547,0.27213254345828547,2,321,199
GCUUGAGGACUUUU,0.2625208453955457,0.2625208453955457,2,321,199
GCUUAAGGACUUUU,0.2597746515611422,0.2597746515611422,2,321,199
CCUUAAGGACUUUU,0.25596624408023155,0.25596624408023155,2,321,199
ACUUAAGAGGGUUU,0.2439192420012254,0.2439192420012254,2,321,199
AUUUAAGGACUCUU,0.23596564354588284,0.23596564354588284,2,321,199
ACUUGAGGACUUUU,0.22902242891389138,0.22902242891389138,2,321,199
ACUUAAGGACUUUG,0.22539537470618473,0.22539537470618473,2,321,199
UGUUAAGUAGGUCU,0.22093927922486445,0.22093927922486445,2,321,199
GCUUAAGAAGGUUU,0.22034341290630216,0.22034341290630216,2,321,199
AUUUAAGAGGUUCU,0.21000631852750967,0.21000631852750967,2,321,199
CUUUGGGAACUUUU,0.20863322161030795,0.20863322161030795,2,321,199
GUUUGAGGACUUUU,0.2070528585963361,0.2070528585963361,2,321,199
AUUUGAGGACUUUU,0.20573157026609656,0.20573157026609656,2,321,199
GUUUAAGGACUUUU,0.2043066582144901,0.2043066582144901,2,321,199
GUUUAAGGACUUUC,0.2043066582144901,0.2043066582144901,2,321,199
AUUUAAGGACUUUA,0.20425484962752788,0.20425484962752788,2,321,199
CUUUAAGGACUUUU,0.20298536988425056,0.20298536988425056,2,321,199
ACUUAAGGACUUUU,0.2016122729670488,0.2016122729670488,2,321,199
AUUUAAGGACUUUU,0.2016122729670488,0.2016122729670488,2,321,199
AUUUAAGAAGGCUU,0.1953167523887638,0.1953167523887638,2,321,199
AUUUUGGAAGUUUU,0.17407259123507351,0.17407259123507351,2,321,199
ACUUAAGUAGGUUU,0.1736062567549408,0.1736062567549408,2,321,199
AUUAAAGAAGGUUC,0.16847656724416027,0.16847656724416027,2,321,199
AUUUAAGAAGGUUC,0.16847656724416027,0.16847656724416027,2,321,199
GUUUGAGUAGUUUU,0.16689621053055814,0.16689621053055814,2,321,199
GUUUAAGAAGGUUU,0.16360595217003915,0.16360595217003915,2,321,199
AUUAUAGAAGGUUU,0.1522066443918123,0.1522066443918123,2,321,199
AUUUUAGAAGUGUU,0.15088536236194244,0.15088536236194244,2,321,199
AUUUAAGAAGUGUU,0.15088536236194244,0.15088536236194244,2,321,199
UUUUUAGAAGUGUU,0.15088536236194244,0.15088536236194244,2,321,199
AUUAAAGAAGUGUU,0.15088536236194244,0.15088536236194244,2,321,199
GUUAAAGGAGUUUU,0.14676607161033728,0.14676607161033728,2,321,199
ACUUAAGAAGGUUU,0.1416363818524839,0.1416363818524839,2,321,199
AUUCUAGUAGUUUU,0.13914926270181271,0.13914926270181271,2,321,199
ACUUGAGUAGUUUU,0.13741345477877237,0.13741345477877237,2,321,199
AUUUAAGGAGUUUU,0.13741345477877237,0.13741345477877237,2,321,199
AAUUAAGGAGUUUU,0.13741345477877237,0.13741345477877237,2,321,199
AUUUUAGGAGUUUU,0.13741345477877237,0.13741345477877237,2,321,199
AUUUGAGUAGUUUU,0.13741345477877237,0.13741345477877237,2,321,199
AUUUUAGUACUGUU,0.1372580164171464,0.1372580164171464,2,321,199
AUUUAUGAAGGUUU,0.13598854297423876,0.13598854297423876,2,321,199
GCUUAAGAAGUUUU,0.13508178029009688,0.13508178029009688,2,321,199
AUUUAAGUAGGUUU,0.13197288199729737,0.13197288199729737,2,321,199
AUUAAAGAAGGUUU,0.13065159996742753,0.13065159996742753,2,321,199
AUUUAAGAAGGUUU,0.13065159996742753,0.13065159996742753,2,321,199
AUUUUAGAAGGUUU,0.13065159996742753,0.13065159996742753,2,321,199
GUUAAAGAAGGUUU,0.13065159996742753,0.13065159996742753,2,321,199
GUUUAAGAAGUUGU,0.12308659964586516,0.12308659964586516,2,321,199
AUUUAAGUAGUGUU,0.12124716824853074,0.12124716824853074,2,321,199
AUUAAAGAAGUCUU,0.11997770110599276,0.11997770110599276,2,321,199
ACUUAAGAAGUCUU,0.11997770110599276,0.11997770110599276,2,321,199
UUUUAAGAAGUCUU,0.11997770110599276,0.11997770110599276,2,321,199
AUUUAAGAAGUCUU,0.11997770110599276,0.11997770110599276,2,321,199
AUUUAAGAAGGUUA,0.1158584103543876,0.1158584103543876,2,321,199
AUUUAAGAAGUUCA,0.11474437842329077,0.11474437842329077,2,321,199
AUUUAAGAACUCUA,0.11448530688974332,0.11448530688974332,2,321,199
ACUUAAGAAGUUCU,0.11443349200241143,0.11443349200241143,2,321,199
UUUUAAGAAGUUCU,0.11443349200241143,0.11443349200241143,2,321,199
AUUAAAGAAGUUCU,0.11443349200241143,0.11443349200241143,2,321,199
AUUUAAGAAGUUCU,0.11443349200241143,0.11443349200241143,2,321,199
AUUUAAGAACGUUU,0.11290494714949278,0.11290494714949278,2,321,199
AUUAAAGAACGUUU,0.11290494714949278,0.11290494714949278,2,321,199
AUUUAAGAACUCUU,0.11184273652963395,0.11184273652963395,2,321,199
ACUUGAGAAGUUUU,0.1107805291834964,0.1107805291834964,2,321,199
AUUUAAGUAGUUUC,0.10920017246989426,0.10920017246989426,2,321,199
ACUUAUGAAGUUUU,0.10173880847043823,0.10173880847043823,2,321,199
AUUUGAGAAGUAUU,0.10090976953190947,0.10090976953190947,2,321,199
GUUUAAGUAGUUUU,0.09953667261470775,0.09953667261470775,2,321,199
AUUUAAGAACUUCU,0.09826720232198494,0.09826720232198494,2,321,199
AUUUAAGAAGUUUC,0.09572826816044547,0.09572826816044547,2,321,199
AUUAAAGAAGUUUC,0.09572826816044547,0.09572826816044547,2,321,199
GUUAAAGAAGUUUC,0.09572826816044547,0.09572826816044547,2,321,199
AUUUGAGAAGUUUU,0.09430335308219057,0.09430335308219057,2,321,199
AUUGUAGUAGUUUU,0.08943274140532717,0.08943274140532717,2,321,199
GUUUAAGAACUUUU,0.08495073952434694,0.08495073952434694,2,321,199
AUUGUAGAAGUUUU,0.08282632495560828,0.08282632495560828,2,321,199
UUUUAACAAGUUUA,0.08109052018275278,0.08109052018275278,2,321,199
UCUUUUGAAGUUUU,0.0805723708152882,0.0805723708152882,2,321,199
AUUUUACAAGUUUU,0.07982104989002997,0.07982104989002997,2,321,199
ACUUUACAAGUUUU,0.07982104989002997,0.07982104989002997,2,321,199
AUUGAAGAAGUUUU,0.07686759625922612,0.07686759625922612,2,321,199
UCUUAAGUAGUUUU,0.07533905128277102,0.07533905128277102,2,321,199
ACUUAAGAAGUAUU,0.07513179476009191,0.07513179476009191,2,321,199
AUUUUAGAAGUAUU,0.07513179476009191,0.07513179476009191,2,321,199
AUUUAAGAAGUAUU,0.07513179476009191,0.07513179476009191,2,321,199
UUUUAAGAAGUAUU,0.07513179476009191,0.07513179476009191,2,321,199
AUUUUAGUAGUUUU,0.07432865894750179,0.07432865894750179,2,321,199
GUUUUAGAAGUUUU,0.07412139915110139,0.07412139915110139,2,321,199
AUUAAUGAAGUUUU,0.07381050958003721,0.07381050958003721,2,321,199
AUUUUUGAAGUAUU,0.073706879681837,0.073706879681837,2,321,199
AUUUUACAAGUAUU,0.07321463344031108,0.07321463344031108,2,321,199
GUUUAAGAAGUUUU,0.07305918865477899,0.07305918865477899,2,321,199
AGUUAAGUAGUUUU,0.07285193213209987,0.07285193213209987,2,321,199
GCUUGCGGACGUUU,0.43928782212513334,0.43928782212513334,3,535,298
GCUUGCGGCCUUUU,0.40050427752399964,0.40050427752399964,3,535,298
GCUUGCGGACUUCU,0.3986130246918908,0.3986130246918908,3,535,298
GCUUGCGGACUUUU,0.385400191792453,0.385400191792453,3,535,298
GCUUGCCGACUUUU,0.358663623574701,0.358663623574701,3,535,298
GCUUGAGGCCUUUU,0.35096910635053336,0.35096910635053336,3,535,298
GCUUGAAGGCUUUG,0.3166157357716993,0.3166157357716993,3,535,298
GCUUGAGGACGUUU,0.3005530661683091,0.3005530661683091,3,535,298
UCUUGCAGCCUUUU,0.29674467128813786,0.29674467128813786,3,535,298
GCUUGAAGCCUUUC,0.29516430827416607,0.29516430827416607,3,535,298
GCUUGAAGCCUUUU,0.29516430827416607,0.29516430827416607,3,535,298
GCUUGCAGACUUGU,0.2903455148818922,0.2903455148818922,3,535,298
GCUUGAAGGCUUUU,0.27482690955754474,0.27482690955754474,3,535,298
GGUUGAUGACUUUU,0.2724952353159421,0.2724952353159421,3,535,298
GGUUGAAGGCUUUU,0.2706558102189774,0.2706558102189774,3,535,298
GCUUGAGGACUUUU,0.2625208453955457,0.2625208453955457,3,535,298
GCUUGCAGACUUUU,0.26135500197437467,0.26135500197437467,3,535,298
GCUUGAAGACUUCG,0.2587642530490397,0.2587642530490397,3,535,298
UGUUGGAAUAAUUG,0.25596624408023155,0.25596624408023155,3,535,298
UCUUGAACCCUUUU,0.25547400753633304,0.25547400753633304,3,535,298
UCUUGAAGCCUUCC,0.25220965123957984,0.25220965123957984,3,535,298
UCUUGCAGACUUUU,0.2329862813038706,0.2329862813038706,3,535,298
GCUUGAUGACUUGU,0.2322349637758701,0.2322349637758701,3,535,298
GCUUGAAGACUUCC,0.2280638450420479,0.2280638450420479,3,535,298
UGUUGGAAAAAUUU,0.22632803711900756,0.22632803711900756,3,535,298
GCUUGAAAACUUCC,0.22277871692256854,0.22277871692256854,3,535,298
GCUUGAAGACUUCU,0.22099110696000857,0.22099110696000857,3,535,298
GCUUGCAAACUUUU,0.21775265718645176,0.21775265718645176,3,535,298
GCUUGAAGACUUGU,0.21770084884656246,0.21770084884656246,3,535,298
GGUUGAAGACUUUU,0.21207891203208318,0.21207891203208318,3,535,298
GCUUGACGACUUUU,0.208736845084602,0.208736845084602,3,535,298
CCUUGAUGACUUUU,0.20588702122846192,0.20588702122846192,3,535,298
CCUUGAAGACUUGU,0.20588702122846192,0.20588702122846192,3,535,298
GCUUGAAGACUUUG,0.20350352555208484,0.20350352555208484,3,535,298
UGUUGAAGCCUUUU,0.1981665762449039,0.1981665762449039,3,535,298
UCUUGCAAACUUUU,0.18560143764624543,0.18560143764624543,3,535,298
UAUCGGAAAAAUUG,0.18321794827023802,0.18321794827023802,3,535,298
UAUUGAAACAUUCG,0.18321794827023802,0.18321794827023802,3,535,298
UAUCGGAAAAUUUG,0.18321794827023802,0.18321794827023802,3,535,298
GCUUGAACACUUUG,0.1827775137658591,0.1827775137658591,3,535,298
GCUUGAUGACUUUU,0.169849664161362,0.169849664161362,3,535,298
GCUUGAAGACUUUC,0.16461634462884484,0.16461634462884484,3,535,298
GCUUGAAGACUUAU,0.16319143282431123,0.16319143282431123,3,535,298
GCUUGAAGACUUAG,0.16319143282431123,0.16319143282431123,3,535,298
UCUUGAAGACUUCU,0.1611447416305764,0.1611447416305764,3,535,298
GCUUGAAGACUUUU,0.15912395041259536,0.15912395041259536,3,535,298
UAUUGAAACAUUUC,0.1589685120509694,0.1589685120509694,3,535,298
UAUUGGAAUAAUUG,0.1589685120509694,0.1589685120509694,3,535,298
GCUUGAAAACUUUC,0.1566886461492561,0.1566886461492561,3,535,298
UAUUGGAAAAUUCG,0.1564295714655238,0.1564295714655238,3,535,298
UAUUGGAAAAUUCU,0.15627413310389787,0.15627413310389787,3,535,298
GCUUGAAAACUUAU,0.15394245231485265,0.15394245231485265,3,535,298
GCUUGAAAACUUUU,0.15119625193300662,0.15119625193300662,3,535,298
UCUUGAAAACUUGU,0.14575567915153162,0.14575567915153162,3,535,298
UCUUGAACACUUCU,0.14306130020446006,0.14306130020446006,3,535,298
UAUCGCAGUAAUUG,0.14306130020446006,0.14306130020446006,3,535,298
UAUAGGAAUAAUUG,0.14280222552072774,0.14280222552072774,3,535,298
UAUUGAAGACUUCU,0.14192136514742457,0.14192136514742457,3,535,298
UCUUGAAACCUUUU,0.14168819673981575,0.14168819673981575,3,535,298
UAUUGAAAACUUCG,0.13868292822168002,0.13868292822168002,3,535,298
UCUUGAAGACUUUU,0.13868292822168002,0.13868292822168002,3,535,298
UCUUGAAGACUUUC,0.13868292822168002,0.13868292822168002,3,535,298
UGUUGAAAACUUCC,0.13720619498237197,0.13720619498237197,3,535,298
UGUCGAAAAAUUUC,0.1347190758317008,0.1347190758317008,3,535,298
UGUCGAAUAAUUUG,0.1347190758317008,0.1347190758317008,3,535,298
UGUCGAAAAAUUUG,0.1347190758317008,0.1347190758317008,3,535,298
UAUCGAAACAUUUG,0.13440818626063664,0.13440818626063664,3,535,298
UAUUGAAAUAUUCG,0.13202469688462926,0.13202469688462926,3,535,298
UAUUGGAAAAUUUG,0.12933031793755767,0.12933031793755767,3,535,298
UAUUGGAAAAAUUG,0.12933031793755767,0.12933031793755767,3,535,298
UAUUGAAGACUUUG,0.12707636064705277,0.12707636064705277,3,535,298
UCUUGAACACUUUC,0.12689500082640615,0.12689500082640615,3,535,298
UAAUGCAACAAUUG,0.12192076567524868,0.12192076567524868,3,535,298
UGUUGAAGACUUUU,0.1217912262272037,0.1217912262272037,3,535,298
UCUUGAACACUUUU,0.12140261315759926,0.12140261315759926,3,535,298
UAUUGAAUAAUUCC,0.12124716824853074,0.12124716824853074,3,535,298
UAUUGAAAAAUUCC,0.12124716824853074,0.12124716824853074,3,535,298
UAAUGGAAAAAUUG,0.11860460418879104,0.11860460418879104,3,535,298
UGUUGAAACAUUUG,0.11855278930145917,0.11855278930145917,3,535,298
UAUUGAAACAUUUG,0.11855278930145917,0.11855278930145917,3,535,298
UGUUGAUAUAAUUG,0.11790509500067986,0.11790509500067986,3,535,298
UAUUGCAAUCAUUG,0.11611748188793505,0.11611748188793505,3,535,298
GUUUGAAAACUUUU,0.1158584103543876,0.1158584103543876,3,535,298
UAAUGCAGUAAUUG,0.1107287142961645,0.1107287142961645,3,535,298
UAUUGAAAACUUGU,0.10925199075448386,0.10925199075448386,3,535,298
UGUUGAACACUUUU,0.10761981903001341,0.10761981903001341,3,535,298
UCUUGAAAACUUCU,0.1064539786354908,0.1064539786354908,3,535,298
UGUUGAUAAAAUUG,0.10280101581657576,0.10280101581657576,3,535,298
UAUUGAAGACUUUU,0.10192016199071513,0.10192016199071513,3,535,298
UUUUGAAGACUUUU,0.10192016199071513,0.10192016199071513,3,535,298
UAAUGCAAUAAUUG,0.10147973378670593,0.10147973378670593,3,535,298
UAUUGCAGUAAUUG,0.09837083222018514,0.09837083222018514,3,535,298
UAUUGAAAACUUCU,0.09826720232198494,0.09826720232198494,3,535,298
UAUUGCAAACUUUU,0.0973086216003263,0.0973086216003263,3,535,298
UCUUGAAAACUUUC,0.0968422903939149,0.0968422903939149,3,535,298
UCUUGAAAAAUUUG,0.0968422903939149,0.0968422903939149,3,535,298
UCUUGAUAACUUUU,0.0968422903939149,0.0968422903939149,3,535,298
UCUUGAAAACUUUU,0.0968422903939149,0.0968422903939149,3,535,298
UCUUGAAAACUUUG,0.0968422903939149,0.0968422903939149,3,535,298
GCUUGCGGACGUUU,0.43928782212513334,0.43928782212513334,4,759,397
GGUUGCGGACGUUU,0.4365934303302495,0.4365934303302495,4,759,397
GCUUACGGCCGUUU,0.3990016162782284,0.3990016162782284,4,759,397
GUUUGCGGACGUUU,0.3933797117068162,0.3933797117068162,4,759,397
GCUUGCGAACGUUU,0.3417978407041604,0.3417978407041604,4,759,397
GCUUUCGAACGUUU,0.3359945506164771,0.3359945506164771,4,759,397
GAUUGCGAGCGUUU,0.323325781996082,0.323325781996082,4,759,397
GGUUACGGACGUUU,0.31519083026753536,0.31519083026753536,4,759,397
GAUUACGGCCGUUU,0.31032020864597165,0.31032020864597165,4,759,397
GUUUGCGAACGUUU,0.30223707205182987,0.30223707205182987,4,759,397
GCUUGAGGACGUUU,0.3005530661683091,0.3005530661683091,4,759,397
GGUUGCGAACGUUU,0.2994908651225413,0.2994908651225413,4,759,397
GGUUUCGAACGUUU,0.293687575034858,0.293687575034858,4,759,397
GUUUACGGACGUUU,0.29099320893559866,0.29099320893559866,4,759,397
GAUUACGGACGUUU,0.2882988171407148,0.2882988171407148,4,759,397
GUUUUCGAACGUUU,0.2699563010308662,0.2699563010308662,4,759,397
GCUUGAGAACGUUU,0.2631426250318198,0.2631426250318198,4,759,397
GGUUAACAACGUUU,0.2629353649883465,0.2629353649883465,4,759,397
GCUUACGAACGUUU,0.2606554927862635,0.2606554927862635,4,759,397
UAUUAAUAGGAUGG,0.25327185228534776,0.25327185228534776,4,759,397
GAUUGCGAACGUUU,0.2528055306530273,0.2528055306530273,4,759,397
GAUUACGACCGUUU,0.23770145146892319,0.23770145146892319,4,759,397
UAUAAUUAGGGUUG,0.23308991107853438,0.23308991107853438,4,759,397
GAUUAAGGACGUUU,0.2317168207087752,0.2317168207087752,4,759,397
GGUUAAUAUCGUUU,0.22140562655280938,0.22140562655280938,4,759,397
GGUUAAGAUCGUUU,0.22140562655280938,0.22140562655280938,4,759,397
GUUUGAGAACGUUU,0.2064051642955568,0.2064051642955568,4,759,397
GAUUACCAACGUUU,0.20238950986605797,0.20238950986605797,4,759,397
GAUUAGGAACGUUU,0.19928059847837332,0.19928059847837332,4,759,397
GGUUAAUAACGUUU,0.1971043754462089,0.1971043754462089,4,759,397
GCUUAAUAACGUUU,0.1967934793277022,0.1967934793277022,4,759,397
GUUUACGAACGUUU,0.1946172432006526,0.1946172432006526,4,759,397
GGUUAAGAACGUUU,0.19446181138646923,0.19446181138646923,4,759,397
GAUUAAGAAUGGUC,0.19399546405852428,0.19399546405852428,4,759,397
GAUUAAUAACGUGU,0.19210421777385797,0.19210421777385797,4,759,397
GAUUAAGACCGUUU,0.1912492702241208,0.1912492702241208,4,759,397
UAUUAAUACGGUUG,0.18860670616438113,0.18860670616438113,4,759,397
GCUUAAGAACGUUU,0.18637866169744227,0.18637866169744227,4,759,397
GAUUGAGAACGUUU,0.1852387266404068,0.1852387266404068,4,759,397
GAUUACGAACGUUU,0.1838138211362429,0.1838138211362429,4,759,397
GUUUAACAUCGUUU,0.18358064642826438,0.18358064642826438,4,759,397
UAUUAAUAAGAGCG,0.18321794827023802,0.18321794827023802,4,759,397
GAUUAAGAGCGUUU,0.18321794827023802,0.18321794827023802,4,759,397
GAUUAAUAACGGUU,0.1739171400256353,0.1739171400256353,4,759,397
GAUUAAUAACGUCU,0.17244041963413947,0.17244041963413947,4,759,397
GAUUAAGAACGUCU,0.17244041963413947,0.17244041963413947,4,759,397
GAUUAAUAACGGUG,0.16593762665871467,0.16593762665871467,4,759,397
UAUAAAUAGGAUCG,0.1608856669468441,0.1608856669468441,4,759,397
GAUUAAGAAUGUUG,0.15627413310389787,0.15627413310389787,4,759,397
GAUUAAGAAUGGUU,0.15627413310389787,0.15627413310389787,4,759,397
GAUUAAGAAUGUUU,0.15627413310389787,0.15627413310389787,4,759,397
UAUUAAUAAGAUGG,0.15357974130901403,0.15357974130901403,4,759,397
UAUUUACAAGAUGG,0.15357974130901403,0.15357974130901403,4,759,397
UAUUAACAAGAUGG,0.15357974130901403,0.15357974130901403,4,759,397
UAUUAAAAAGAUGG,0.15357974130901403,0.15357974130901403,4,759,397
UAUAAAUAAGAUGG,0.15357974130901403,0.15357974130901403,4,759,397
GAUAAAUAAGAUGG,0.15357974130901403,0.15357974130901403,4,759,397
GAUUAACAACGUUU,0.15337248806005618,0.15337248806005618,4,759,397
GAUUGAUAACGUUU,0.14640336690486835,0.14640336690486835,4,759,397
UAUUGAUAAGGUUG,0.14300947876968562,0.14300947876968562,4,759,397
UAUAAAUAAGACCG,0.140859157801287,0.140859157801287,4,759,397
GAUUAAAAACGUUC,0.14010783372584396,0.14010783372584396,4,759,397
GAUUAAUAACGUUC,0.14010783372584396,0.14010783372584396,4,759,397
GAUUAACAAUGGUG,0.13863111333434813,0.13863111333434813,4,759,397
GUUUAAGAACGUUU,0.13487452074076933,0.13487452074076933,4,759,397
UAUAAAUAAGGUUG,0.13202469688462926,0.13202469688462926,4,759,397
UAUUAAAAAGGUUG,0.13202469688462926,0.13202469688462926,4,759,397
UAUUAAUAAGGUUG,0.13202469688462926,0.13202469688462926,4,759,397
GAUUAAUAAGGUUG,0.13202469688462926,0.13202469688462926,4,759,397
GAUUAAAAAGGUUG,0.13202469688462926,0.13202469688462926,4,759,397
GUUUAAUAACGUUU,0.1308070383290535,0.1308070383290535,4,759,397
GAUUAACAUCGUUU,0.1307034148547594,0.1307034148547594,4,759,397
UAUUAAUAGGAUUG,0.13049614875798932,0.13049614875798932,4,759,397
UAUAAUUAGGAUUG,0.13049614875798932,0.13049614875798932,4,759,397
UAUAAAUAGGAUUG,0.13049614875798932,0.13049614875798932,4,759,397
GAUUAAGAUCGUUU,0.12806084449465002,0.12806084449465002,4,759,397
GAUUAAUAUCGUUU,0.12806084449465002,0.12806084449465002,4,759,397
GAUUAAUGACGUUU,0.12663592614267388,0.12663592614267388,4,759,397
UAUAGAAAAGAGUG,0.1239415471956023,0.1239415471956023,4,759,397
UAUUGAAAAGAGUG,0.1239415471956023,0.1239415471956023,4,759,397
GGUUAAAAAUAUUG,0.1239415471956023,0.1239415471956023,4,759,397
UAUUAAAAAGAGUG,0.1239415471956023,0.1239415471956023,4,759,397
GGUUAAUAAUAUUG,0.1239415471956023,0.1239415471956023,4,759,397
UAUUAAUAAGAGUG,0.1239415471956023,0.1239415471956023,4,759,397
UAUAAAAAAGAGUG,0.1239415471956023,0.1239415471956023,4,759,397
GAUUAAUAAUGGUU,0.12150624293226302,0.12150624293226302,4,759,397
GAUUAGUAACGUUU,0.12119535336119885,0.12119535336119885,4,759,397
GAUUUAUAACGUUU,0.1208326519294512,0.1208326519294512,4,759,397
GAUUAAUAAUGGUG,0.1201331460150613,0.1201331460150613,4,759,397
GAUUAAGAACGUUU,0.11951136359921166,0.11951136359921166,4,759,397
GAUUAAUAACGUUU,0.11158366511962294,0.11158366511962294,4,759,397
GAUUAAAAACGUUU,0.11158366511962294,0.11158366511962294,4,759,397
GAUUAAAAACGUUG,0.11158366511962294,0.11158366511962294,4,759,397
GAUUAAUAACGUUG,0.11158366511962294,0.11158366511962294,4,759,397
GAUUAAUAAUGUUC,0.10971832183735884,0.10971832183735884,4,759,397
GAUUAAAAAUGUUC,0.10971832183735884,0.10971832183735884,4,759,397
GAUUAAAAAUGUCG,0.1023864963473114,0.1023864963473114,4,759,397
GAUAAAUACGAUCG,0.10096158441924136,0.10096158441924136,4,759,397
GAUUUAUAAUGUUU,0.09974392913738686,0.09974392913738686,4,759,397
GCUUGCGGACGUGU,0.4681228901235824,0.4681228901235824,5,998,496
GCUUGCGGACGUCU,0.4488995201878731,0.4488995201878731,5,998,496
GCUUGCGGACGUUU,0.43928782212513334,0.43928782212513334,5,998,496
GCUUGCGGACGUAU,0.43928782212513334,0.43928782212513334,5,998,496
GGUUGCGGACGUAU,0.4365934303302495,0.4365934303302495,5,998,496
GUUUGCGGACGUAG,0.3933797117068162,0.3933797117068162,5,998,496
GAUUGCGGACGUAU,0.3933797117068162,0.3933797117068162,5,998,496
GUUUGCGGACGUUG,0.3933797117068162,0.3933797117068162,5,998,496
AUUUGCGGACGUAU,0.3933797117068162,0.3933797117068162,5,998,496
GUUUGCGGACGUAU,0.3933797117068162,0.3933797117068162,5,998,496
GUUUGCGGACGUUU,0.3933797117068162,0.3933797117068162,5,998,496
UUUUGCGGACGUAU,0.3933797117068162,0.3933797117068162,5,998,496
GUUUGCGGACGCAU,0.3921620531512404,0.3921620531512404,5,998,496
AUGUGAGGGCGUAU,0.3502695971624221,0.3502695971624221,5,998,496
GUGUGAGGACGUAU,0.3475752053675383,0.3475752053675383,5,998,496
AUUUGUGGACGUAU,0.3421864474733952,0.3421864474733952,5,998,496
AUGUGAGGACGUAU,0.3421864474733952,0.3421864474733952,5,998,496
GUUUGUGGACGUAU,0.3421864474733952,0.3421864474733952,5,998,496
AUGUGAGGACGUCU,0.3421864474733952,0.3421864474733952,5,998,496
GAGUUAGGAUGUAU,0.3341032977843682,0.3341032977843682,5,998,496
GUGUUAGGACGUAU,0.323325781996082,0.323325781996082,5,998,496
GUUUGCGGUCGUAU,0.32052777302727375,0.32052777302727375,5,998,496
AUGUUUGGACGUAU,0.2882988171407148,0.2882988171407148,5,998,496
GGUUGAGGACGUAU,0.2857598828556389,0.2857598828556389,5,998,496
CUUUGAGGACGUAU,0.2814333260072637,0.2814333260072637,5,998,496
GUUUGAGGACGUGU,0.2793607264493933,0.2793607264493933,5,998,496
GUUUGUGGUCGUAU,0.27868713217286023,0.27868713217286023,5,998,496
AUUUGAGGGCGUAU,0.2775731033919482,0.2775731033919482,5,998,496
GUUUGAGGACGUCU,0.27651090234618037,0.27651090234618037,5,998,496
GUUUUUGGACGUAU,0.2753968866601535,0.2753968866601535,5,998,496
AUUUUAGGGCGUAU,0.27493053933220857,0.27493053933220857,5,998,496
GUGUUAGGAUGUAU,0.27482690955754474,0.27482690955754474,5,998,496
GUUUGAGGACGUUU,0.27309110163450445,0.27309110163450445,5,998,496
GUUUUUGGACGUUU,0.27265069282575005,0.27265069282575005,5,998,496
AUUUUCGGACGUAU,0.27213254345828547,0.27213254345828547,5,998,496
GAUUUUGGACGUAU,0.2688163725212733,0.2688163725212733,5,998,496
GAUUGAGGACGUCU,0.2596191940513343,0.2596191940513343,5,998,496
GAUUGAGGACGUAU,0.2596191940513343,0.2596191940513343,5,998,496
GAUUGAGGACGUAG,0.2596191940513343,0.2596191940513343,5,998,496
GUUUGAGGACGUUG,0.2596191940513343,0.2596191940513343,5,998,496
AUGUUAGGACGUUU,0.25866063587511534,0.25866063587511534,5,998,496
AUGUUAGGACGUAU,0.25866063587511534,0.25866063587511534,5,998,496
AUGUUAGGACGUCU,0.25866063587511534,0.25866063587511534,5,998,496
GUUUUCGGAUGUAU,0.2575984222286081,0.2575984222286081,5,998,496
GUUUUCGGAUGUUU,0.25485221529931956,0.25485221529931956,5,998,496
AUUUGAGGACGAAU,0.25327185228534776,0.25327185228534776,5,998,496
GUUUGAGGACGAAU,0.25327185228534776,0.25327185228534776,5,998,496
GUUUGAGGACGAAG,0.25327185228534776,0.25327185228534776,5,998,496
AUUUGAGGACGUCU,0.24772764948213608,0.24772764948213608,5,998,496
GUUUGAGGUCGUAU,0.24619911420330837,0.24619911420330837,5,998,496
UUUUGAGGACGUAU,0.24508508542239638,0.24508508542239638,5,998,496
AUUUGAGGACGUAU,0.24508508542239638,0.24508508542239638,5,998,496
UUUUGAGGACGUAG,0.24508508542239638,0.24508508542239638,5,998,496
GUUUGAGGACGUAG,0.24508508542239638,0.24508508542239638,5,998,496
GUUUGAGGACGUAU,0.24508508542239638,0.24508508542239638,5,998,496
AAUUGAGGACGUAU,0.24508508542239638,0.24508508542239638,5,998,496
GUUUUAGGACGUCU,0.244929653608213,0.244929653608213,5,998,496
AUUUUAGGACGUCU,0.24360836527797347,0.24360836527797347,5,998,496
AUGUUUGGAUGUAU,0.23979994470217764,0.23979994470217764,5,998,496
AUUUUUGGACGUAU,0.23710557860291834,0.23710557860291834,5,998,496
CUUUUAGGACGUAU,0.23441118680803452,0.23441118680803452,5,998,496
GUUUUAGGACGUUU,0.2317168207087752,0.2317168207087752,5,998,496
GUUUUAGGACGUAU,0.2317168207087752,0.2317168207087752,5,998,496
GAUUUAGGACGUAU,0.2317168207087752,0.2317168207087752,5,998,496
AUUUUAGGACGUAU,0.2317168207087752,0.2317168207087752,5,998,496
AUUUUAGGACGUUU,0.2317168207087752,0.2317168207087752,5,998,496
UUUUUAGGACGUAU,0.2317168207087752,0.2317168207087752,5,998,496
AUUUGAGGUCGUAU,0.23166499297363108,0.23166499297363108,5,998,496
AAUUUCGGAUGUAU,0.22770114058365185,0.22770114058365185,5,998,496
AUUUUCGGAUGUAU,0.2249549467492484,0.2249549467492484,5,998,496
AUGUUAGGAUGUAU,0.21016176343657816,0.21016176343657816,5,998,496
GUUUUUGGAUGUAU,0.207674644285907,0.207674644285907,5,998,496
AUGUUAGGACAUAU,0.20746737164169435,0.20746737164169435,5,998,496
GAUUGAGGAUGUAU,0.20736374816740027,0.20736374816740027,5,998,496
AACUGAGGAUAUAU,0.20298536988425056,0.20298536988425056,5,998,496
AAUUGAGGAUAUAU,0.2003428058245109,0.2003428058245109,5,998,496
GUUUGAGGAUAUAU,0.2003428058245109,0.2003428058245109,5,998,496
AUUUGAGGAUAUAU,0.2003428058245109,0.2003428058245109,5,998,496
GUUUUCGGAUAUAU,0.19922878359104146,0.19922878359104146,5,998,496
AUUUUCGGAUAUAU,0.196482589756638,0.196482589756638,5,998,496
AUUUGAGGAUGUAU,0.19130108511145272,0.19130108511145272,5,998,496
AUUUUUGGAUGUAU,0.18860670616438113,0.18860670616438113,5,998,496
AAUUUUGGAUGUAU,0.18860670616438113,0.18860670616438113,5,998,496
AUGUUUGGAUAUAU,0.18321794827023802,0.18321794827023802,5,998,496
GUUUUAGGAUGUAU,0.18321794827023802,0.18321794827023802,5,998,496
GUUUUAGGAUGUUU,0.18321794827023802,0.18321794827023802,5,998,496
AUUUUAGGAUGUAU,0.18321794827023802,0.18321794827023802,5,998,496
GAUUUAGGAUGUUU,0.18321794827023802,0.18321794827023802,5,998,496
AUUUUAGGAUGUUU,0.18321794827023802,0.18321794827023802,5,998,496
GAUUUAGGAUGUAU,0.18321794827023802,0.18321794827023802,5,998,496
AAUUUAGGAUGUAU,0.18321794827023802,0.18321794827023802,5,998,496
AAUUUAGGAUGUUU,0.18321794827023802,0.18321794827023802,5,998,496
GUCUUAGGAUAUAU,0.17254404310843358,0.17254404310843358,5,998,496
GUCUUAGGAGAUAU,0.1670516488921841,0.1670516488921841,5,998,496
GACUUAGGAGUUAU,0.1655749285006883,0.1655749285006883,5,998,496
AAAUUUGAAGGUAU,0.16435726994511254,0.16435726994511254,5,998,496
AAAUUAGAAGGUAU,0.16435726994511254,0.16435726994511254,5,998,496
CAAUUAGAAGGUAU,0.16435726994511254,0.16435726994511254,5,998,496
CCAUGAGAAGAAAU,0.16091157322296762,0.16091157322296762,5,998,496
GCUUGCGGACGUGU,0.4681228901235824,0.4681228901235824,6,1172,595
GGUUGCGGACGUGU,0.4365934303302495,0.4365934303302495,6,1172,595
UAUUGCGGAAGGGU,0.4149347432833887,0.4149347432833887,6,1172,595
GAUUGCGGAAGGGU,0.4149347432833887,0.4149347432833887,6,1172,595
GUUUGCGGACGUGU,0.4139761851071697,0.4139761851071697,6,1172,595
GAUUGCGGACGUGU,0.41187767272573333,0.41187767272573333,6,1172,595
UGUUGCGGACGUGU,0.39876846960095935,0.39876846960095935,6,1172,595
GAUUGUGGACGUGU,0.3633269851527914,0.3633269851527914,6,1172,595
UAUUGCGGAUGAGU,0.3583527468514491,0.3583527468514491,6,1172,595
UAUUGCGCAGGAGC,0.34889649369777787,0.34889649369777787,6,1172,595
GAUUGCGGAUGUGU,0.34488083926827895,0.34488083926827895,6,1172,595
UAUUGCGGAUGUGU,0.34488083926827895,0.34488083926827895,6,1172,595
UAUUGCGGAGGUGU,0.3435077358036347,0.3435077358036347,6,1172,595
GAUUGCGGAGGUGU,0.3435077358036347,0.3435077358036347,6,1172,595
UAUUGCGGAUGCGU,0.34076154196923125,0.34076154196923125,6,1172,595
GAUUGCGGAAGCGU,0.31462085316492666,0.31462085316492666,6,1172,595
UAUUGCGCAUGCGU,0.31032020864597165,0.31032020864597165,6,1172,595
GAUUGCGGAAGUGU,0.30715948261802806,0.30715948261802806,6,1172,595
UAUUGCGGAAGUGU,0.30446511651876873,0.30446511651876873,6,1172,595
UAUUGCGGAAGCGU,0.3040505969259679,0.3040505969259679,6,1172,595
UAUUGCGAAUGUGU,0.293687575034858,0.293687575034858,6,1172,595
UAUUGCGCAAGCGU,0.2922108674911744,0.2922108674911744,6,1172,595
UAUUGCGCAUGUGU,0.2840240880274837,0.2840240880274837,6,1172,595
UAUUGAGAAGGAAU,0.2694381516634016,0.2694381516634016,6,1172,595
UAUUGGUGAGAUAG,0.26135500197437467,0.26135500197437467,6,1172,595
UAUUGCGGAAGAGU,0.2585051783653075,0.2585051783653075,6,1172,595
UUUUGCGGAAAAAC,0.25057748618608844,0.25057748618608844,6,1172,595
UAUUGCGGAAGAAU,0.25057748618608844,0.25057748618608844,6,1172,595
UAUUGCGGAAGAAC,0.25057748618608844,0.25057748618608844,6,1172,595
UAUUGCGGAAAAAC,0.25057748618608844,0.25057748618608844,6,1172,595
UAUUGCGUAAGUGU,0.24889349339745284,0.24889349339745284,6,1172,595
UAUUGCGCAAGAGU,0.2409658012182338,0.2409658012182338,6,1172,595
UAUUGCGCAAGUGU,0.23964451288799427,0.23964451288799427,6,1172,595
UAUUGCGAAAGCGU,0.22068020454113213,0.22068020454113213,6,1172,595
UAUUGCGUAAGAGC,0.21518781687232524,0.21518781687232524,6,1172,595
UAUUGCGAAAGAGC,0.19521312261410004,0.19521312261410004,6,1172,595
UAUUGCGAAAGCAC,0.1922596689832962,0.1922596689832962,6,1172,595
UAUUGCGUAAGAGU,0.19099019554038854,0.19099019554038854,6,1172,595
UAUUGCGAAUGAGU,0.19093838695342635,0.19093838695342635,6,1172,595
UUUUGCUAAGGAAG,0.1844874088653334,0.1844874088653334,6,1172,595
UAUUGCGAAAGCAU,0.18433197050370745,0.18433197050370745,6,1172,595
UUUUGCGAAAGAAC,0.18036811811372822,0.18036811811372822,6,1172,595
UUUUGCGAAAAAAU,0.18036811811372822,0.18036811811372822,6,1172,595
UUUUGCGAAAGAAG,0.18036811811372822,0.18036811811372822,6,1172,595
UUUUGCGAAAAAAG,0.18036811811372822,0.18036811811372822,6,1172,595
UUUUGCGAAAAAAC,0.18036811811372822,0.18036811811372822,6,1172,595
UAUUGCGAAAGUGU,0.17909865097119027,0.17909865097119027,6,1172,595
UUUUGGUAAAAUAC,0.17244041963413947,0.17244041963413947,6,1172,595
UAUUGCGAAAGAGU,0.16826930744775986,0.16826930744775986,6,1172,595
UAUUGCUAAGGAAC,0.161662890998041,0.161662890998041,6,1172,595
UAUUGCGAAGAAAU,0.15357974130901403,0.15357974130901403,6,1172,595
UAUUGCGAAGAAAC,0.15357974130901403,0.15357974130901403,6,1172,595
UAUUGCGAAAGUAC,0.15210302091751823,0.15210302091751823,6,1172,595
UAUUGCUAACAAAC,0.14870913278233547,0.14870913278233547,6,1172,595
UAUUGCGAAAACAC,0.1481909834148709,0.1481909834148709,6,1172,595
UAUUGCGAAAAAAC,0.14549660446779933,0.14549660446779933,6,1172,595
UAUUGCGAAAAUAC,0.14549660446779933,0.14549660446779933,6,1172,595
UAUUGCGAAAGAAC,0.14549660446779933,0.14549660446779933,6,1172,595
UAUUGCGAAAGAAG,0.14549660446779933,0.14549660446779933,6,1172,595
UAUUGCGAAAAAAG,0.14549660446779933,0.14549660446779933,6,1172,595
UAUUGCGAAAGAAU,0.14549660446779933,0.14549660446779933,6,1172,595
UAUUGCGAAAAAAU,0.14549660446779933,0.14549660446779933,6,1172,595
UUUUGCUAAAAAAC,0.13762071457517278,0.13762071457517278,6,1172,595
UAAUGCUAAAUAAC,0.1338123133946318,0.1338123133946318,6,1172,595
UAUUGCUAAAAAGC,0.13223195668102966,0.13223195668102966,6,1172,595
UAUUGCUAAAAAAU,0.1241488069920027,0.1241488069920027,6,1172,595
UAUUGCUAAAACAC,0.1241488069920027,0.1241488069920027,6,1172,595
UAUUGCUAAAAAAG,0.1241488069920027,0.1241488069920027,6,1172,595
UAUUGCUAAAGAAC,0.1241488069920027,0.1241488069920027,6,1172,595
UAUUGCUAAAAAAC,0.1241488069920027,0.1241488069920027,6,1172,595
UAUUGGUAAAAUAC,0.11316401855950378,0.11316401855950378,6,1172,595
UAUUGGUAAAAAAC,0.11316401855950378,0.11316401855950378,6,1172,595
UAUUGAGAAAGAAC,0.11316401855950378,0.11316401855950378,6,1172,595
UAUUGGUAAAAAAU,0.11316401855950378,0.11316401855950378,6,1172,595
UAUUGGUAAAUAAC,0.11316401855950378,0.11316401855950378,6,1172,595
UAUUGGUAAAACAU,0.11316401855950378,0.11316401855950378,6,1172,595
UAUUGGUAAAACAC,0.11316401855950378,0.11316401855950378,6,1172,595
UAUUGGUAAAAAAG,0.11316401855950378,0.11316401855950378,6,1172,595
UAUUGAGAAGAAAC,0.10777526066536065,0.10777526066536065,6,1172,595
UGUUGAUAACAAAC,0.10280101581657576,0.10280101581657576,6,1172,595
UGUUGAUAAAAAAC,0.10280101581657576,0.10280101581657576,6,1172,595
UGUUGAUAAAUAAC,0.10280101581657576,0.10280101581657576,6,1172,595
AGUUGAUAAAAAAC,0.09979574729844004,0.09979574729844004,6,1172,595
UCUUGAUAAAAAAU,0.0968422903939149,0.0968422903939149,6,1172,595
UCUUGAUAAAUAAG,0.0968422903939149,0.0968422903939149,6,1172,595
UCUUGAUAAAUAAC,0.0968422903939149,0.0968422903939149,6,1172,595
UCUUGAUAAAAAAG,0.0968422903939149,0.0968422903939149,6,1172,595
UCUUGAUAAAAAAC,0.0968422903939149,0.0968422903939149,6,1172,595
UAUUGAUUAAAUCC,0.09658321571018261,0.09658321571018261,6,1172,595
UAUUGAUGAAAAAC,0.09160897413511901,0.09160897413511901,6,1172,595
UAUUGAUGAAAUAC,0.09160897413511901,0.09160897413511901,6,1172,595
UAUUGAUGAAAAAG,0.09160897413511901,0.09160897413511901,6,1172,595
AAUUGAUGAAAAAC,0.09160897413511901,0.09160897413511901,6,1172,595
UAUUGAGAAAAAAU,0.090235873944196,0.090235873944196,6,1172,595
UAUUGAGAAAAAAC,0.090235873944196,0.090235873944196,6,1172,595
UAUUGAUAAAAUCC,0.0860129468704845,0.0860129468704845,6,1172,595
UAUUGAUCAAAACC,0.08026147960736339,0.08026147960736339,6,1172,595
UAUUGAUACAAACC,0.07544268118097122,0.07544268118097122,6,1172,595
UAAUGAUAAAACAC,0.06694501844658603,0.06694501844658603,6,1172,595
GCUUCCGGACGCGU,0.5646801748006534,0.5646801748006534,7,1409,694
GCUCGCGGACGUGU,0.5126578970772553,0.5126578970772553,7,1409,694
CCUAGCGGACGUCU,0.4795998894043553,0.4795998894043553,7,1409,694
GCUUGCGGACGUGU,0.4681228901235824,0.4681228901235824,7,1409,694
GCUUGCGGACGUCU,0.4488995201878731,0.4488995201878731,7,1409,694
GCUAGCGGAGGUCU,0.4405572701194893,0.4405572701194893,7,1409,694
GCUAGCGGUGGUCU,0.43791471866048903,0.43791471866048903,7,1409,694
CCUAGCGGUCGUGG,0.4297797543312031,0.4297797543312031,7,1409,694
UCUAGCGGUGGUCG,0.4297279391967983,0.4297279391967983,7,1409,694
UCUGGCGGUCGUCU,0.42200749396616744,0.42200749396616744,7,1409,694
GCUAGCGGACGUCG,0.41488294124386904,0.41488294124386904,7,1409,694
UCUAGCGGAUGUGG,0.41361346755388856,0.41361346755388856,7,1409,694
GCUAGCGGACGUGU,0.4122403771841294,0.4122403771841294,7,1409,694
GCUAGCGGACGUCU,0.4122403771841294,0.4122403771841294,7,1409,694
UCUUGCGGACGUCU,0.4095459853892456,0.4095459853892456,7,1409,694
GCUUGCGGUCGUCU,0.4089501190706833,0.4089501190706833,7,1409,694
UCUAGCGGACGUGU,0.40415722749510247,0.40415722749510247,7,1409,694
UCUAGCGGACGUCU,0.40415722749510247,0.40415722749510247,7,1409,694
UCUAGCGGACGUCG,0.40415722749510247,0.40415722749510247,7,1409,694
CCUAGCGGUCGUCU,0.38768005139379663,0.38768005139379663,7,1409,694
CCUAGCGGUCGUCG,0.38371619900381737,0.38371619900381737,7,1409,694
UCUGUCGGUCGUGU,0.3799078041236461,0.3799078041236461,7,1409,694
UCUGACGGUGGUGG,0.3738972539924895,0.3738972539924895,7,1409,694
GCUAACGGUGGUGU,0.37141013484181834,0.37141013484181834,7,1409,694
UCUACCGGUCGUCG,0.367057663081865,0.367057663081865,7,1409,694
UCUAGCGGUGGUGG,0.36648769857999564,0.36648769857999564,7,1409,694
UCUGUCGGUGGUGU,0.3650627930758317,0.3650627930758317,7,1409,694
UCUUGCGGUCGUGG,0.3636896896111874,0.3636896896111874,7,1409,694
UCUAGGGGUGGUGG,0.3605289635832438,0.3605289635832438,7,1409,694
UCUAGCGGUCGUGU,0.35565835505656523,0.35565835505656523,7,1409,694
UCUAGCGGUCGUGG,0.3543370793270651,0.3543370793270651,7,1409,694
UCUAGUGGACGUGU,0.35296398895730596,0.35296398895730596,7,1409,694
UCUGUCGGUCGUCG,0.352497641629361,0.352497641629361,7,1409,694
UCUUGCGGUCGUCU,0.3478342800512706,0.3478342800512706,7,1409,694
GCUAGCGGUCGUGU,0.3475752053675383,0.3475752053675383,7,1409,694
UCUAACGGACGUGG,0.34625392963803814,0.34625392963803814,7,1409,694
GCUAACGGUCGUGU,0.3417978407041604,0.3417978407041604,7,1409,694
UCUAACGGUGGUCU,0.34117606156203206,0.34117606156203206,7,1409,694
UCUAUGGGUUGUGG,0.3407874547927973,0.3407874547927973,7,1409,694
GCUAGCGGUCGUCU,0.3395438834136555,0.3395438834136555,7,1409,694
UCUGACGGACGUGU,0.3394920813741359,0.3394920813741359,7,1409,694
UCUUUCGGUCGUCG,0.33513959651929737,0.33513959651929737,7,1409,694
GCUAGCGGUCGUCG,0.3341032977843682,0.3341032977843682,7,1409,694
UCUAUGGGAUGUGG,0.3341032977843682,0.3341032977843682,7,1409,694
UCUAACGGUGGUCG,0.33177163614350497,0.33177163614350497,7,1409,694
UCUAGCGGUCGUCU,0.3300876433548694,0.3300876433548694,7,1409,694
ACUAGCGGUCGUCU,0.3260719758304854,0.3260719758304854,7,1409,694
GCUAACGGUCGUCU,0.32485431727490965,0.32485431727490965,7,1409,694
UCUAGCGGUCGUCG,0.32063139020119813,0.32063139020119813,7,1409,694
UCUUACGGUCGUGG,0.3182997285603349,0.3182997285603349,7,1409,694
UCUAAGGGACGUGG,0.3166157357716993,0.3166157357716993,7,1409,694
UCUCACGGUUGUGG,0.3117969292845404,0.3117969292845404,7,1409,694
UCUUACGGACGUGU,0.3114342374268837,0.3114342374268837,7,1409,694
UCAAGCGGUUCUGG,0.3081180664898715,0.3081180664898715,7,1409,694
UCUAACGGAGGUGG,0.30389513941616003,0.30389513941616003,7,1409,694
UCUAUCGGUCGUGG,0.3017707247238849,0.3017707247238849,7,1409,694
UCUAGCGGUUGUGU,0.3017707247238849,0.3017707247238849,7,1409,694
UCUAAGGGUGGUGU,0.3017189226843653,0.3017189226843653,7,1409,694
UCUCAAGGUGGUGG,0.3015116500401526,0.3015116500401526,7,1409,694
UCUAACGGUGGUGG,0.3013044030915645,0.3013044030915645,7,1409,694
UCUAACGGUCGUCU,0.30107121553577376,0.30107121553577376,7,1409,694
GCUAACGGUUGUCG,0.30044944899438475,0.30044944899438475,7,1409,694
UCUAUCGGUCGUCU,0.2996981251660146,0.2996981251660146,7,1409,694
UCUAACGGAUGUGG,0.2977550702943861,0.2977550702943861,7,1409,694
UCUAACGGUCGUCG,0.2942575521374667,0.2942575521374667,7,1409,694
UCUUACGGUCGUGU,0.29384303254466587,0.29384303254466587,7,1409,694
UCUAAGGGUUGUGG,0.2926253739890901,0.2926253739890901,7,1409,694
UCUAUCGGAUGUGG,0.2882988171407148,0.2882988171407148,7,1409,694
UCUAACGGUUGUCG,0.2867184667274824,0.2867184667274824,7,1409,694
UCUAACGGUCGUGU,0.2856044510414555,0.2856044510414555,7,1409,694
UCUAUCGGUGGUGG,0.28544899353164765,0.28544899353164765,7,1409,694
UCUCGAGGCUAUGG,0.28518991884791534,0.28518991884791534,7,1409,694
UCUAUCGGUCGUGU,0.2829100592465717,0.2829100592465717,7,1409,694
UCUAACGGUCGUGG,0.28259916942843466,0.28259916942843466,7,1409,694
UCUAACGGUGGUGU,0.2824955396537709,0.2824955396537709,7,1409,694
UCACUUGGUUGUGG,0.28068201477963284,0.28068201477963284,7,1409,694
UCUAGCGGUUGUGG,0.2775213013524286,0.2775213013524286,7,1409,694
UCUUACGGUUGUGG,0.2710185146773735,0.2710185146773735,7,1409,694
UCUGACGGUUGUGU,0.26537066949875865,0.26537066949875865,7,1409,694
UCUAACGGUUGUGU,0.2640493937692585,0.2640493937692585,7,1409,694
UUUAAAGGUUCUGG,0.26130319993485507,0.26130319993485507,7,1409,694
UCUAAAGGUUCUGG,0.26130319993485507,0.26130319993485507,7,1409,694
UCUAUCGGUUGUGG,0.2532200502458281,0.2532200502458281,7,1409,694
UCAAACGGUUGUGG,0.24767584744261645,0.24767584744261645,7,1409,694
UCUAACGGUUGUGG,0.24767584744261645,0.24767584744261645,7,1409,694
UCUAUUGGAUGUGG,0.24656181866170446,0.24656181866170446,7,1409,694
UCAAUCGGUUGUGG,0.24635455911237691,0.24635455911237691,7,1409,694
UCUAAUGGAUGUGG,0.24386743996170576,0.24386743996170576,7,1409,694
UCAAAAGGAUGUGG,0.24117304816682195,0.24117304816682195,7,1409,694
UCUCGAGGUUAUGG,0.2407585285740211,0.2407585285740211,7,1409,694
UUUAAAGUUUGUGU,0.23979994470217764,0.23979994470217764,7,1409,694
UCUCUAGGUUGUGG,0.22891879913922764,0.22891879913922764,7,1409,694
UCUAUUGGUUGUGG,0.22505857652391217,0.22505857652391217,7,1409,694
UCUCAAGGUUGUGG,0.22409999895243837,0.22409999895243837,7,1409,694
UGUAAAGUUGGUGG,0.21855578984885704,0.21855578984885704,7,1409,694
UCAAAUGGUUGUGG,0.21601684926341144,0.21601684926341144,7,1409,694
UCUAAGGGUUAUGG,0.21586141744922804,0.21586141744922804,7,1409,694
UCGAAAGGUUGUGG,0.21560234276549575,0.21560234276549575,7,1409,694
UUUAAAGUUUGUGG,0.2155505213307213,0.2155505213307213,7,1409,694
GCUUCCGGACGGGU,0.5805096589362648,0.5805096589362648,8,1652,793
GCUUCCGGACGCGU,0.5646801748006534,0.5646801748006534,8,1652,793
GCUUCCGGACGUGU,0.5134869362628569,0.5134869362628569,8,1652,793
GCUUCCGGACGGAU,0.5129947018069703,0.5129947018069703,8,1652,793
GCUACCGGACGGGU,0.5119324881604631,0.5119324881604631,8,1652,793
GCUACCGGACGCGU,0.5035643745717503,0.5035643745717503,8,1652,793
GCUUCCGUACGGAU,0.49330499763820124,0.49330499763820124,8,1652,793
GCUUCCGGACGCAU,0.49035154167231254,0.49035154167231254,8,1652,793
GCUACCGUACGCGU,0.46045426002735623,0.46045426002735623,8,1652,793
GCUUCCGGACGUAU,0.4562313329536447,0.4562313329536447,8,1652,793
GCUACCGUACGGAU,0.4510239222794088,0.4510239222794088,8,1652,793
GCUACCGGACGCAU,0.4464123879423168,0.4464123879423168,8,1652,793
GCUACCGGACGGAU,0.4391323777102105,0.4391323777102105,8,1652,793
GCUACCGUAGGGAU,0.4052194411416097,0.4052194411416097,8,1652,793
GCUACCGUGCAUAU,0.40252504934672584,0.40252504934672584,8,1652,793
GCUACCGGACGUAA,0.39643678226447154,0.39643678226447154,8,1652,793
GCUACCGGACGUAU,0.39643678226447154,0.39643678226447154,8,1652,793
GCUACCGUACGCAU,0.37423404353930745,0.37423404353930745,8,1652,793
GCUUCCGUACAUAU,0.3651146082102365,0.3651146082102365,8,1652,793
GCUACCGUACGUAU,0.3401138479155248,0.3401138479155248,8,1652,793
GCUACCGUACGUAA,0.3401138479155248,0.3401138479155248,8,1652,793
GCUGCCGUACAUAA,0.33837805259322384,0.33837805259322384,8,1652,793
GCUACCGGACAUAU,0.3377044457159514,0.3377044457159514,8,1652,793
GCUACCGGACAGAU,0.3377044457159514,0.3377044457159514,8,1652,793
GAUACCGUGCAUAU,0.323325781996082,0.323325781996082,8,1652,793
GAUACCGUGCAUAA,0.323325781996082,0.323325781996082,8,1652,793
GAUACCGGACGUAU,0.3201650685688777,0.3201650685688777,8,1652,793
GCUACCGUAGGUAU,0.3152944600421992,0.3152944600421992,8,1652,793
GAUACCAUACGUGC,0.2892055858781536,0.2892055858781536,8,1652,793
GCUACCGUACAUGU,0.28754750591308403,0.28754750591308403,8,1652,793
GAUACCGUUCAUAU,0.28513810371351056,0.28513810371351056,8,1652,793
GCUACCGUAGAUAU,0.2788943917221878,0.2788943917221878,8,1652,793
GCUACCGUACAGAA,0.2775731033919482,0.2775731033919482,8,1652,793
GAUACCGGACAUAU,0.2766404475265679,0.2766404475265679,8,1652,793
GCUAUCGUACGUAU,0.2727543099996744,0.2727543099996744,8,1652,793
GCUACCGUACUUAA,0.2710703298117782,0.2710703298117782,8,1652,793
GCUACCGUACAUAU,0.26832412288248964,0.26832412288248964,8,1652,793
GCUACCGUACAUCU,0.26832412288248964,0.26832412288248964,8,1652,793
AGAAAUAUGGACCA,0.2653188543643539,0.2653188543643539,8,1652,793
GCUAGCUUACAUAU,0.26158816804689855,0.26158816804689855,8,1652,793
GCUACCCUACAUAU,0.25866063587511534,0.25866063587511534,8,1652,793
GAUACCAUGCAUAC,0.2533495865436882,0.2533495865436882,8,1652,793
GCUAGCGUACAUAU,0.24803853930027314,0.24803853930027314,8,1652,793
GAUACCGUACAUGU,0.24376379709215684,0.24376379709215684,8,1652,793
GAUACCAUGCAUCU,0.24373788848094846,0.24373788848094846,8,1652,793
GCUGCCAUACAUAC,0.23868592901615077,0.23868592901615077,8,1652,793
GAUACCAUGCAUGU,0.23824550081214158,0.23824550081214158,8,1652,793
GAUAACAUACGUCC,0.21824491312560512,0.21824491312560512,8,1652,793
GAUACCGUACAUGA,0.218193085390461,0.218193085390461,8,1652,793
AGAAAUAUGGAUCG,0.21575777457967915,0.21575777457967915,8,1652,793
GAUACCGUACUUAU,0.21417742441351958,0.21417742441351958,8,1652,793
AGGAAUAUUCAUCA,0.21285614238364975,0.21285614238364975,8,1652,793
GAUAGCAUACAUGA,0.20612018100061613,0.20612018100061613,8,1652,793
AAAAGCAUACGUCA,0.20280401636397366,0.20280401636397366,8,1652,793
GAUAGCAUACAUGU,0.19925468986716494,0.19925468986716494,8,1652,793
GAUAGCGUACAUAC,0.19689710910236594,0.19689710910236594,8,1652,793
AAAAAUAUGGAUCA,0.19663803441863364,0.19663803441863364,8,1652,793
AGAAAUAUGGAUCA,0.19663803441863364,0.19663803441863364,8,1652,793
GCUAGCAUACAUAC,0.19609397643996068,0.19609397643996068,8,1652,793
GCUAGCAUACAUAU,0.19609397643996068,0.19609397643996068,8,1652,793
GAUAGCAUACAUCC,0.19262236714132255,0.19262236714132255,8,1652,793
GAUACCGUACAUAA,0.19093838695342635,0.19093838695342635,8,1652,793
GAUACCGUACAUAU,0.19093838695342635,0.19093838695342635,8,1652,793
GCUACCAUACAUCC,0.18886578084811345,0.18886578084811345,8,1652,793
GAUACCGUACAUCA,0.1868190896543786,0.1868190896543786,8,1652,793
GAUACCAUACAUGC,0.18627502537533594,0.18627502537533594,8,1652,793
AAUAACAUUCGUCA,0.1858605123299777,0.1858605123299777,8,1652,793
GAUACCAUACUUAC,0.18324384169854926,0.18324384169854926,8,1652,793
GAUACCCUACAUCA,0.1830624970607998,0.1830624970607998,8,1652,793
GAUACCCUACAUAU,0.1830624970607998,0.1830624970607998,8,1652,793
GCUAACAUACGUAC,0.1809380823685247,0.1809380823685247,8,1652,793
AAUAAUACACAUCC,0.1805235564753542,0.1805235564753542,8,1652,793
AAAAAUACACAUCC,0.1805235564753542,0.1805235564753542,8,1652,793
GAUAACACACAUCC,0.1805235564753542,0.1805235564753542,8,1652,793
GAUAACACACAUGA,0.17860640812692205,0.17860640812692205,8,1652,793
AAUAGGAUACAUCA,0.17782917752828262,0.17782917752828262,8,1652,793
AAUAACAUUCAUCA,0.17782917752828262,0.17782917752828262,8,1652,793
AAUAACAUUCACCA,0.17782917752828262,0.17782917752828262,8,1652,793
GAUAGGAUACAUCA,0.17782917752828262,0.17782917752828262,8,1652,793
AAUAACAUGCAUCA,0.17759600912067383,0.17759600912067383,8,1652,793
GAUAACGUACAUAC,0.17244041963413947,0.17244041963413947,8,1652,793
GAUACCAUACAUGU,0.1718963616554665,0.1718963616554665,8,1652,793
AAAAGCAUUCAUCA,0.16974604068706795,0.16974604068706795,8,1652,793
GAUACCAUACAUGA,0.16951285943164687,0.16951285943164687,8,1652,793
GCUACCAUACAUAU,0.16863201190615595,0.16863201190615595,8,1652,793
GCUACCAUACAUAA,0.16863201190615595,0.16863201190615595,8,1652,793
GCUACCAUACAUAC,0.16863201190615595,0.16863201190615595,8,1652,793
GAUACCAUACUUAU,0.1681397690618877,0.1681397690618877,8,1652,793
AGGAAUAUACAUCA,0.16430545505778066,0.16430545505778066,8,1652,793
GCUAACAUACUUAC,0.16244011504923786,0.16244011504923786,8,1652,793
GAUAGCAUACAUAC,0.16080794344830385,0.16080794344830385,8,1652,793
GAUAGCAUACAUAU,0.16080794344830385,0.16080794344830385,8,1652,793
GAUAGCAUACAUAA,0.16080794344830385,0.16080794344830385,8,1652,793
AAUAACACACGUCA,0.16034160896817112,0.16034160896817112,8,1652,793
GAUACCAUACGUAU,0.15987527448803845,0.15987527448803845,8,1652,793
GAUAACAUACGUCA,0.1589685120509694,0.1589685120509694,8,1652,793
AAUAACAUACGUCA,0.1589685120509694,0.1589685120509694,8,1652,793
AAAAACAUACGUCA,0.1589685120509694,0.1589685120509694,8,1652,793
AAUAGCAUACAUCA,0.15674046103658798,0.15674046103658798,8,1652,793
GCUCCCGGACGGGU,0.6559523722367666,0.6559523722367666,9,1823,892
GCUUCCGGACGGGC,0.5820382330056021,0.5820382330056021,9,1823,892
GCUUCCGGACGGGU,0.5805096589362648,0.5805096589362648,9,1823,892
GCUUCCGGAGGGGU,0.5464931182886246,0.5464931182886246,9,1823,892
ACUUUCGGACGGGU,0.46882237361606904,0.46882237361606904,9,1823,892
GCUUCCGGACCGGU,0.45946977642683184,0.45946977642683184,9,1823,892
ACUUUCCGGCCGGU,0.43283683748959784,0.43283683748959784,9,1823,892
GCUUCCGGACAGGU,0.42032352687315633,0.42032352687315633,9,1823,892
GCUUCCGUACAGGU,0.40374270790230166,0.40374270790230166,9,1823,892
GCUUCCGUAGAGGU,0.401100143842562,0.401100143842562,9,1823,892
GCUUCCGGAGAGGC,0.39454554252724783,0.39454554252724783,9,1823,892
GCUUCCGGAGAGGU,0.3715655797508869,0.3715655797508869,9,1823,892
ACUUCCAGACGGGU,0.37003703137717403,0.37003703137717403,9,1823,892
GCUUUCGGACAGGU,0.36115075582025724,0.36115075582025724,9,1823,892
GCUUCCCGAGAGGU,0.35508840364958105,0.35508840364958105,9,1823,892
ACUUUCCGGUAGGA,0.35449252423613364,0.35449252423613364,9,1823,892
AGUUUGCGAUAGGU,0.3406579121945675,0.3406579121945675,9,1823,892
ACUUUCCGCCAGGU,0.33679768957925205,0.33679768957925205,9,1823,892
AUGUUGCGGCAGGU,0.3276523388444572,0.3276523388444572,9,1823,892
ACUUUCAGAUGGGU,0.3257351841956554,0.3257351841956554,9,1823,892
ACUUUCCGAUCGGU,0.323325781996082,0.323325781996082,9,1823,892
AUUUUGAGGCAGGU,0.3188956079737823,0.3188956079737823,9,1823,892
GCUUUCCGAGAGGU,0.31671936554636304,0.31671936554636304,9,1823,892
ACUUUCAGACGGGU,0.3138177268028911,0.3138177268028911,9,1823,892
GCUUUCGGAGAGGU,0.31260006824731534,0.31260006824731534,9,1823,892
AUUUUCAGACGGGU,0.3098538744129119,0.3098538744129119,9,1823,892
AGUGUGAGAUAGGU,0.3098538744129119,0.3098538744129119,9,1823,892
GCUUUCCGACAGGU,0.30726312548757695,0.30726312548757695,9,1823,892
CCUUUCAGGGAGGU,0.30537187265546806,0.30537187265546806,9,1823,892
ACUUCCCGACAGGU,0.3039987691908238,0.3039987691908238,9,1823,892
AGUGUGAGAGAGGU,0.2990763586246256,0.2990763586246256,9,1823,892
GCUUCCAGAGAGGU,0.2865630092176745,0.2865630092176745,9,1823,892
ACUUUCAGCGAGGU,0.28651120717815487,0.28651120717815487,9,1823,892
AUUUUGCGGUAGGA,0.2829100592465717,0.2829100592465717,9,1823,892
AGUUUGAGAGCGGU,0.2829100592465717,0.2829100592465717,9,1823,892
ACUUUCCGAGAGGU,0.2775213013524286,0.2775213013524286,9,1823,892
ACUUCCAGGUAGGU,0.2773140287082159,0.2773140287082159,9,1823,892
AUUUUGCGAGAGGU,0.2759927529787157,0.2759927529787157,9,1823,892
AUUUUGAGGUAUGU,0.27578549342938824,0.27578549342938824,9,1823,892
ACUUUCAGGGAGGU,0.27472327978288097,0.27472327978288097,9,1823,892
ACUUUGCGAUAGGU,0.27467146464847625,0.27467146464847625,9,1823,892
AUGUUCAGAGAGGU,0.2694640644869677,0.2694640644869677,9,1823,892
AUUUUGCGGUAGGU,0.2694381516634016,0.2694381516634016,9,1823,892
ACUUUCCGACAGGU,0.26674375986851784,0.26674375986851784,9,1823,892
AUUUUGAGGUAGGU,0.26500797764110195,0.26500797764110195,9,1823,892
AGUUUGCGAUAUGU,0.2640493937692585,0.2640493937692585,9,1823,892
AUUUUCAGAGCUGU,0.26135500197437467,0.26135500197437467,9,1823,892
AGUUUCCGAAAUGU,0.25993009647021076,0.25993009647021076,9,1823,892
ACUUUCAGGCAGGU,0.258712437914635,0.258712437914635,9,1823,892
ACGUUCAGACAGGU,0.25342730979515565,0.25342730979515565,9,1823,892
AUUUUGCGACAGGU,0.2490489378123756,0.2490489378123756,9,1823,892
AUUUUGCGAUAGGU,0.2490489378123756,0.2490489378123756,9,1823,892
AUUUUCAGACCGGU,0.2451887282919453,0.2451887282919453,9,1823,892
AUUUUCAGGAAUGU,0.2451887282919453,0.2451887282919453,9,1823,892
ACUUUCAGACCGGU,0.2451887282919453,0.2451887282919453,9,1823,892
AUUUUCAGGGAGGU,0.2451887282919453,0.2451887282919453,9,1823,892
ACUUUCAGGGAUGU,0.24360836527797347,0.24360836527797347,9,1823,892
AUUUUGCGAGAUGU,0.24249433649706148,0.24249433649706148,9,1823,892
ACUUUCAGCCAGGU,0.23899681834014208,0.23899681834014208,9,1823,892
GCUUUCAGAGAGGU,0.2385823118422264,0.2385823118422264,9,1823,892
ACUUUGCGAAAUGU,0.23832323715849413,0.23832323715849413,9,1823,892
AUUUUCAGGCAGGU,0.23710557860291834,0.23710557860291834,9,1823,892
AUUUUCCGAUAGGU,0.23684650391918605,0.23684650391918605,9,1823,892
GCUUUCAUACAGGU,0.23487753413597945,0.23487753413597945,9,1823,892
GCUUUCAGACAGGU,0.23303809643827536,0.23303809643827536,9,1823,892
AUUUUCAGGGAUGU,0.2317168207087752,0.2317168207087752,9,1823,892
AUUUUGAGAUCGGU,0.2317168207087752,0.2317168207087752,9,1823,892
AUUGUGAGAGAGGU,0.22459224834414918,0.22459224834414918,9,1823,892
ACUUUCAGGUAGGU,0.21972162696965836,0.21972162696965836,9,1823,892
AGUUUGAGAGAGGU,0.21498056337629454,0.21498056337629454,9,1823,892
CCUUUCAGAGAGGU,0.21042083812031048,0.21042083812031048,9,1823,892
AUUGUGAGAUAGGU,0.21016176343657816,0.21016176343657816,9,1823,892
AUUUCCAGAUCGGU,0.2072601246931062,0.2072601246931062,9,1823,892
CCUUUCAGACAGGU,0.20593883636286667,0.20593883636286667,9,1823,892
AUUGUGAGAGAUGU,0.2047729926946228,0.2047729926946228,9,1823,892
AUUUUGAGAGAGGU,0.20399577494379562,0.20399577494379562,9,1823,892
ACUUCCAGACAGGU,0.20298536988425056,0.20298536988425056,9,1823,892
AUUAUGCGAUAGGU,0.20060188050824318,0.20060188050824318,9,1823,892
AUUUUCCGAGAUGU,0.19938423480047968,0.19938423480047968,9,1823,892
AGUUUGAGACAGGU,0.1953167523887638,0.1953167523887638,9,1823,892
AUGUUGAGAUAGGU,0.1951353925681172,0.1951353925681172,9,1823,892
AGUGUCAGAAAUGU,0.19399546405852428,0.19399546405852428,9,1823,892
AUUUUCAGAGAGGU,0.19119746163715862,0.19119746163715862,9,1823,892
ACUUUCAGAGAGGU,0.19119746163715862,0.19119746163715862,9,1823,892
AUUUUCCGAAAUGU,0.18860670616438113,0.18860670616438113,9,1823,892
AGUUUGAGAUAGGU,0.1870781643381109,0.1870781643381109,9,1823,892
ACUUCCAGAUAGGU,0.18539417784984502,0.18539417784984502,9,1823,892
ACUUCGAGAUAGGU,0.18443559397800152,0.18443559397800152,9,1823,892
ACUUUCAGACAGGC,0.1832697568572002,0.1832697568572002,9,1823,892
AUUUUCAGAUCGGU,0.18225936439839452,0.18225936439839452,9,1823,892
AUUUUGCGAAAUGU,0.18036811811372822,0.18036811811372822,9,1823,892
AUUUUGAGUAAUGU,0.17244041963413947,0.17244041963413947,9,1823,892
ACUUUCAGAUAGGU,0.17036781352882657,0.17036781352882657,9,1823,892
ACUUUCAUACAGGU,0.16645577602617925,0.16645577602617925,9,1823,892
AUUUUGAGAUAGGA,0.1589685120509694,0.1589685120509694,9,1823,892
AUUUCCAGAUAGGU,0.15891669716363754,0.15891669716363754,9,1823,892
AUUUUGAGACAUGU,0.1576472300210996,0.1576472300210996,9,1823,892
AGUUUCAGACAUGU,0.1566368312619242,0.1566368312619242,9,1823,892
AUUAGCAGAAAUGU,0.15627413310389787,0.15627413310389787,9,1823,892
GCUCCCGGACGGGC,0.657480894914855,0.657480894914855,10,2094,991
GCUCCCGGACGGGU,0.6559523722367666,0.6559523722367666,10,2094,991
GCUCACGGACGGGC,0.5584623782150543,0.5584623782150543,10,2094,991
GCUCCCGGAAGGGC,0.5465449334230295,0.5465449334230295,10,2094,991
GCUCCCGGAAGGGU,0.531389032557078,0.531389032557078,10,2094,991
GCUCACGGAAGGGC,0.49035154167231254,0.49035154167231254,10,2094,991
GCUCCCUGAAGGGC,0.4587443544151546,0.4587443544151546,10,2094,991
GCUCACGGAAGGGU,0.45791531264739516,0.45791531264739516,10,2094,991
GCUCACUGAAGGGC,0.4428630420502533,0.4428630420502533,10,2094,991
GCUCCCUGAAGGGU,0.4411531495329368,0.4411531495329368,10,2094,991
GCUCACUGGAUGGU,0.42384693166387155,0.42384693166387155,10,2094,991
GCUCAGUGAAGGGC,0.42317333788148415,0.42317333788148415,10,2094,991
GCACCCUGAAGGGC,0.41472749633480055,0.41472749633480055,10,2094,991
GCUCACUGAAGGGU,0.41306940327484587,0.41306940327484587,10,2094,991
GCUCACUGCAUGGU,0.4076547582527612,0.4076547582527612,10,2094,991
GCACACUGCAGGGU,0.38905314176355577,0.38905314176355577,10,2094,991
GCUCACUGAAGCGC,0.38597015629432235,0.38597015629432235,10,2094,991
GCACACUGGAGGGU,0.3775761167871583,0.3775761167871583,10,2094,991
GUUCACGGAAUGGC,0.36832713627769975,0.36832713627769975,10,2094,991
GCACACGGAAGGGU,0.3652700400244199,0.3652700400244199,10,2094,991
GCUCACUGAAGCGU,0.36278292087374875,0.36278292087374875,10,2094,991
GCUCACUGAAUGGU,0.35063230162081815,0.35063230162081815,10,2094,991
GUUCACGGAAUGGU,0.3413833211113596,0.3413833211113596,10,2094,991
GCACACUGAAGGGC,0.3383262248580797,0.3383262248580797,10,2094,991
GCACACGGAAUGGU,0.33679768957925205,0.33679768957925205,10,2094,991
GAACACGGAAUGGU,0.3341032977843682,0.3341032977843682,10,2094,991
GCUCACUGAAGGUU,0.32690101501608704,0.32690101501608704,10,2094,991
AAACACGGAAUGUU,0.323325781996082,0.323325781996082,10,2094,991
GCACACUGGAUGGU,0.3223153960847188,0.3223153960847188,10,2094,991
GCACACUGAAUCGU,0.31607168409339603,0.31607168409339603,10,2094,991
GUACACGGAAUGGU,0.31254826620779574,0.31254826620779574,10,2094,991
GCACACUGAACGGU,0.30710768057850846,0.30710768057850846,10,2094,991
GCACACUGAAGGGU,0.30589002202293264,0.30589002202293264,10,2094,991
GCACACUGAAUGGC,0.293687575034858,0.293687575034858,10,2094,991
GCACACUCAAUGGU,0.2882988171407148,0.2882988171407148,10,2094,991
GAUCACUGAAGGGC,0.2848013120786806,0.2848013120786806,10,2094,991
GAACCCUGAAUGUU,0.2839722728930789,0.2839722728930789,10,2094,991
GUACACUGGAUGGU,0.2829618743809764,0.2829618743809764,10,2094,991
GCACCCUUAAUGGU,0.27340200405338083,0.27340200405338083,10,2094,991
GCACACUGAAGGUU,0.27213254345828547,0.27213254345828547,10,2094,991
GAACACUGAAGGGC,0.26695103251273045,0.26695103251273045,10,2094,991
GCACACUGAAUGGU,0.262779920079278,0.262779920079278,10,2094,991
GCACACUUAAUGGU,0.25866063587511534,0.25866063587511534,10,2094,991
AAAGGCUUAAUGUU,0.25358275470422414,0.25358275470422414,10,2094,991
GAAGGCUUAAUGUU,0.25358275470422414,0.25358275470422414,10,2094,991
GUACGCUGAAUGUU,0.2478830943912046,0.2478830943912046,10,2094,991
GAACGCUGAAUGUU,0.2478830943912046,0.2478830943912046,10,2094,991
GAACGCUGAAUGGU,0.23979994470217764,0.23979994470217764,10,2094,991
GAACACUGAAGGGU,0.2345148165826983,0.2345148165826983,10,2094,991
GUACACUCAAUGGU,0.23441118680803452,0.23441118680803452,10,2094,991
GCAGACUGAAUGUU,0.2317168207087752,0.2317168207087752,10,2094,991
GAACGCUUAAUGGU,0.2270534591306848,0.2270534591306848,10,2094,991
GCACACUGAAUGUU,0.22093927922486445,0.22093927922486445,10,2094,991
GAACACUGAAUGGC,0.22093927922486445,0.22093927922486445,10,2094,991
AAGCACUCAAUCGU,0.2093586244738032,0.2093586244738032,10,2094,991
GAACACUCAAUGGU,0.20925500099950917,0.20925500099950917,10,2094,991
GUACACUGAAUGGU,0.20889228999367054,0.20889228999367054,10,2094,991
GUACACUUAAUGGU,0.2047729926946228,0.2047729926946228,10,2094,991
GUACGCUUAAUGUU,0.19451361342598883,0.19451361342598883,10,2094,991
GAACACUUAAUGGU,0.18591232721730958,0.18591232721730958,10,2094,991
GAACACUGAAUGGU,0.18591232721730958,0.18591232721730958,10,2094,991
AAACACUUAAUGGU,0.18591232721730958,0.18591232721730958,10,2094,991
AAACACUAAAUGGU,0.18591232721730958,0.18591232721730958,10,2094,991
GCACACUUAAUGUU,0.17782917752828262,0.17782917752828262,10,2094,991
GAAGACUGAAUGUU,0.17782917752828262,0.17782917752828262,10,2094,991
GAACACUGAAUGUC,0.17782917752828262,0.17782917752828262,10,2094,991
AAACAGUACAUCUU,0.17782917752828262,0.17782917752828262,10,2094,991
ACAGACUGAAUGUU,0.17782917752828262,0.17782917752828262,10,2094,991
GAACACUGAAUGUU,0.17782917752828262,0.17782917752828262,10,2094,991
AAACGCUUAAUGUU,0.17702604486587736,0.17702604486587736,10,2094,991
GAACGCUUAAUGUU,0.17702604486587736,0.17702604486587736,10,2094,991
ACUCAAUUCACUUU,0.17036781352882657,0.17036781352882657,10,2094,991
GAAGACUGAAUGGU,0.1670516488921841,0.1670516488921841,10,2094,991
ACACACUGAAUGUU,0.16176652077270476,0.16176652077270476,10,2094,991
AAAGACUUAAUGUG,0.15987527448803845,0.15987527448803845,10,2094,991
AAGCACUAAAUCUU,0.1589685120509694,0.1589685120509694,10,2094,991
GAACACGUAAUGUU,0.1589685120509694,0.1589685120509694,10,2094,991
AAACACUGAAUGUU,0.15627413310389787,0.15627413310389787,10,2094,991
AAUCAGUUCAUUUU,0.1528802449687151,0.1528802449687151,10,2094,991
GUACACUUAAUCUU,0.14935682053567223,0.14935682053567223,10,2094,991
GUAGACUUAAUGUU,0.14259495942395767,0.14259495942395767,10,2094,991
AAUCAAUAGGUUUU,0.1413773071687516,0.1413773071687516,10,2094,991
AAUGAGUAAAUUUU,0.13604035786157065,0.13604035786157065,10,2094,991
GUAGACUAAAUGUU,0.13466726094436893,0.13466726094436893,10,2094,991
AAUCAAUACAUUUU,0.13202469688462926,0.13202469688462926,10,2094,991
AAAGAGUAAAUUUU,0.13202469688462926,0.13202469688462926,10,2094,991
AAUCAAUCGUUUUU,0.12974483098291595,0.12974483098291595,10,2094,991
GAAGACUUAAUGUC,0.12443379658731307,0.12443379658731307,10,2094,991
GUACACUUAAUGUU,0.1239415471956023,0.1239415471956023,10,2094,991
AAACACUUAAUGUG,0.12124716824853074,0.12124716824853074,10,2094,991
AAAGACUUAAUCUU,0.12052175908466575,0.12052175908466575,10,2094,991
AGACACUAAAUGUU,0.11834552950505876,0.11834552950505876,10,2094,991
AAUACAUACUUAUU,0.11769784175172202,0.11769784175172202,10,2094,991
AAUCAGGAAAUUUU,0.11316401855950378,0.11316401855950378,10,2094,991
AAAGACUUAAUGUU,0.11122096368787529,0.11122096368787529,10,2094,991
GAAGACUUAAUGUU,0.11122096368787529,0.11122096368787529,10,2094,991
AUAGACUUAAUGUU,0.11122096368787529,0.11122096368787529,10,2094,991
AAUCAAUCCAUUUU,0.10914835758256237,0.10914835758256237,10,2094,991
AAGCAGUUAAUUUU,0.10777526066536065,0.10777526066536065,10,2094,991
