{"run_id": "15:12:37-09/22/2020", "exp_name": "DynaPPO_Agent_0.5_10_1", "model_name": "AdaptiveEns(MLP_hidden_size_100|MLP_hidden_size_200|CNN_hidden_size_100_num_filters_32|linear_regression|random_forest|nearest_neighbors|lasso|bayesian_ridge|gaussian_process|gradient_boosting|extra_trees)", "landscape_name": "TF_Binding", "rounds": 10, "sequences_batch_size": 100, "model_queries_per_batch": 1000}
sequence,model_score,true_score,round,model_cost,measurement_cost
AAAAAAAA,,0.5247495155238527,0,0,1
TCTCGTTT,0.006255411542952061,0.503762421143776,1,1000,100
TCTCATTT,0.006164836697280407,0.7397023048695007,1,1000,100
TGTCCGTA,0.006135913543403149,0.5795571681853791,1,1000,100
TGTCCTTT,0.006092878989875317,0.4865274399043418,1,1000,100
TCACGCTT,0.005760648287832737,0.438131365191935,1,1000,100
GCTCGCTT,0.005668467842042446,0.3999505215849586,1,1000,100
TTTCGCTT,0.00560652744024992,0.34867851399826827,1,1000,100
TGACCCTT,0.005598154850304127,0.5348719746010803,1,1000,100
TCTCCTCT,0.005526638589799404,0.46484970931431163,1,1000,100
TCTAGCTT,0.0052866749465465546,0.5391601039046716,1,1000,100
CGGCGCTT,0.005280366167426109,0.2779759205046798,1,1000,100
TGTCCTCA,0.005240143276751041,0.5064528099616542,1,1000,100
TGTCTCCT,0.00512569397687912,0.6489815692903971,1,1000,100
TGGCTGTT,0.005087248980998993,0.37628334639013733,1,1000,100
TTTCACAC,0.005020677112042904,0.405331299220715,1,1000,100
TCTTGGTA,0.004981042817234993,0.5026491568053437,1,1000,100
CCTCCGTT,0.004973242059350014,0.4155877623386798,1,1000,100
TCGCCCGC,0.004960166290402412,0.43616253659341114,1,1000,100
TCTAGTAT,0.004919141530990601,0.7946542695748979,1,1000,100
CGGCACTG,0.00489521399140358,0.3666247474539232,1,1000,100
TCACAGTT,0.004879186861217022,0.3518327629571599,1,1000,100
TTTCCTTT,0.004878563806414604,0.4235352327547108,1,1000,100
TCTTGATT,0.004873189143836498,0.5321815857832021,1,1000,100
TCGCAAGA,0.004808608442544937,0.5607656784727663,1,1000,100
CCTTGCAT,0.004807169549167156,0.408279388116934,1,1000,100
GCTCATTT,0.00473496038466692,0.47806456933162905,1,1000,100
TGGACGAT,0.004717347212135792,0.6478064569331629,1,1000,100
TGTTGGTT,0.00471247173845768,0.6002040984620459,1,1000,100
TTGTGCAT,0.0046732472255826,0.5376242114377603,1,1000,100
CGTCCCCA,0.004632032476365566,0.24972168391539193,1,1000,100
TATCATAT,0.0045816125348210335,0.9761988207644415,1,1000,100
TCACTGAA,0.004579577594995499,0.6091823691914402,1,1000,100
TCTTTTAT,0.004555231891572475,0.7210654352038923,1,1000,100
TCACTAAT,0.004406974650919437,0.5766812353110955,1,1000,100
TCGCTTCT,0.004392892122268677,0.4310497670391292,1,1000,100
TCGACTTT,0.004390194080770016,0.37111903682018715,1,1000,100
ACTTGCTT,0.00435181800276041,0.33944254319053313,1,1000,100
CCGCTGAT,0.004255132749676704,0.7228177957366099,1,1000,100
TCCTACAT,0.004237901419401169,0.517636993361646,1,1000,100
TCCCATTT,0.004236216656863689,0.6014307508349482,1,1000,100
TGTCTTCT,0.004063848406076431,0.5775574155774543,1,1000,100
TTTCTCAC,0.004023419693112373,0.39522945614975463,1,1000,100
TGGTTTAT,0.0039057356771081686,0.5650847317857585,1,1000,100
TGGCTTCT,0.003902605501934886,0.3496268502865625,1,1000,100
GGGCTGAT,0.0037989530246704817,0.7972415783614398,1,1000,100
TCATTCAT,0.0036832818295806646,0.5968952294561498,1,1000,100
TGGAGTTA,0.0036809376906603575,0.4183193831690925,1,1000,100
CCGCCGCT,0.003631817875429988,0.22027171896260256,1,1000,100
GCTTCAAT,0.0036239454057067633,0.4004040737228384,1,1000,100
GCTCTGTT,0.0036105976905673742,0.31522904382962935,1,1000,100
TTGCCGCT,0.0035564692225307226,0.32356821836473837,1,1000,100
ACACGAAT,0.003552217734977603,0.6029357192924587,1,1000,100
TTTTGGAT,0.003517694538459182,0.76398796025234,1,1000,100
GCTACCTT,0.0035145569127053022,0.3016121716901002,1,1000,100
ACTTCGAG,0.003477110294625163,0.2997567311260463,1,1000,100
ATGCCTAT,0.003436296945437789,0.7036552179111862,1,1000,100
TTGTGGAT,0.0033564490731805563,0.7431554859192677,1,1000,100
CCGTACTG,0.0033087662886828184,0.3929513874572218,1,1000,100
CTTCCAAT,0.0032816866878420115,0.36612996330350883,1,1000,100
CCTAGCTT,0.0032772959675639868,0.3827876963674597,1,1000,100
AGACAGAT,0.0031083186622709036,0.7094792396816889,1,1000,100
TGTGGGTT,0.003038087161257863,0.4622624005277698,1,1000,100
GGTCTCCT,0.003026974154636264,0.4755081845544881,1,1000,100
TCTTGAGT,0.0030025423038750887,0.4306786789263184,1,1000,100
TAGCACGT,0.002984571037814021,0.39396157176431784,1,1000,100
TTGTCTAG,0.002947277622297406,0.31908423700160804,1,1000,100
CCGCCACG,0.0029049233999103308,0.4487898404321115,1,1000,100
CCCCCTAT,0.00287865218706429,0.7033872098297118,1,1000,100
TGTGGATT,0.0028306443709880114,0.6449923720776812,1,1000,100
TGTTCTGT,0.0028287877794355154,0.6342720488187028,1,1000,100
TTTGCCAG,0.002811427926644683,0.3201562693275059,1,1000,100
TTTCGTGT,0.0028075010050088167,0.49181544551189543,1,1000,100
GCACCATT,0.0027460127603262663,0.37536593411124397,1,1000,100
AGTTCGTT,0.002664033090695739,0.5809384406052859,1,1000,100
TGACAGCG,0.0026121048722416162,0.3401641034098874,1,1000,100
CCTGCCTT,0.0025639596860855818,0.5184719416154703,1,1000,100
TTACGTTT,0.0025451553519815207,0.3515647548756855,1,1000,100
ATTCTCTT,0.002534519648179412,0.45770626314270396,1,1000,100
GTGCCGTT,0.0025156803894788027,0.22912629365439324,1,1000,100
TCTAGATC,0.0025134889874607325,0.8317424648497094,1,1000,100
ACGAATAT,0.002502561779692769,0.7976332824805179,1,1000,100
ATGCCATA,0.0024599882308393717,0.6032964994021358,1,1000,100
CGTTCGTA,0.0024438698310405016,0.4320290273368243,1,1000,100
TCTACTGT,0.002440632553771138,0.6701954397394138,1,1000,100
TTTAATAT,0.0023855154868215322,0.8669236795447985,1,1000,100
TTACATTT,0.0023829571437090635,0.5230796190162041,1,1000,100
CTTCGTTT,0.00234545418061316,0.4574897950768977,1,1000,100
TGTTAAGT,0.0023445540573447943,0.31467241166041315,1,1000,100
CCTACTAG,0.002302436390891671,0.5395311920174825,1,1000,100
ACTCCGCC,0.0022708254400640726,0.27186327464643545,1,1000,100
AGGCATGT,0.002265292452648282,0.4628396487032532,1,1000,100
TAGCGTCT,0.002260287059471011,0.4187110872881705,1,1000,100
TTGTATTT,0.002255782252177596,0.624943305982765,1,1000,100
TCCACTAT,0.0022303496953099966,0.6649383581412609,1,1000,100
AAGCGTAA,0.002217023866251111,0.42789551808023746,1,1000,100
ACTCTTCT,0.002188055543228984,0.533222694099699,1,1000,100
CTGCGCCT,0.002183290431275964,0.2225085556426009,1,1000,100
TCCTCATT,0.0021511486265808344,0.5186781016781429,1,1000,100
CCTTTCTG,0.0021201034542173147,0.5403042922525048,1,1000,100
TTTTGCTT,0.5045774405915419,0.37120150084525627,2,2000,199
ATTTTTAG,0.5045774405915419,0.37754092277244056,2,2000,199
ATGATCGA,0.5045774405915419,0.7217457634107121,2,2000,199
TGAGGAGT,0.5045774405915419,0.5358409268956418,2,2000,199
GGGATGCT,0.5045774405915419,0.38960128643879105,2,2000,199
ATAACTTT,0.5045774405915419,0.6634952377025523,2,2000,199
CCGGTCCT,0.5045774405915419,0.27623386797509586,2,2000,199
AGCTCTGT,0.5045774405915419,0.4578608831897085,2,2000,199
TGTGGTTT,0.5045774405915419,0.46935430668370925,2,2000,199
CGCACCGC,0.5045774405915419,0.3483898899105265,2,2000,199
TCCCAATT,0.5045774405915419,0.4912588133426793,2,2000,199
ATTTTACT,0.5045774405915419,0.430998227023461,2,2000,199
ACTGATAT,0.5045774405915419,0.9681585783202078,2,2000,199
TGAATGGG,0.5045774405915419,0.4300189667257659,2,2000,199
AACTTTAT,0.5045774405915419,0.5218323506370346,2,2000,199
ATGAAGCT,0.5045774405915419,0.339391003174865,2,2000,199
ATTGGACT,0.5045774405915419,0.28138786954191236,2,2000,199
AGGGACTA,0.5045774405915419,0.41782459901867813,2,2000,199
TTTTTGCT,0.5045774405915419,0.4965158949408321,2,2000,199
TGAGCCTC,0.5045774405915419,0.4261225415412526,2,2000,199
GGGTAGTT,0.5045774405915419,0.5752793468849214,2,2000,199
GTGGTTCC,0.5045774405915419,0.26485383251556505,2,2000,199
AACGACTT,0.5045774405915419,0.06690924834041147,2,2000,199
ATAGAGGT,0.5045774405915419,0.5734651383334021,2,2000,199
AGATCTCT,0.5045774405915419,0.8012926235929576,2,2000,199
CGATCATA,0.5045774405915419,0.8207025934935884,2,2000,199
GTAATTCT,0.5045774405915419,0.5004947841504144,2,2000,199
GACGATCA,0.5045774405915419,0.708438131365192,2,2000,199
GAATTAGT,0.5045774405915419,0.42130870407784604,2,2000,199
CGCTCCTT,0.5045774405915419,0.3433595843813136,2,2000,199
CCGGGTTT,0.5045774405915419,0.5231517750381396,2,2000,199
TCAATACT,0.5045774405915419,0.7596070589205459,2,2000,199
AGATTTAT,0.5045774405915419,0.6414051869871769,2,2000,199
TGCTGACT,0.5045774405915419,0.2501236960376036,2,2000,199
CTGCCTAG,0.5045774405915419,0.15310477054385024,2,2000,199
GCAGTAAT,0.5045774405915419,0.4968663670473756,2,2000,199
GTTGTGCA,0.5045774405915419,0.29008782418669854,2,2000,199
CCCTCGTT,0.5045774405915419,0.4114336370758257,2,2000,199
GGCCGCAT,0.5045774405915419,0.32464025069063623,2,2000,199
TAGCCCAT,0.5045774405915419,0.4038366387663382,2,2000,199
CACTATCA,0.5045774405915419,0.8802210035871851,2,2000,199
CGGCAGTT,0.5045774405915419,0.41756689894033727,2,2000,199
TAAGACGT,0.5045774405915419,0.3841998927967674,2,2000,199
GGGATACT,0.5045774405915419,0.8343710056487856,2,2000,199
TCTTCCCG,0.5045774405915419,0.44815074423782625,2,2000,199
ATCTTGTT,0.5045774405915419,0.7217869954232466,2,2000,199
TGAATACT,0.5045774405915419,0.6266544345029481,2,2000,199
CACGACCT,0.5045774405915419,0.41259844142992624,2,2000,199
GCCTATAC,0.5045774405915419,0.5469941862862326,2,2000,199
CAAGGTTT,0.5045774405915419,0.44290397064280707,2,2000,199
GCATAGGT,0.5045774405915419,0.4749515523852719,2,2000,199
GTCGTATT,0.5045774405915419,0.6255514781676493,2,2000,199
TAATTAAG,0.5045774405915419,0.5808353605739496,2,2000,199
CAGAACGT,0.5045774405915419,0.19744980002473922,2,2000,199
GAGGTTCA,0.5045774405915419,0.44507895930400365,2,2000,199
AGAACAGT,0.5045774405915419,0.4540056900177298,2,2000,199
GGCCGAGC,0.5045774405915419,0.19329567476188514,2,2000,199
ACTTTGTT,0.5045774405915419,0.4903310930606523,2,2000,199
TTTTGCGT,0.5045774405915419,0.4621387044901662,2,2000,199
GGCTGCGT,0.5045774405915419,0.18263719952170865,2,2000,199
ATGATATT,0.5045774405915419,0.9232156846575682,2,2000,199
CACTTGGT,0.5045774405915419,0.37512885003917046,2,2000,199
GACCCCGT,0.5045774405915419,0.5109883313404527,2,2000,199
CTCTCCCA,0.5045774405915419,0.2686265616624748,2,2000,199
GTAACCGT,0.5045774405915419,0.34970931431163155,2,2000,199
TTAGTGGC,0.5045774405915419,0.2924174328948996,2,2000,199
GAGAACCT,0.5045774405915419,0.4786830495196471,2,2000,199
CTACGCTA,0.5045774405915419,0.41498989815692905,2,2000,199
AGAAATGT,0.5045774405915419,0.4730445718055498,2,2000,199
AGATTCGG,0.5045774405915419,0.483991671133468,2,2000,199
AGCCGAAT,0.5045774405915419,0.49402135818249293,2,2000,199
CGTGCCTC,0.5045774405915419,0.32035212138704483,2,2000,199
GGCGAAGT,0.5045774405915419,0.3813342679256174,2,2000,199
TCGGCAAC,0.5045774405915419,0.27192512266523733,2,2000,199
GTGTCGGT,0.5045774405915419,0.6878736651135943,2,2000,199
AGAAATGG,0.5045774405915419,0.4414505422009648,2,2000,199
ATCCCCCT,0.5045774405915419,0.8895394384199893,2,2000,199
ATTGGTTG,0.5045774405915419,0.5004123201253453,2,2000,199
AAGCTAAT,0.5045774405915419,0.5085865666103162,2,2000,199
GAGAGACA,0.5045774405915419,0.5402836762462376,2,2000,199
CGTCGATT,0.5045774405915419,0.41419618191563934,2,2000,199
TTTTGTCA,0.5045774405915419,0.4268028697480724,2,2000,199
GAGTCGAT,0.5045774405915419,0.5981321898321857,2,2000,199
CTTTTCCG,0.5045774405915419,0.3675730837422175,2,2000,199
CTTCACTT,0.5045774405915419,0.47936337772646687,2,2000,199
TTCGATTG,0.5045774405915419,0.5817115408403084,2,2000,199
CAAACAGT,0.5045774405915419,0.5283470086174906,2,2000,199
GCTAATTG,0.5045774405915419,0.5172246732363007,2,2000,199
CTTCTTCT,0.5045774405915419,0.3991052653280006,2,2000,199
CCATCGGT,0.5045774405915419,0.4671793180225127,2,2000,199
TTCATATT,0.5045774405915419,0.6748031171401476,2,2000,199
CGATGGAT,0.5045774405915419,0.6290768152393518,2,2000,199
TTGCCTCT,0.5045774405915419,0.376881210571888,2,2000,199
TTTTACTG,0.5045774405915419,0.43822413722013775,2,2000,199
GCTCCGTT,0.5045774405915419,0.2545045973693976,2,2000,199
AGCTGATT,0.5045774405915419,0.5465200181420855,2,2000,199
AACGCCGC,0.5045774405915419,0.18999711375912257,2,2000,199
GATGAGGT,0.5045774405915419,0.5373458953531522,2,2000,199
ACTTGTTC,0.5045774405915419,0.5234094751164804,2,2000,199
AGCAATAT,0.6890532582959333,0.6627427534737972,3,3000,298
TGGTATAT,0.6614239635588773,0.893281243557498,3,3000,298
GCATATAT,0.6398143422334066,0.8684904960211107,3,3000,298
TCCAGGAT,0.6374258848483727,0.7010679091246445,3,3000,298
ATAAGTAT,0.6364097239341061,0.8266606193048283,3,3000,298
TAGCATAT,0.6352120158338174,0.7776769884138045,3,3000,298
TTTAATTT,0.6268495183673134,0.4817960664660042,3,3000,298
TATTTTAT,0.6244425144510328,0.8233929823114666,3,3000,298
TCTAATGT,0.6199326793575589,0.5697645652084279,3,3000,298
TAGAGAAT,0.6193890020187992,0.6074712406712571,3,3000,298
GAGTAGAT,0.6190864631508677,0.8121675668989404,3,3000,298
TTTAATCT,0.6183513328068614,0.6727209005071537,3,3000,298
ATCACATA,0.6181325587305334,0.8582752649156805,3,3000,298
TAGTGTAT,0.6174073457149366,0.8526986352203851,3,3000,298
TATTTGAT,0.6096553937633744,0.9125984414299262,3,3000,298
ATATATTT,0.6086284169498254,0.8083226817300952,3,3000,298
GCACTGAT,0.6038713815131452,0.6207685647136436,3,3000,298
ATCTCATT,0.6015037079665531,0.7829959180307592,3,3000,298
TCAAATTT,0.6014789418265051,0.5317177256421887,3,3000,298
AGCTTGAT,0.6005805901340483,0.729301529707665,3,3000,298
TAATATTT,0.600409151126578,0.7002123448645527,3,3000,298
GCCAATTT,0.6000869939584438,0.3332165092978188,3,3000,298
TCGGTGAT,0.6000648428941707,0.8347317857584629,3,3000,298
CCTAAGAT,0.5986834985851942,0.5857419700655588,3,3000,298
ATGATTTT,0.5977852128202057,0.5626932750587557,3,3000,298
TAGCGGAT,0.5962214023859819,0.7289201335917206,3,3000,298
TAGTATTT,0.5948069570007496,0.6242217457634106,3,3000,298
GTTATATG,0.5942225136090064,0.7215292953449057,3,3000,298
TATGATTT,0.5940221024780845,0.6636292417432894,3,3000,298
TCTATTTT,0.5937845176085376,0.723322887890158,3,3000,298
TGTAGTTT,0.5925933913058063,0.6311281078629448,3,3000,298
AAGTGTAT,0.5890586158705741,0.7225807116645364,3,3000,298
ATATGAAT,0.5864941973419878,0.7917164886818125,3,3000,298
TATCATTT,0.5827285664084754,0.9565414587886034,3,3000,298
TTGAGATT,0.5819473251004986,0.6425184513256093,3,3000,298
TAATTTAT,0.5810752771202271,0.6247989939388942,3,3000,298
TTGCTATA,0.5808501556622341,0.7405991011421267,3,3000,298
TAATATAG,0.5807341630349266,0.8606048736238815,3,3000,298
CACCATAT,0.5778877544197073,0.8778810868758504,3,3000,298
ACATGAAT,0.5765003390302955,0.6677112109842082,3,3000,298
TCTACAAT,0.5764840028300365,0.6091617531851731,3,3000,298
ATCAGAAT,0.5764027504344272,0.654795283057766,3,3000,298
GCACGTAT,0.5757299829476449,0.7579577784191647,3,3000,298
TACTATTT,0.5748633764841959,0.7160763616872139,3,3000,298
ATCATACT,0.5733961606857353,0.8060755370469632,3,3000,298
AATATTTT,0.5729467308670531,0.714839401311178,3,3000,298
GCGGCTAT,0.5715765912263833,0.6289840432111492,3,3000,298
CGTAATTT,0.5706074835835375,0.32871191192842125,3,3000,298
CGCGCTAT,0.5700172729489719,0.3865088854987012,3,3000,298
TTTATGAA,0.5697121290612436,0.5046798334226693,3,3000,298
ATAAATCT,0.5696165639402665,0.6414051869871769,3,3000,298
GCCCTTAT,0.5680280828568991,0.6225312332494949,3,3000,298
TTGTAGTT,0.5660319992366606,0.45581989856924915,3,3000,298
GTACAATA,0.5659323186770886,0.6547746670514989,3,3000,298
GAGATTGT,0.5657196362612116,0.6104193295674761,3,3000,298
CGAGAATT,0.5654823582739187,0.3873541417556591,3,3000,298
TGAACTAA,0.5652040775403752,0.4464705397270441,3,3000,298
ATCGCTAT,0.5641381264881743,0.7647198284748279,3,3000,298
TTCGGGAT,0.5614700365920687,0.5380365315631056,3,3000,298
ATGTTTTA,0.5595526472202969,0.48523893951263763,3,3000,298
ACCTATCT,0.5589818122742173,0.8120438708613367,3,3000,298
AGCTAGTT,0.5568534200297569,0.41793798705314805,3,3000,298
ACGCAATA,0.5561683510184071,0.589700243268874,3,3000,298
TCTTTCAT,0.5559990525629711,0.5211932544427493,3,3000,298
TCTATTCC,0.5551673063309249,0.5833298973322888,3,3000,298
TGAATTAG,0.5547478752238643,0.5112666474250608,3,3000,298
ATCAATGA,0.5546014165054207,0.8170123283717478,3,3000,298
TACGTATA,0.5542221605066834,0.8652331670308828,3,3000,298
GGAAGAGC,0.5537137089239109,0.38177751206036364,3,3000,298
CCTATAAT,0.5535700311149778,0.6976044200717437,3,3000,298
ATGTCTTT,0.5532929507251679,0.44421308704077844,3,3000,298
GAAATTAA,0.5524430423510418,0.34007133138168477,3,3000,298
ACACATAG,0.5520918209552864,0.4351420442831815,3,3000,298
GCGTCTAT,0.5520754668716034,0.5383251556508474,3,3000,298
TGCATAGT,0.5520109486367295,0.24480476642064897,3,3000,298
TCTGGAAT,0.5517647421211412,0.5956582690801139,3,3000,298
TTAGATTT,0.5510429543409621,0.5333154661279017,3,3000,298
ATGACTGA,0.550758467943676,0.5439327093555437,3,3000,298
CGTATTTT,0.549663575650356,0.6170886075949368,3,3000,298
ATTCTGAT,0.5493333496299487,0.654795283057766,3,3000,298
CTATCGAT,0.5489312142271453,0.8683771079866408,3,3000,298
TGGATTCT,0.5487917040496276,0.42514328124355755,3,3000,298
GAATTATT,0.5486164081147539,0.4253906733187647,3,3000,298
GATTCTAT,0.5484346826107221,0.6421164392033976,3,3000,298
AAAAGTCT,0.5481493263180687,0.44059497794087327,3,3000,298
GAAATCAT,0.5478003496646547,0.5407372283841175,3,3000,298
CGTTATCT,0.5464134628105999,0.705799282562982,3,3000,298
AGTATTAG,0.5454109313663676,0.8066630932255803,3,3000,298
TCCAGTTT,0.5453212415902443,0.6020801550323671,3,3000,298
TGAACAGT,0.5453068170034139,0.2155506535273987,3,3000,298
TATAGCAC,0.5441399841504285,0.673865088854987,3,3000,298
CGCTATTT,0.5437950128486209,0.45460355419948045,3,3000,298
AGACCATG,0.5434956340867522,0.47147775532923764,3,3000,298
CCAGGTAA,0.5434230627825389,0.41083577289407497,3,3000,298
AGGGTATT,0.5430692872669615,0.8503896425184514,3,3000,298
TGTACTGA,0.5430334969995525,0.45543850245330475,3,3000,298
CACTTTAT,0.5428226602738911,0.7184368944048158,3,3000,298
TCAACATT,0.5420379450986098,0.6452397641528884,3,3000,298
GATCATTT,0.5414375245974677,0.8604605615800107,3,3000,298
AATTATAT,0.8412879539854689,0.8372572465262029,4,4000,397
ATCATATT,0.7918775928022769,0.7715849585618273,4,4000,397
ATAATATT,0.754500083692886,0.7687811817094793,4,4000,397
ATATTATA,0.7352789616058047,0.8591514451820393,4,4000,397
ATACTATA,0.7330384191047227,0.9304519028573784,4,4000,397
ACATATCT,0.7327019081139152,0.8228157341359832,4,4000,397
ATAATGAT,0.7313918093751559,0.842957572259102,4,4000,397
AATATATG,0.7286203661172774,0.8517709149383581,4,4000,397
ATACTGAT,0.7148146653175239,0.8953325361810909,4,4000,397
TCTGTTAT,0.7107585002271385,0.7718323506370346,4,4000,397
TGACATAT,0.6957328481422366,0.7850162866449512,4,4000,397
TAATTGAT,0.6939059098609609,0.8091988619964541,4,4000,397
TTCTATAA,0.6820397708060703,0.6659073104358224,4,4000,397
GTTGAGAT,0.6779585333424578,0.7208901991506206,4,4000,397
AACGATCA,0.6698312947719272,0.8003958273203315,4,4000,397
CATGTATA,0.6692963383900795,0.7641735043087453,4,4000,397
CAGGTATA,0.6663577938154374,0.7923452768729642,4,4000,397
TATATTTG,0.6636661390443197,0.7966540221828228,4,4000,397
TGCATGAT,0.6610259545167659,0.8118480188017977,4,4000,397
AGCTGTAT,0.6566327756519125,0.7209211231600214,4,4000,397
TGCTTATA,0.6561837387375496,0.7060982146538574,4,4000,397
GATAATTT,0.6537708619389447,0.6716797921906569,4,4000,397
TATAATGT,0.6521081634874832,0.6357564012699459,4,4000,397
TATAATTC,0.6515515867636685,0.7040366140271307,4,4000,397
AGATATTT,0.6468584039360462,0.8200738053024368,4,4000,397
CTACTGAT,0.6461433358264435,0.7291262936543933,4,4000,397
GTACTGAT,0.6432921878736805,0.7197460108027872,4,4000,397
AAAATAAT,0.6413975913010843,0.6688450913289078,4,4000,397
TACGTATT,0.6380184265541977,0.7422689976497753,4,4000,397
ATAGGAAT,0.6373493029198678,0.698439368325568,4,4000,397
CTGTGTAT,0.6334620211324212,0.7122727085309034,4,4000,397
GAGGATAG,0.6284148985882541,0.7821609697769348,4,4000,397
TACAATGA,0.6249059532110125,0.6305508596874614,4,4000,397
TTGGTAAT,0.6238806733304044,0.465457881499196,4,4000,397
GACCATTA,0.617975239755962,0.47404444810951224,4,4000,397
CGTACATA,0.6161483769680244,0.6650929781882654,4,4000,397
TCCTAATA,0.6134983618020112,0.6921824104234527,4,4000,397
ATGTATTC,0.6101615326797349,0.5513750876180267,4,4000,397
GAGCAATA,0.6083654902365323,0.6105945656207479,4,4000,397
CGTATACG,0.608246902630062,0.7469385230693111,4,4000,397
GTTGTGAT,0.6067832604756809,0.7786665567146334,4,4000,397
ATCTCTCC,0.6032411715486126,0.8052715128025398,4,4000,397
TGCTATCT,0.602376405532739,0.7701727621325197,4,4000,397
TACGTAAA,0.6008913001651304,0.47519894446047917,4,4000,397
AGAGTATG,0.600692967082072,0.4268544097637406,4,4000,397
TAACCTAT,0.5990276878731513,0.7646167484434916,4,4000,397
TACATTAA,0.5990160443384998,0.6008019626437966,4,4000,397
AGCTTATT,0.5984373944963346,0.6750608172184884,4,4000,397
CATGGATA,0.5960516051692469,0.7932523811487239,4,4000,397
TTTTATGC,0.5944301915282736,0.46957077474951553,4,4000,397
GTTATTTT,0.5929628874909251,0.6253453181049767,4,4000,397
GTTTGATA,0.5916060413998803,0.9073001278192389,4,4000,397
TTAACAAT,0.5902908286932402,0.5712901496722055,4,4000,397
TACTAAGA,0.5902061216522356,0.5657856759988455,4,4000,397
CTATAAAG,0.5896076127320091,0.5776192635962561,4,4000,397
ATCCGAAA,0.5890568180208852,0.7905723003339793,4,4000,397
TAAATGAA,0.5877756173931826,0.5675998845503649,4,4000,397
TGGGTATC,0.5874651763437876,0.9444501711128521,4,4000,397
TAAAATTA,0.5872762349852064,0.47755947717808106,4,4000,397
ATGGTAGT,0.5868414756420387,0.4731579598400198,4,4000,397
ACCAGTAA,0.5855046469216562,0.5879478827361564,4,4000,397
TATATAGC,0.5852986708287786,0.8788809631798128,4,4000,397
ACTAACAT,0.5845049560313013,0.4980208633983425,4,4000,397
AGAATTAG,0.5834256979394842,0.32179524182575353,4,4000,397
CACATTCT,0.5822452126435772,0.23950645280996166,4,4000,397
GTATAGTT,0.5807623147539838,0.751123572341566,4,4000,397
TAGTAGTA,0.5798380699563718,0.6796478786129552,4,4000,397
GATACTCG,0.5796382088265515,0.8971673607388777,4,4000,397
AATCCTCT,0.5763110635905666,0.5925967921494248,4,4000,397
ACAATCTT,0.5752489808652537,0.6080278728404734,4,4000,397
ATACCTTT,0.5742322042763475,0.8981363130334391,4,4000,397
ACATGGAG,0.57407420143375,0.47371459200923594,4,4000,397
TACGGTAC,0.5724973390168205,0.5875458706139447,4,4000,397
AGCTATTG,0.5718821057579975,0.5243990434173093,4,4000,397
TGAAGATC,0.5714177513772862,0.8538634395744856,4,4000,397
ATAACGTT,0.5711875584409989,0.39597163237537625,4,4000,397
TTCCATTT,0.5711576709620219,0.3205479734465839,4,4000,397
CACAATAG,0.5707026730297182,0.5511895435616212,4,4000,397
ATGCTAGC,0.5705427066441255,0.3949923720776812,4,4000,397
AGCAAATC,0.5703269336200207,0.4723436275924628,4,4000,397
GGCATAGA,0.5699257853585429,0.5747948707376407,4,4000,397
GGTATCAT,0.5664197668807696,0.989691996866367,4,4000,397
TCGAACAT,0.5647807772759265,0.4584999793839937,4,4000,397
CGTTAGAC,0.5639578536738535,0.43578114047746674,4,4000,397
TAGCATGA,0.5637834968250464,0.5699191852554323,4,4000,397
GGTGATCG,0.5637392221059017,0.8336288294231642,4,4000,397
AACGTAGA,0.5634038630897599,0.4684781264173504,4,4000,397
GAACTAAT,0.5617354796790248,0.4795076897703377,4,4000,397
CAATGTTA,0.5593091294634838,0.5142972003463488,4,4000,397
TAGTACAT,0.5575807608850094,0.475652496598359,4,4000,397
GTTTCTGT,0.5572970501054919,0.43130746711747003,4,4000,397
CAATGTCT,0.5570604960504173,0.48035294602729556,4,4000,397
GCCGTATC,0.556940148168426,0.9013111779985981,4,4000,397
AGTTTGTA,0.5569228483035364,0.45988125180390055,4,4000,397
CAGATAGG,0.5565276938919301,0.796252010060611,4,4000,397
ATCCTCAA,0.5561594627078915,0.7408774172267348,4,4000,397
TAGGGATG,0.5555365014761164,0.6188512761307879,4,4000,397
GATCTTTA,0.5554186792478029,0.7922009648290933,4,4000,397
GTCCTAGT,0.5543295836494582,0.32858821589081766,4,4000,397
GATGATCT,0.9204529523849487,0.882694924339257,5,5000,496
AGCATGAT,0.7647514939308167,0.733795819073929,5,5000,496
TATATGTG,0.7579859495162964,0.795159361728446,5,5000,496
TATCATCC,0.7363579869270325,0.9454912794293491,5,5000,496
GTATCATC,0.7289461493492126,0.9861872758009319,5,5000,496
ACCTAGAT,0.7089217901229858,0.7792747288995175,5,5000,496
CAATCATA,0.7088473439216614,0.6548365150703006,5,5000,496
TGCGTATA,0.7084765434265137,0.7998701191605163,5,5000,496
CGACATAT,0.7029374837875366,0.6764420896383952,5,5000,496
CACCATCT,0.7015523314476013,0.432853667587515,5,5000,496
TATCTTAC,0.6996526718139648,0.8480394178039831,5,5000,496
TGTAGTAC,0.6993423700332642,0.6048839318847153,5,5000,496
CTGAGATC,0.6989994049072266,0.7830886900589618,5,5000,496
GGTCTATA,0.6982596516609192,0.6666804106708448,5,5000,496
GATGGATG,0.6949875950813293,0.4903310930606523,5,5000,496
GACGGATC,0.6937000751495361,0.806199233084567,5,5000,496
ACTCTATA,0.6935316324234009,0.6997484847235393,5,5000,496
TCTAATAC,0.692947268486023,0.8252896548880551,5,5000,496
CTTGGATC,0.6920393705368042,0.8139199274316581,5,5000,496
AAGCATCT,0.6900086402893066,0.44774873211561456,5,5000,496
GTACCTAT,0.6882169842720032,0.7680905454995257,5,5000,496
AGGAGGAT,0.6880090832710266,0.8236197583804066,5,5000,496
ATACTTGT,0.6841686964035034,0.8154867439079702,5,5000,496
AATTTATA,0.6830213069915771,0.6829773636251185,5,5000,496
CCCTTATA,0.6816693544387817,0.6655052983136107,5,5000,496
CGGCTGAT,0.6775227785110474,0.4741372201377149,5,5000,496
AACCTGAT,0.6772388219833374,0.7638127241990682,5,5000,496
CATTTATC,0.675033688545227,0.7208901991506206,5,5000,496
ATAGAAAT,0.6712186336517334,0.663505545705686,5,5000,496
AGATGATC,0.6702288389205933,0.9131756896054096,5,5000,496
ATCTTTGA,0.665789008140564,0.8126726590524883,5,5000,496
ATCTTTTA,0.6612954139709473,0.8032408361852141,5,5000,496
AAAGAGAT,0.6593961715698242,0.7389910526532799,5,5000,496
GTCGTGAT,0.6576732397079468,0.7037686059456563,5,5000,496
TAGTATCC,0.6563622355461121,0.8437822125097927,5,5000,496
TTGTATCT,0.6546318531036377,0.8216921617944172,5,5000,496
TTATTAAA,0.6519901156425476,0.5276976044200717,5,5000,496
GCCATAAC,0.6509734988212585,0.2879437595349029,5,5000,496
TATGGTGG,0.6481339931488037,0.6025130911639797,5,5000,496
GTTGCATA,0.6462054252624512,0.4009091658763864,5,5000,496
TATTCTTT,0.6460864543914795,0.6996969447078712,5,5000,496
GGTTTATG,0.6400611400604248,0.7323217746258195,5,5000,496
TATGCTAG,0.639316201210022,0.49669113099410384,5,5000,496
TACATAAC,0.6385698318481445,0.5495196470539727,5,5000,496
TAATGGAG,0.638325572013855,0.44868676040077515,5,5000,496
AGACAAAT,0.6363211870193481,0.5190491897909537,5,5000,496
AACGATGA,0.6357772350311279,0.5460355419948048,5,5000,496
GCGGATCC,0.6341863870620728,0.7080258112398466,5,5000,496
ATCTCGGT,0.633471667766571,0.698439368325568,5,5000,496
GTGATGAA,0.630640983581543,0.5482826866779368,5,5000,496
ACCCTATG,0.6288248300552368,0.489609532841298,5,5000,496
GATAATGT,0.6283441781997681,0.7635962561332619,5,5000,496
TATCCTTT,0.6258495450019836,0.8830660124520678,5,5000,496
TCGTCTAT,0.6202995777130127,0.56594029604585,5,5000,496
CACTAATA,0.618653416633606,0.603265575392735,5,5000,496
CATAAGAA,0.6182770729064941,0.6630416855646724,5,5000,496
ATCCCCCC,0.6171866655349731,0.8629963303508844,5,5000,496
CTTCTATG,0.6151232719421387,0.5328103739743536,5,5000,496
TTGATCTG,0.6149123311042786,0.8000247392075206,5,5000,496
TCTCATGT,0.6138182878494263,0.6578979920009896,5,5000,496
TGTCATCC,0.6132130026817322,0.674988661196553,5,5000,496
AGAACATA,0.6116589307785034,0.6565270275842163,5,5000,496
TTCCATAG,0.6105194091796875,0.3164866202119326,5,5000,496
TTATTGTA,0.6092501878738403,0.6879561291386632,5,5000,496
GCATGAAT,0.6057963371276855,0.39986805755988947,5,5000,496
GAAGGGAT,0.6047900319099426,0.7356306436317157,5,5000,496
AATCAAAT,0.6046355962753296,0.5436131612584011,5,5000,496
GGATATGA,0.6018145680427551,0.8735414175565909,5,5000,496
AATTGTCT,0.6012270450592041,0.4731579598400198,5,5000,496
ATATTCGG,0.6008423566818237,0.6212221168515235,5,5000,496
ATCGTTAA,0.5988558530807495,0.7355687956129138,5,5000,496
CGCGTGAT,0.5986603498458862,0.7401043169917124,5,5000,496
CTATATGG,0.594973087310791,0.7086030594153301,5,5000,496
ACGCATAG,0.5948539972305298,0.4573660990392941,5,5000,496
TTTATTCG,0.5948392152786255,0.5149569125469015,5,5000,496
TGAGCGAT,0.5920462608337402,0.6500742176225621,5,5000,496
TCCCCATA,0.5907427668571472,0.6746175730837423,5,5000,496
GCTCGATA,0.590376615524292,0.6783181462087164,5,5000,496
GTACATTA,0.5888080596923828,0.5630643631715665,5,5000,496
TCCAGTAA,0.5882339477539062,0.41728858285572923,5,5000,496
CATCGTCT,0.5877617597579956,0.5262338679750959,5,5000,496
ATGATCAC,0.5877307653427124,0.902414134333897,5,5000,496
AATACTCG,0.5862870216369629,0.6715148641405186,5,5000,496
GCGCATCT,0.5756806135177612,0.2372902321362306,5,5000,496
CATTCTAA,0.5752511024475098,0.4862491238197336,5,5000,496
ATAACGAC,0.5743693113327026,0.5306869253288253,5,5000,496
TTCTTGTA,0.5735172033309937,0.537180967303014,5,5000,496
CATTGGAG,0.5727677345275879,0.4535830618892508,5,5000,496
GAGTGTAG,0.5713635683059692,0.3634601904918979,5,5000,496
AGGATGCA,0.5708253979682922,0.30199356780604464,5,5000,496
ATCAGAAG,0.5693974494934082,0.5813507607306313,5,5000,496
GAAGCATA,0.5684270262718201,0.3912093349276378,5,5000,496
TAACAGAC,0.5679830312728882,0.5553127448150744,5,5000,496
TTGCCATA,0.5674622058868408,0.4581804312868511,5,5000,496
CAAAATAA,0.566421627998352,0.627190450665897,5,5000,496
CTCTTACA,0.5646184682846069,0.6658454624170206,5,5000,496
TTTCCATA,0.5624879002571106,0.5895662392281367,5,5000,496
ACCTCTTA,0.5620225667953491,0.474920628375871,5,5000,496
CGTATTGT,0.5602905750274658,0.6855955964210613,5,5000,496
AATATATC,0.8899142742156982,0.9091452603801592,6,6000,595
AAGGATAT,0.8555017709732056,0.8856945532511441,6,6000,595
TTTATATG,0.8547353744506836,0.6109141137178905,6,6000,595
TAATAGAT,0.8297914862632751,0.8375974106296129,6,6000,595
GAGAGATC,0.8261959552764893,0.7970251102956335,6,6000,595
AATGATCT,0.800500214099884,0.9316063992083453,6,6000,595
GGTGTGAT,0.7903969287872314,0.8287840679503566,6,6000,595
TGTCTTAT,0.782892107963562,0.6985527563600379,6,6000,595
AACTATCA,0.7738165855407715,0.8894466663917866,6,6000,595
ATCCTACA,0.7579458355903625,0.6930792066960789,6,6000,595
ATCTGATT,0.7569665908813477,0.7696367459695708,6,6000,595
ATTCCTAT,0.7461256980895996,0.698439368325568,6,6000,595
ATCGGTAC,0.7451679706573486,0.5382529996289119,6,6000,595
GTCTATCA,0.7442260980606079,0.6555374592833877,6,6000,595
ATCTTGCT,0.7416430711746216,0.6455593122500309,6,6000,595
GGTGTATA,0.7382961511611938,0.8057766049560879,6,6000,595
ATCTCTTT,0.7300243377685547,0.7389910526532799,6,6000,595
TGGATAAT,0.7234656810760498,0.7148806333237125,6,6000,595
TTTTTGAT,0.7152818441390991,0.8764173504308745,6,6000,595
ATTCTTAT,0.7127895355224609,0.6052447119943924,6,6000,595
ACATATTT,0.7010905742645264,0.6358285572918814,6,6000,595
CATGCTAT,0.6997448205947876,0.5766296952954274,6,6000,595
TTAATATT,0.6995409727096558,0.7936543932709356,6,6000,595
CAAGATCC,0.687509298324585,0.8025811239846616,6,6000,595
GTTATCTG,0.6868924498558044,0.700655588999299,6,6000,595
TGGATCAG,0.6763241291046143,0.8785614150826702,6,6000,595
ATCTTGAG,0.676162600517273,0.5779388116933988,6,6000,595
GACATATG,0.6741906404495239,0.5564260091535067,6,6000,595
TACGTATG,0.6740955114364624,0.6826475075248423,6,6000,595
TCCGCTAT,0.6731549501419067,0.651342102007999,6,6000,595
TGCTATCA,0.6717545390129089,0.8901063785923391,6,6000,595
GTATTTTT,0.669848620891571,0.6907908300004123,6,6000,595
ATCGGTCG,0.6692191362380981,0.706469302766668,6,6000,595
ATCACTTC,0.6664190292358398,0.8293716241289737,6,6000,595
GTCTATTA,0.6616867184638977,0.5246670514987836,6,6000,595
GGTTATGG,0.6613142490386963,0.3590895971632376,6,6000,595
TCTCTCTA,0.6582812070846558,0.524739207520719,6,6000,595
GTATTGTT,0.6536240577697754,0.7698532140353771,6,6000,595
TCTCGTAG,0.6529718637466431,0.5743516266028944,6,6000,595
CTCGATCG,0.6512402296066284,0.6148002308992703,6,6000,595
CTATCGAC,0.6503257751464844,0.6520842782336207,6,6000,595
ATCCCTTG,0.6456012725830078,0.691780398301241,6,6000,595
TATCTCAA,0.6425722241401672,0.9006514657980456,6,6000,595
CGACTATA,0.6397002935409546,0.6655465303261452,6,6000,595
CGTATTAA,0.6391209363937378,0.787799447491032,6,6000,595
TATTTACG,0.6359834671020508,0.5898342473096112,6,6000,595
GCCCATAT,0.6340250968933105,0.7865831031212633,6,6000,595
TATTTACT,0.6330674290657043,0.6852348163113842,6,6000,595
TCGCATAA,0.6299115419387817,0.6140271306642477,6,6000,595
GTCTGATT,0.6297955513000488,0.5234403991258814,6,6000,595
ATGAGTAA,0.6297411918640137,0.615398095081021,6,6000,595
ACGGCTAT,0.6287690997123718,0.5629303591308291,6,6000,595
CTGTTAGA,0.6193209290504456,0.4898981569290397,6,6000,595
TACTCGAT,0.6191239953041077,0.7456294066713397,6,6000,595
GCATATGC,0.618625283241272,0.5717952418257536,6,6000,595
AGATCACC,0.6182494759559631,0.7951696697315795,6,6000,595
AAGAGAAA,0.6177990436553955,0.44271842658640165,6,6000,595
CCGAGACC,0.6163212060928345,0.44381107491856675,6,6000,595
TGTCATTC,0.6156001091003418,0.46605574568094665,6,6000,595
TGCCTTAT,0.6137347221374512,0.6451985321403538,6,6000,595
AGATTTGA,0.6120578050613403,0.6556920793303921,6,6000,595
GTCGCTAA,0.6089395880699158,0.23158990640333152,6,6000,595
CATGTGAC,0.6084054708480835,0.3830660124520678,6,6000,595
TTCTAGAA,0.6079210042953491,0.49294932585659507,6,6000,595
ATGTTCTA,0.6019104719161987,0.5053292376200882,6,6000,595
CGTTATGT,0.6009728312492371,0.40982558858697893,6,6000,595
GCAGGATT,0.600077748298645,0.367696779779821,6,6000,595
GGATTTTC,0.5977023839950562,0.3387209829711788,6,6000,595
CATACTAA,0.5971969962120056,0.4401208097967262,6,6000,595
CTCCGTAT,0.5962614417076111,0.5888034469962479,6,6000,595
AACTAATA,0.5920112133026123,0.6468375046386015,6,6000,595
ATCGGTTT,0.5917870998382568,0.6661340865047622,6,6000,595
TTTATGTC,0.5907422304153442,0.6227889333278357,6,6000,595
ATACTTTC,0.5877797603607178,0.7380014843524513,6,6000,595
ATTCTTCT,0.5876098871231079,0.4877025522615759,6,6000,595
ACCTCATT,0.5835906267166138,0.5422009648290933,6,6000,595
TCAATCCT,0.5830923318862915,0.6314785799694883,6,6000,595
CATGTTGT,0.5819351673126221,0.566868016327877,6,6000,595
CCGTCATC,0.5798130035400391,0.429173710468808,6,6000,595
ATGCACAT,0.57875657081604,0.37535562610811035,6,6000,595
TAGTATGC,0.5773560404777527,0.5858038180843608,6,6000,595
CCCTCTAT,0.5753764510154724,0.6608770049066095,6,6000,595
CGTTTATT,0.5728907585144043,0.4304312868511112,6,6000,595
CATGCTTG,0.5719833374023438,0.4111450129880839,6,6000,595
TGCTCTAT,0.570664644241333,0.511627427534738,6,6000,595
ATTTGGTA,0.5686547756195068,0.645219148146621,6,6000,595
AAAATACT,0.5678380727767944,0.674483569043005,6,6000,595
ACTAGCTC,0.5669033527374268,0.45959262771615883,6,6000,595
CTCTAGTA,0.5662205219268799,0.5809178245990186,6,6000,595
TAGGAGTG,0.5655890703201294,0.4471405599307302,6,6000,595
TCTCCTTG,0.5605579018592834,0.5906691955634354,6,6000,595
GATCAAAG,0.5585447549819946,0.8482765018760565,6,6000,595
GTTCATAG,0.5570508241653442,0.5268935801756484,6,6000,595
AACATTTT,0.5543707609176636,0.4646126252422381,6,6000,595
GATGGCAT,0.5538976192474365,0.5285737846864306,6,6000,595
GATGGAAC,0.5528678894042969,0.22249824763946727,6,6000,595
CCTTATGT,0.5528168678283691,0.5292644208963839,6,6000,595
AGTGTTAG,0.5527336001396179,0.519657361975838,6,6000,595
TCCCTACG,0.5488173961639404,0.5879994227518245,6,6000,595
TATATATA,1.0104279518127441,0.9487692244258442,7,7000,694
AAGATATG,0.885875403881073,0.8724693852306932,7,7000,694
TTATAGAT,0.8351131677627563,0.8227848101265823,7,7000,694
TTATTATC,0.8299126029014587,0.8290726920380984,7,7000,694
TATATTAC,0.8093622922897339,0.8491217581330145,7,7000,694
TGATTGAT,0.808059573173523,0.8168886323341442,7,7000,694
ATAGTATA,0.7979958057403564,0.8855605492104069,7,7000,694
CCTTATAT,0.7944822311401367,0.7831093060652291,7,7000,694
ACCGATAT,0.7896972894668579,0.8862305694140932,7,7000,694
TTATCACT,0.7721190452575684,0.7451346225209252,7,7000,694
TATACTCG,0.770416259765625,0.7867377231682678,7,7000,694
TATCTCGC,0.7689444422721863,0.7888920958231972,7,7000,694
TGTATACG,0.7670040726661682,0.8188574609326681,7,7000,694
ACATTGAT,0.7636818885803223,0.7064383787572671,7,7000,694
GTTGTATC,0.7508495450019836,0.86548055910609,7,7000,694
TCTGATAA,0.7485079169273376,0.7112419082175401,7,7000,694
ATCTGTCT,0.746152400970459,0.7094792396816889,7,7000,694
ATCACACT,0.7407058477401733,0.7487321156145632,7,7000,694
ATCTGTAA,0.7406075596809387,0.5777841916463943,7,7000,694
CTATCTTT,0.7405128479003906,0.7525048447614728,7,7000,694
ATGGTATC,0.7352539300918579,0.94563559147322,7,7000,694
AAGATCGA,0.7218959927558899,0.6387869541912341,7,7000,694
TACCCTAT,0.7191781997680664,0.8338659134952378,7,7000,694
ACCTCTAT,0.7170793414115906,0.5734651383334021,7,7000,694
TAGATCTT,0.7101845741271973,0.7696367459695708,7,7000,694
ACCGATAC,0.7087875008583069,0.9165154826207067,7,7000,694
TATTAGTT,0.708678126335144,0.6468375046386015,7,7000,694
ATCGTACC,0.7082923650741577,0.6301900795777842,7,7000,694
TTCTCGAT,0.704764723777771,0.6554446872551849,7,7000,694
TATAGCTA,0.6976749300956726,0.8381643508019627,7,7000,694
CCTATATG,0.6972178816795349,0.6066466004205666,7,7000,694
ATATATTG,0.6968429088592529,0.8960953284129798,7,7000,694
TATCCAAT,0.6885007619857788,0.8540695996371583,7,7000,694
ATCCGTTT,0.6836282014846802,0.8167030882777389,7,7000,694
TGTCATAC,0.6805692315101624,0.669205871438585,7,7000,694
ACATTATA,0.6780872344970703,0.6357564012699459,7,7000,694
AGATTACC,0.6780141592025757,0.6301797715746507,7,7000,694
GTGGATCT,0.6775140762329102,0.7764091040283676,7,7000,694
AACTTGAT,0.6756869554519653,0.838236506823898,7,7000,694
TCCCGTAT,0.6651644706726074,0.8408031996041726,7,7000,694
TATCGAGA,0.6650972366333008,0.7579680864222983,7,7000,694
ATATGTGC,0.6644523739814758,0.7318888384942069,7,7000,694
ATCTGGGT,0.6635743379592896,0.8187646889044654,7,7000,694
ATACATGA,0.6590996980667114,0.810404898363089,7,7000,694
ATCAGAGT,0.6572127938270569,0.695460355419948,7,7000,694
AGACGTAT,0.6552816033363342,0.8005504473673359,7,7000,694
AGGGGATA,0.6491341590881348,0.9282666061930483,7,7000,694
GAATGTAT,0.6478087306022644,0.7229517997773471,7,7000,694
AGTATGTT,0.6431609392166138,0.5316146456108523,7,7000,694
GGAATACA,0.6379390954971313,0.3926627633694801,7,7000,694
CATGATGT,0.6367112398147583,0.5584773017770998,7,7000,694
GTATCCCT,0.6364099979400635,0.8665628994351214,7,7000,694
CGATATGT,0.6331223845481873,0.9264833216509298,7,7000,694
ATAACTCG,0.6323703527450562,0.5535088442666886,7,7000,694
TATAGACT,0.6314070224761963,0.6434358636045026,7,7000,694
ACACCTGT,0.6295574903488159,0.6734115367171072,7,7000,694
GGATGATG,0.6220650672912598,0.4506040489836309,7,7000,694
CGATGATT,0.6189766526222229,0.42275182451655463,7,7000,694
TGTCTAAT,0.6169940233230591,0.7918814167319507,7,7000,694
TAGAGGAA,0.613863468170166,0.5724240300169051,7,7000,694
CATATTCC,0.6135802865028381,0.5739805384900837,7,7000,694
TGTATGTG,0.6129155158996582,0.5322228177957367,7,7000,694
ATGAGCTC,0.6105023622512817,0.6096462293324537,7,7000,694
AGGGGATC,0.6104941964149475,0.8472147775532924,7,7000,694
ACCAATCT,0.608309805393219,0.5243990434173093,7,7000,694
TCCCTGTC,0.6071665287017822,0.46786995423246613,7,7000,694
TTCTCATC,0.6039230227470398,0.5218426586401682,7,7000,694
ACATATGC,0.6029363870620728,0.35189461097596175,7,7000,694
TCTCTTCT,0.6023558378219604,0.6439718797674515,7,7000,694
TGTCATTA,0.6020125150680542,0.5731971302519275,7,7000,694
CACTCGAT,0.6006484031677246,0.6198614604378839,7,7000,694
CCGCGGAT,0.6002130508422852,0.6607326928627386,7,7000,694
GATTATGG,0.5986798405647278,0.5809796726178205,7,7000,694
CCTTATCA,0.5979501008987427,0.751968828598524,7,7000,694
CATCTCAC,0.5939220786094666,0.5045149053725312,7,7000,694
ATTGGATG,0.592652440071106,0.49697975508184555,7,7000,694
TCATCAAT,0.5926439762115479,0.6809466870077928,7,7000,694
TAGCATTG,0.5911445617675781,0.37620088236506827,7,7000,694
CGAGGATT,0.5882689952850342,0.33219601698758916,7,7000,694
ATACTGAC,0.5857030153274536,0.6715457881499196,7,7000,694
GACGAATA,0.5822043418884277,0.5747948707376407,7,7000,694
TTCGTACC,0.581824779510498,0.5965447573496062,7,7000,694
TGAACATT,0.579902708530426,0.2064280707541335,7,7000,694
GTCTCAAT,0.5788326263427734,0.657238279800437,7,7000,694
TACCTGGT,0.5786108374595642,0.40389848678514,7,7000,694
GGTGAATC,0.5784668922424316,0.40502205912670597,7,7000,694
CTTCTTAT,0.5783785581588745,0.6369108976209129,7,7000,694
TCTAACCT,0.578265905380249,0.24474291840184717,7,7000,694
ATCCATTT,0.5773742198944092,0.7153032614521915,7,7000,694
GATTTCAT,0.5770624279975891,0.41346431369315134,7,7000,694
TGTCGACC,0.5769076347351074,0.3333402053354224,7,7000,694
GATAACTA,0.5758956670761108,0.7369706840390879,7,7000,694
TCAGCATC,0.5755477547645569,0.4055786912959221,7,7000,694
AGTGTTTT,0.5752930641174316,0.4945573743454418,7,7000,694
TCTTCATC,0.574787974357605,0.537521131406424,7,7000,694
ATAGGAGT,0.5738997459411621,0.6765245536634643,7,7000,694
TGGTCTAT,0.5733453035354614,0.5510452315177504,7,7000,694
TTCTTATG,0.572498083114624,0.6630416855646724,7,7000,694
TGATTGTT,0.5724206566810608,0.5536737723168268,7,7000,694
GTATCTAT,0.9256645441055298,0.9460891436110996,8,8000,793
TAAGATCA,0.8639978170394897,0.8881787820063497,8,8000,793
AGAGATCG,0.8425791263580322,0.6967900878241867,8,8000,793
CTATATCC,0.8273322582244873,0.9028264544592421,8,8000,793
ATCATATG,0.7987847328186035,0.7898713561208923,8,8000,793
TCGAGGAT,0.7892085313796997,0.7614109594689317,8,8000,793
ATTTGATA,0.7866201400756836,0.9692615346555066,8,8000,793
CTATCTCC,0.7865163087844849,0.8194450171112853,8,8000,793
GTATATTA,0.7721275091171265,0.8590689811569703,8,8000,793
TGATATTT,0.7557881474494934,0.8833752525460767,8,8000,793
ATCATTGC,0.7520767450332642,0.7408568012204676,8,8000,793
GCATATAA,0.7482760548591614,0.7258586566610316,8,8000,793
ATCTTAGA,0.7377009391784668,0.8361645981940379,8,8000,793
ATATGGGA,0.737229585647583,0.8520595390260999,8,8000,793
ATCCTTTT,0.7338889241218567,0.7787593287428359,8,8000,793
TCCTATAC,0.7259793281555176,0.742165917618439,8,8000,793
TATATCCA,0.7243884801864624,0.9024553663464314,8,8000,793
TATCCTCC,0.7203207015991211,0.8997752855316867,8,8000,793
TATCTGTA,0.7192010879516602,0.7840988743660577,8,8000,793
TCGTATCC,0.7160871028900146,0.7260132767080362,8,8000,793
GATTATTA,0.7138530015945435,0.7385787325279347,8,8000,793
TATTCTCT,0.712733268737793,0.561951098833134,8,8000,793
AATGTATA,0.7096525430679321,0.8349791778336701,8,8000,793
ATATCCCG,0.7075352668762207,0.8917865831031213,8,8000,793
TATACATA,0.7034997940063477,0.8208159815280583,8,8000,793
GTAGTATA,0.7025432586669922,0.8105904424194945,8,8000,793
ATCATCCA,0.6987723112106323,0.856605368408032,8,8000,793
AATATCCC,0.6937087774276733,0.8330515812476808,8,8000,793
TCAAATCT,0.6926373839378357,0.6556920793303921,8,8000,793
ATCCTCTT,0.6923739910125732,0.6915845462417021,8,8000,793
TTCTTATC,0.6856749057769775,0.7031398177545046,8,8000,793
CATCTTTC,0.684333086013794,0.4239887848925906,8,8000,793
GGAGATAC,0.6795575618743896,0.9121964293077146,8,8000,793
AACTTATA,0.6740532517433167,0.6889250814332247,8,8000,793
TTCCATAT,0.6684317588806152,0.751906980579722,8,8000,793
GTCGGTAT,0.6610956192016602,0.7909949284624583,8,8000,793
ATCTATAG,0.6590825319290161,0.7622665237290233,8,8000,793
GTGATCAA,0.6527246236801147,0.8063332371253041,8,8000,793
GAGATCGT,0.6519856452941895,0.7095101636910898,8,8000,793
TATTACCC,0.6514052152633667,0.8071991093885292,8,8000,793
GTACCTTT,0.648654043674469,0.4010225539108564,8,8000,793
TCCATAAT,0.6474356651306152,0.6728755205541582,8,8000,793
GAACTTAT,0.6467477679252625,0.631066259844143,8,8000,793
TTATTCAT,0.6452301144599915,0.7054385024533047,8,8000,793
GCGATCGA,0.6450906991958618,0.7227765637240754,8,8000,793
CTTTGTAT,0.6438442468643188,0.6168721395291304,8,8000,793
GCATCATA,0.6425349712371826,0.6882653692326722,8,8000,793
GTTCAGAT,0.6384826898574829,0.7033356698140437,8,8000,793
CAGACGAT,0.6353120803833008,0.5823815610439946,8,8000,793
TCAATACC,0.6350365877151489,0.8613161258401023,8,8000,793
ATCTGTAG,0.6338323950767517,0.5159052488351956,8,8000,793
GAAGGATC,0.6320444345474243,0.8457819651177175,8,8000,793
ATACGCAA,0.6300945281982422,0.7190966066053684,8,8000,793
CATCACCT,0.6278213858604431,0.5169154331422916,8,8000,793
ATGATTGC,0.6264642477035522,0.47648744485218325,8,8000,793
GTATTTTC,0.6260645389556885,0.6183771079866408,8,8000,793
ATCTGCCT,0.6240860223770142,0.6633509256586814,8,8000,793
TGAAATCT,0.6236764192581177,0.4195460355419948,8,8000,793
CATCTTAG,0.6225664615631104,0.49982476394672826,8,8000,793
GCGATAGC,0.6209309101104736,0.7507627922318888,8,8000,793
AACCGTGT,0.6145868301391602,0.4196903475858657,8,8000,793
ACCATACA,0.6132981181144714,0.5582402177050262,8,8000,793
TCTAACAT,0.6118061542510986,0.5451799777347132,8,8000,793
GGTCTAAG,0.6020467877388,0.47370428400610237,8,8000,793
CCTCATCT,0.5971904397010803,0.6179132478456274,8,8000,793
TACCACCC,0.5960215926170349,0.5219560466746382,8,8000,793
GGTGTATT,0.594750165939331,0.7783573166206242,8,8000,793
GAGCTCTC,0.594414472579956,0.4130416855646724,8,8000,793
CGGTCGAT,0.5940396189689636,0.29284006102337856,8,8000,793
CGGATACA,0.5932188630104065,0.8796643714179689,8,8000,793
TAAACAAT,0.5930572748184204,0.6799261946975632,8,8000,793
TTCCGATC,0.5910018682479858,0.7404754051045233,8,8000,793
ACAAGCAT,0.5899803638458252,0.3501010184307096,8,8000,793
CATCTCAA,0.5882606506347656,0.6794932585659506,8,8000,793
CTACCAGA,0.5856294631958008,0.5601781222941492,8,8000,793
GTATAGGG,0.5838830471038818,0.7275697851812146,8,8000,793
CAGTAATA,0.5766676068305969,0.6539087947882736,8,8000,793
ATTATTAG,0.5754722952842712,0.5908856636292418,8,8000,793
ACTAATCT,0.574194073677063,0.7757700078340823,8,8000,793
TTATGATT,0.5736331343650818,0.6076258607182616,8,8000,793
CTTTATAC,0.5731499195098877,0.7113449882488764,8,8000,793
TAGGATGC,0.5710019469261169,0.5994413062301571,8,8000,793
TTACCTCC,0.5703341364860535,0.46477755329237624,8,8000,793
TCATCGCT,0.5691566467285156,0.5297798210530656,8,8000,793
ATGACCCC,0.5667333602905273,0.7776769884138045,8,8000,793
TCTTTTAC,0.5646206140518188,0.3737991176349318,8,8000,793
ATCCTTTG,0.5630941390991211,0.7837793262689151,8,8000,793
TTAATACT,0.5618863701820374,0.8267946233455655,8,8000,793
CTAGATTT,0.5610870122909546,0.5277697604420072,8,8000,793
TGTCACAA,0.5607037544250488,0.5140395002680082,8,8000,793
GTCTGTAA,0.5602079629898071,0.6235929575722591,8,8000,793
AAGTTGAA,0.5544030070304871,0.3264956912546902,8,8000,793
TGTAACAA,0.554107129573822,0.4371005648785717,8,8000,793
TTATAAAC,0.5537935495376587,0.7171896260256464,8,8000,793
GTTGATTT,0.5521754026412964,0.4517688533377314,8,8000,793
TCCAATTC,0.5516328811645508,0.5728260421391168,8,8000,793
AGCGGATT,0.5499727725982666,0.6340452727497629,8,8000,793
TTAGATGA,0.5493292808532715,0.6411990269245043,8,8000,793
AGCATCGC,0.5476690530776978,0.24451614233290728,8,8000,793
AAGATATA,0.9873758554458618,0.8998989815692905,9,9000,892
ATGAGATA,0.8903858661651611,0.7936028532552674,9,9000,892
ATAGATAT,0.8809511661529541,0.9426153465550654,9,9000,892
CATTATCA,0.8777242302894592,0.7286315095039789,9,9000,892
GAATATCT,0.8758220672607422,0.736826371995217,9,9000,892
GAGGTATA,0.865348756313324,0.8818187440728982,9,9000,892
TATAATCC,0.8613989353179932,0.9247000371088113,9,9000,892
TATGGATA,0.8443604111671448,0.8797571434461716,9,9000,892
ATCTTGAT,0.8390577435493469,0.7470106790912464,9,9000,892
AATATAAT,0.8181499242782593,0.7950872057065105,9,9000,892
CATTATAA,0.8122910261154175,0.6219024450583432,9,9000,892
ATCACATC,0.8027196526527405,0.7765946480847731,9,9000,892
TCTTAGAT,0.7932467460632324,0.8938378757267141,9,9000,892
GCTGATCA,0.7762019038200378,0.7539582732033151,9,9000,892
TCGGATCC,0.7753874063491821,0.836133674184637,9,9000,892
AGGCTATA,0.7678333520889282,0.7281676493629654,9,9000,892
GATACTGG,0.761884331703186,0.8536263555024121,9,9000,892
TCCTATCG,0.7609161138534546,0.7558755617861708,9,9000,892
AGCGATCA,0.7595864534378052,0.7848616665979467,9,9000,892
CATGATAC,0.7501364946365356,0.9717045313981776,9,9000,892
GTGAGTAT,0.7481561899185181,0.7997979631385809,9,9000,892
TCCTGATA,0.7470881938934326,0.8646765348616666,9,9000,892
TATCCTTG,0.7464655637741089,0.8488949820640745,9,9000,892
GGTTTGAT,0.7375248670578003,0.8047458046427246,9,9000,892
CAGCTATA,0.7233874797821045,0.7210551272007586,9,9000,892
TCTCATCT,0.714552640914917,0.6138415866078424,9,9000,892
CCCCGTAT,0.7131441831588745,0.7537727291469096,9,9000,892
ATATTTGC,0.7123988270759583,0.7117882323836227,9,9000,892
TTGGATCC,0.7114168405532837,0.8854677771822044,9,9000,892
GTATTACA,0.710003674030304,0.7775326763699336,9,9000,892
ATTGAGAT,0.7031864523887634,0.7775017523605328,9,9000,892
AATCTCTA,0.7028658390045166,0.6859563765307384,9,9000,892
ATCTATTT,0.6893143057823181,0.7934585412113965,9,9000,892
ATCATCTG,0.689257025718689,0.8649857749556756,9,9000,892
ATATACGT,0.6881905198097229,0.834082381561044,9,9000,892
CTGATCAA,0.6845768690109253,0.6910176060693523,9,9000,892
TGAATCAT,0.6788182854652405,0.5267492681317775,9,9000,892
GCGATAAG,0.6780729293823242,0.5814229167525666,9,9000,892
ATCTGGTC,0.6764711737632751,0.6124396981816682,9,9000,892
TCTTATTT,0.6705584526062012,0.6881107491856677,9,9000,892
ACGATCTT,0.6690155863761902,0.8157753679957119,9,9000,892
ATCACATG,0.6658304929733276,0.8177441965942357,9,9000,892
CTTATATG,0.6644450426101685,0.7394446047911599,9,9000,892
GTAGAATA,0.6643009781837463,0.6119449140312538,9,9000,892
ATCTCGCG,0.659879744052887,0.6377149218653363,9,9000,892
TAAACTAT,0.659874677658081,0.6681132231064199,9,9000,892
AAACTATC,0.6574283838272095,0.8112913866325816,9,9000,892
CCACTATA,0.6569325923919678,0.629550983383499,9,9000,892
TACCCCTT,0.6565001010894775,0.7350637034593659,9,9000,892
GCTATAGG,0.6558321714401245,0.6679379870531481,9,9000,892
GATATGTA,0.6539636850357056,0.9446975631880592,9,9000,892
ATCTAGCA,0.6452507972717285,0.6690615593947141,9,9000,892
ACACTATC,0.6423217058181763,0.8464829093308044,9,9000,892
CTCGTATG,0.6385548114776611,0.48484723539355956,9,9000,892
TATCGAAC,0.6380245089530945,0.792293736857296,9,9000,892
CTCGATCA,0.6370831727981567,0.6011421267472066,9,9000,892
TGATTAAT,0.6362936496734619,0.7390425926689482,9,9000,892
GGTATTTC,0.6345057487487793,0.6108007256834206,9,9000,892
CCAGATAG,0.6333624720573425,0.7055312744815074,9,9000,892
AATGTTCT,0.6332979202270508,0.25997814703335675,9,9000,892
CATCTATT,0.6328592300415039,0.6111511977899642,9,9000,892
ATACACGT,0.6303598880767822,0.7081907392899848,9,9000,892
CTCTTAGA,0.6296803951263428,0.509885375005154,9,9000,892
ATCTGGGG,0.6273465156555176,0.5977714097225086,9,9000,892
TATTTTAC,0.6248074769973755,0.5400775161835649,9,9000,892
ATACGGGA,0.6245367527008057,0.8408031996041726,9,9000,892
TGCATCAG,0.6231933832168579,0.32263019007957777,9,9000,892
CGTATTAC,0.6222933530807495,0.731940378509875,9,9000,892
ACTTATAG,0.6221613883972168,0.5923184760648168,9,9000,892
TCTTATGT,0.6196375489234924,0.5160083288665319,9,9000,892
ATAGGAGC,0.6190492510795593,0.5137096441677319,9,9000,892
ACTTTATC,0.6182237863540649,0.6603203727373933,9,9000,892
ACCTGAGA,0.6127848029136658,0.6498783655630231,9,9000,892
AGCCCTGT,0.6104124784469604,0.2859440069269781,9,9000,892
ATGGCTAT,0.6045599579811096,0.6610110089473467,9,9000,892
ATCCGCGG,0.6044826507568359,0.6607326928627386,9,9000,892
GGATCGAA,0.6012061834335327,0.7953139817754504,9,9000,892
TATTACTA,0.5971355438232422,0.7150764853832516,9,9000,892
TCTCATTG,0.5938069820404053,0.649713437512885,9,9000,892
TCGGGACC,0.5918401479721069,0.1490537253123325,9,9000,892
AAACCGAT,0.5916703343391418,0.6661340865047622,9,9000,892
TCTGGTTT,0.5915108919143677,0.6277367748319795,9,9000,892
ATATGCGG,0.591192364692688,0.7266523729023214,9,9000,892
TCTAGCTC,0.5908246636390686,0.5071743701810085,9,9000,892
ACATGTTT,0.5887056589126587,0.4328124355749804,9,9000,892
GACTCTAT,0.5884027481079102,0.5523543479157217,9,9000,892
TCCTTAAT,0.5876477956771851,0.6331278604708697,9,9000,892
ATTTGTAA,0.5869919061660767,0.4863831278604709,9,9000,892
TCCGAAAT,0.5848592519760132,0.5994000742176226,9,9000,892
GATTTCTG,0.5799115896224976,0.43525543231765146,9,9000,892
CATCTTCT,0.5774238109588623,0.5742073145590236,9,9000,892
TACATAAA,0.5706325769424438,0.7500309240094009,9,9000,892
ATAGCCTA,0.5691727995872498,0.7955510658475239,9,9000,892
TCTGTAAG,0.5686544179916382,0.3158372160145137,9,9000,892
CCCCATAC,0.5678034424781799,0.4336473838288047,9,9000,892
AGGGTCAT,0.5666992664337158,0.5027006968210118,9,9000,892
TAGGTGTT,0.563003659248352,0.6319527481136354,9,9000,892
TCTCCATG,0.5609885454177856,0.592844184224632,9,9000,892
TCGGTTAC,0.5571449995040894,0.5560961530532305,9,9000,892
TATATAAT,1.0091277360916138,0.8700882365068239,10,10000,991
TATATCAA,0.9648282527923584,0.933667999835072,10,10000,991
ATATCAAC,0.9427353143692017,0.9491609285449224,10,10000,991
TCGATATA,0.9360806941986084,0.940966066053684,10,10000,991
TATATATG,0.9316473007202148,0.9319774873211563,10,10000,991
ATCGTATC,0.9169296026229858,0.9294726425596833,10,10000,991
GATAGATA,0.9045816659927368,0.9238135488393188,10,10000,991
TGGGATAT,0.8826418519020081,0.9142477219313074,10,10000,991
CTGATATG,0.8725724220275879,0.9595513957036244,10,10000,991
AGAGATAC,0.8579846024513245,0.8931472395167608,10,10000,991
ATTCGATA,0.8522366881370544,0.8419061559394715,10,10000,991
TTAGTATC,0.8485708236694336,0.9022285902774915,10,10000,991
AATAGATA,0.8482273817062378,0.8815816600008246,10,10000,991
TCGGATCA,0.8318557143211365,0.9261843895600543,10,10000,991
TGTGATCT,0.8284883499145508,0.8026532800065971,10,10000,991
GGTATAAG,0.8256848454475403,0.8102502783160845,10,10000,991
TATCTCGT,0.8254041075706482,0.7303632540304292,10,10000,991
ATATGAAC,0.8194307684898376,0.6409310188430297,10,10000,991
GCTATGAT,0.8084856271743774,0.7530820929369563,10,10000,991
ATCCTCTA,0.8072560429573059,0.8202490413557086,10,10000,991
ATCCCTTT,0.7879725098609924,0.8154970519111038,10,10000,991
GAAGATCT,0.7874290943145752,0.794509957531027,10,10000,991
CCATATCT,0.785509467124939,0.8647589988867357,10,10000,991
CGCAGATA,0.781177818775177,0.8410505916793799,10,10000,991
TATCTGCT,0.7802994847297668,0.7449593864676535,10,10000,991
TATCCTCT,0.7675168514251709,0.8584814249783531,10,10000,991
GACGATAG,0.7664446830749512,0.7488248876427659,10,10000,991
ATGTATAC,0.7662964463233948,0.8145590236259431,10,10000,991
AGGGTATG,0.7641444206237793,0.7355791036160475,10,10000,991
GGTATTGT,0.763971745967865,0.7890467158702016,10,10000,991
TCCGATCA,0.762668251991272,0.7079227312085102,10,10000,991
TTAAGGAT,0.7610342502593994,0.7635962561332619,10,10000,991
TATATTCC,0.7607640624046326,0.789737352080155,10,10000,991
CATATCGT,0.7596222162246704,0.943130746711747,10,10000,991
TATACTAG,0.7539752721786499,0.8523378551107079,10,10000,991
AACTGTAT,0.7410508394241333,0.6500432936131613,10,10000,991
CAGTATCC,0.7371518611907959,0.7667814291015544,10,10000,991
ATCCCGTA,0.7314368486404419,0.8154661279017029,10,10000,991
GATCAATT,0.731429934501648,0.8019214117841091,10,10000,991
AGATAGTT,0.7304240465164185,0.811672782748526,10,10000,991
CCAATGAT,0.7217282056808472,0.7987053148064157,10,10000,991
TTATACTA,0.7205825448036194,0.8072403414010638,10,10000,991
GTATTATG,0.7195138931274414,0.7319197625036079,10,10000,991
TTGGGGAT,0.7083076238632202,0.6975734960623429,10,10000,991
CTAATGAT,0.7081629037857056,0.8280831237372696,10,10000,991
CGGGATAC,0.707619309425354,0.8025192759658599,10,10000,991
TTATCCGT,0.7032129764556885,0.8050241207273326,10,10000,991
TATCACGC,0.6966894865036011,0.904599430998227,10,10000,991
GATATTCC,0.6946616172790527,0.8710056487857173,10,10000,991
GTCGATAC,0.693522572517395,0.8490289861048118,10,10000,991
GTGTGAGA,0.6888774037361145,0.6624541293860553,10,10000,991
AAATCTAT,0.679085373878479,0.5316868016327877,10,10000,991
CCATCATA,0.6655247211456299,0.6459304003628418,10,10000,991
ATATTGGC,0.660612940788269,0.59037026347256,10,10000,991
TATTGATT,0.6590065956115723,0.7728734589535315,10,10000,991
TAGGTCTC,0.6581726670265198,0.5741248505339546,10,10000,991
TTACTACA,0.6538962125778198,0.4913618933740156,10,10000,991
TAAGTACT,0.6471109390258789,0.43303921164392034,10,10000,991
TCTATAAA,0.645554780960083,0.6043685317280336,10,10000,991
CATCTCGG,0.6447197198867798,0.5523543479157217,10,10000,991
ACCATAGA,0.6426693201065063,0.6696903475858658,10,10000,991
GTTATCGT,0.6403357982635498,0.7030779697357028,10,10000,991
CCTTGTAT,0.6396238803863525,0.6711334680245743,10,10000,991
AGATTGTT,0.6379432678222656,0.5830000412320125,10,10000,991
TCTCTACA,0.637045681476593,0.5672597204469549,10,10000,991
AGGTTATT,0.6366374492645264,0.5484579227312085,10,10000,991
GTGCGATC,0.6363651752471924,0.7508658722632252,10,10000,991
ATGGCGAT,0.6332547664642334,0.5159361728445965,10,10000,991
TGCGTTAT,0.632260262966156,0.6118933740155856,10,10000,991
TAAAATCT,0.6277296543121338,0.539654888055086,10,10000,991
TGTATTTA,0.6243125200271606,0.7193130746711747,10,10000,991
ATCTCTGG,0.6241622567176819,0.6166659794664577,10,10000,991
GATCTCCG,0.6188278198242188,0.823578526367872,10,10000,991
TTCTTATT,0.6186267137527466,0.6209438007669155,10,10000,991
AGATGGTT,0.6173355579376221,0.6242939017853462,10,10000,991
TCCCTAAT,0.6134122610092163,0.6425699913412773,10,10000,991
AACATCTA,0.6132103204727173,0.4374922689976498,10,10000,991
TTATTAGT,0.6131043434143066,0.5936172844596544,10,10000,991
TATGCCTG,0.6124358177185059,0.49401105017935926,10,10000,991
TCCCAACA,0.609123706817627,0.4533872098297118,10,10000,991
GTAGTATG,0.6059585809707642,0.506318805920917,10,10000,991
ACCGGTAC,0.6020400524139404,0.5050509215354801,10,10000,991
GATGACCG,0.5995317697525024,0.606017812229415,10,10000,991
TTCCCATC,0.5925376415252686,0.38892095823197126,10,10000,991
ATGCTCAT,0.5925168991088867,0.3769018265781553,10,10000,991
TAATCATT,0.5878461599349976,0.6686389312662351,10,10000,991
TACCGGAA,0.5850159525871277,0.49219684162783983,10,10000,991
ACCAGTCA,0.5801082253456116,0.4776522492062838,10,10000,991
TCTGTTAG,0.5794452428817749,0.4735805879684988,10,10000,991
GATAGGTT,0.5788893699645996,0.8143734795695378,10,10000,991
GTGAGCTC,0.5736289024353027,0.4931142539067332,10,10000,991
CATTAGTT,0.572355329990387,0.42227765637240755,10,10000,991
TGTACCTG,0.570775032043457,0.38728198573372363,10,10000,991
ATAGCGGG,0.5702787637710571,0.6918216303137756,10,10000,991
TCAGATGT,0.5698643922805786,0.6250979260297694,10,10000,991
TTTTAACC,0.5694599151611328,0.5001340040407373,10,10000,991
TCAAAACC,0.5688518285751343,0.4784253494413062,10,10000,991
CCATTCAT,0.565840482711792,0.42766874201129756,10,10000,991
ATCTTCGG,0.5657804012298584,0.562600503030553,10,10000,991
