{"run_id": "20:37:35-09/21/2020", "exp_name": "PPO_Agent", "model_name": "LandscapeAsModel=RNABinding_T['GAACGAGGCACAUUCCGGCUCGCCCGGCCCAUGUGAGCAUGGGCCGGACCCCGUCCGCGCGGGGCCCCCGCGCGGACGGGGGCGAGCCGGAAUGUGCCUC', 'GAGGCACAUUCCGGCUCGCCCCCGUCCGCGCGGGGGCCCCGCGCGGACGGGGUCCGGCCCGCGCGGGGCCCCCGCGCGGGAGCCGGAAUGUGCCUCGUUC']_L14", "landscape_name": "RNABinding_T['GAACGAGGCACAUUCCGGCUCGCCCGGCCCAUGUGAGCAUGGGCCGGACCCCGUCCGCGCGGGGCCCCCGCGCGGACGGGGGCGAGCCGGAAUGUGCCUC', 'GAGGCACAUUCCGGCUCGCCCCCGUCCGCGCGGGGGCCCCGCGCGGACGGGGUCCGGCCCGCGCGGGGCCCCCGCGCGGGAGCCGGAAUGUGCCUCGUUC']_L14", "rounds": 10, "sequences_batch_size": 100, "model_queries_per_batch": 1000}
sequence,model_score,true_score,round,model_cost,measurement_cost
UCUUGGGGACUUUU,,0.27879076194752395,0,0,1
GGCGGGGUCCGGCC,0.7730284,0.7730284002682084,1,1000,100
GGCGGGGUCCGGCG,0.769505,0.7695049954774932,1,1000,100
CGCGGGGGCCACCC,0.76250994,0.762509948650927,1,1000,100
UGCGGGGGCCGGCC,0.7595047,0.7595046932276763,1,1000,100
CGCGGGGGCCGCUC,0.75442684,0.7544268246575245,1,1000,100
UGUGGGGGCCGGCA,0.7247886,0.6735953791585041,1,1000,100
GCGGGGUUCCGGCC,0.7247368,0.7247368025618959,1,1000,100
UGCGGGGUCCCGCC,0.72209424,0.7220942259014168,1,1000,100
GGCGGGGCCCUGUC,0.7207211,0.7042439594303518,1,1000,100
CGCGGGGGCGACUC,0.7032336,0.6397342577243079,1,1000,100
UGCGGGGGCCGGUG,0.7032336,0.7032335861197281,1,1000,100
GGCGGGGGCCGGUC,0.70318174,0.7031817709853233,1,1000,100
UGCGGUGGCCGGUC,0.7004874,0.5294718910031613,1,1000,100
UGCGGGGGCCGGUC,0.7004874,0.7004873791904396,1,1000,100
CGCGGGGGCCAGUC,0.6978448,0.6978448025299604,1,1000,100
CGCGGGGACCAGUC,0.6978448,0.5117770437455402,1,1000,100
CGCGGGGGCCACUC,0.6978448,0.7032335861197281,1,1000,100
CACGGGCCCCUGUG,0.6911607,0.6093188267118872,1,1000,100
GACGGGGCCCGGUC,0.6886995,0.6371694216225391,1,1000,100
GACGGGGGCCGGUC,0.6886995,0.6886994648900507,1,1000,100
CGCGGGGCCCGGUA,0.6853833,0.6853832934588928,1,1000,100
CGUGGGGGCCGGUC,0.6843211,0.6843210798123855,1,1000,100
GGGGGGUUCCGGCC,0.6823521,0.6709009873636202,1,1000,100
GUCGGGUUCCGGCC,0.6823521,0.5656387843681213,1,1000,100
GGCGGGUUCCGGCC,0.6823521,0.6823521231240641,1,1000,100
UGCGGGGGUCGGCG,0.6816785,0.6816785031519066,1,1000,100
CGCGGGGCCCGGUC,0.68131584,0.681315824389135,1,1000,100
UGAGUGGGCCGGUC,0.6807977,0.5478143814173855,1,1000,100
AGCUGGGGCCGGGC,0.6762898,0.6576881544641825,1,1000,100
UGCGGGGGCCGGUA,0.67481303,0.6748130120184553,1,1000,100
GGCUGGGGCCGGUU,0.6734918,0.6014170473562341,1,1000,100
GGCGGGGGCCGGUU,0.6734918,0.6734917488896945,1,1000,100
GGCGGGGGCCGGGU,0.6734918,0.7366801622654988,1,1000,100
UGCUGGGGCCGGUU,0.6734399,0.5521409513606458,1,1000,100
GCGGGGUUCCGGUG,0.6727663,0.6727663399729025,1,1000,100
GGCGGGGGCCACUU,0.670901,0.6709009873636202,1,1000,100
GACGGGGGCCACUU,0.670901,0.5738514535419114,1,1000,100
GGCGGGGGCCACUC,0.670901,0.6709009873636202,1,1000,100
GGCGGGGGCGUGUC,0.66869885,0.6686988709031446,1,1000,100
GGCUGGGGCCAGUC,0.66815484,0.5262593498408129,1,1000,100
GGCGGGGGCCAGUU,0.66551226,0.6655122551651016,1,1000,100
UGCGGGGGCCGUUC,0.66551226,0.6655122551651016,1,1000,100
UGCGGAGGCCAGUC,0.66281784,0.47690554900072046,1,1000,100
CGCGGGGGACGGCC,0.66079706,0.6607970653577213,1,1000,100
UGCCGGGGCCGAAC,0.65864676,0.550664217627192,1,1000,100
GACGGGGGACGGUC,0.6555638,0.6555637523726467,1,1000,100
GCCGGGGGCCAGUC,0.6547347,0.6547346879855664,1,1000,100
CGCGUGGGCCGCUC,0.6539575,0.6539574639343695,1,1000,100
GGCUGGGUCCGGCC,0.64825785,0.6482578272289623,1,1000,100
CGCGGGGGCUACUA,0.64126277,0.6412627804023963,1,1000,100
UACGGGGCGCGGCC,0.63317966,0.6118836995161536,1,1000,100
GGCGGGCGCCGGAU,0.6308998,0.6335941755076488,1,1000,100
CGUGGGGCCCGGUC,0.6301226,0.6301225858513384,1,1000,100
CGCGAGGUCCGGCC,0.62939715,0.5991890159841804,1,1000,100
UGCCGGGUCCCGCC,0.6290604,0.6290603722048312,1,1000,100
CGCGGGGUCAGGCG,0.6224539,0.6224539557551123,1,1000,100
GCCGUGGGCCAGUU,0.6208736,0.48472959831039064,1,1000,100
GCCGUGGGCCGGUU,0.6208736,0.6208735927411405,1,1000,100
GGUGUGGGCCGGUC,0.6186715,0.6186714500908945,1,1000,100
GGCGGCGGCAGGUG,0.6181792,0.44436569069528514,1,1000,100
GGCGGGCGGCGGUC,0.6174279,0.6174279023193652,1,1000,100
AGCGGGGCCCAGUC,0.6161843,0.6161843178453383,1,1000,100
GCCGCGGUCCGGCC,0.61561435,0.6156143386547175,1,1000,100
AACGGGGGCCAGUC,0.61183184,0.5828931609130115,1,1000,100
CGUGGGGGCAGGGC,0.6116246,0.6288530864657335,1,1000,100
CGCGGGCGCCUCUC,0.61141735,0.6114173390933235,1,1000,100
UGUGGUGGCCACAC,0.60893023,0.41625603161362823,1,1000,100
CGGGAGGGCCGCGC,0.60893023,0.6089302330375375,1,1000,100
GGCGGGGGGCGGUU,0.60887843,0.6088784179031328,1,1000,100
GGGUGGGCCCGGUC,0.6081012,0.6081011938519358,1,1000,100
CGCGUGGGCCAGUC,0.60677993,0.6067799055216963,1,1000,100
GACGGGGGCCAGUU,0.6054586,0.6054586171914568,1,1000,100
CGCGGGCUCCGGUC,0.60522544,0.6052254427305512,1,1000,100
GGCGAGGGCCGGUC,0.60455185,0.6045518479598724,1,1000,100
AAGGGGUUCCUGCC,0.60289377,0.5620376128289257,1,1000,100
CGCAGUGGCCGCUC,0.6019093,0.4216448026026565,1,1000,100
CGCUGGGGCCGGUU,0.60141706,0.5964168836305863,1,1000,100
GGCUGGGGCUGGUU,0.60141706,0.5553534925229942,1,1000,100
GUCGGGGCCCUGUC,0.60084707,0.6574290797804502,1,1000,100
GGUGGGGGGCUGUU,0.60084707,0.5496538191150895,1,1000,100
GGCGGGGGGCUGUU,0.60084707,0.600847057652886,1,1000,100
CGCGGGCGCCGGGC,0.5988781,0.6764451901668319,1,1000,100
CGCGGGCGCCGGUC,0.5988781,0.5988781009645645,1,1000,100
GACGGGGGGCGGCU,0.59861904,0.6659785641966827,1,1000,100
GGCGGCGGCCGGUA,0.5982045,0.5982045061938857,1,1000,100
GGCGGCGGCCGGUC,0.5982045,0.5982045061938857,1,1000,100
UGCGGGGGCAGGUC,0.59662414,0.596624143179914,1,1000,100
GGCGGAGGCCGGCU,0.59602827,0.5960282899562368,1,1000,100
GGCGGGCGGCGGUU,0.5956656,0.5956655850036949,1,1000,100
AGCGGGGGUCGGUU,0.5953547,0.5953546699840792,1,1000,100
GGCGGUGGCGGAUC,0.59372246,0.4801439536833979,1,1000,100
GGAGCUGUCCGGCC,0.59014726,0.5447832362840355,1,1000,100
GGCGAGGGCCGGUU,0.5894478,0.589447788418096,1,1000,100
GUCUGACGGCGGCC,0.589111,0.5011549723721769,1,1000,100
GGCUGGGACCGGUU,0.58724564,0.5187461641595095,1,1000,100
GGCGGCGCCCGGCU,0.585743,0.5800951650390884,1,1000,100
GGCGCGGCCCGGUC,0.58335954,0.5833595213358416,1,1000,100
GGAUGGGGCCAGCC,0.5824009,0.6551492332739917,1,1000,100
UUCGGGGGACGGUC,0.58193463,0.5289278267241186,1,1000,100
GCGGGGGCCCUGCA,0.9430335,0.9430335308219058,2,2002,199
GCCGGGGCCUUGCU,0.8648964,0.6978448025299604,2,2002,199
GUGGGGGCCUUGCU,0.8648964,0.8137032385799725,2,2002,199
GCGGGGGCCUUGCA,0.8648964,0.8675908689126528,2,2002,199
GCGGGGGCCUUGCU,0.8648964,0.8648964257265199,2,2002,199
GCGGGGGCCGCGUC,0.8595077,0.821786362573375,2,2002,199
GCGGGGGACUCGUU,0.8595077,0.6655122551651016,2,2002,199
GCGGGGGCCUCGUC,0.8595077,0.8595076935280014,2,2002,199
GCGGGGGCGUCGUC,0.8595077,0.7517324328626407,2,2002,199
GUGGGGGCCUUGCG,0.8460358,0.8460357859448313,2,2002,199
GUGAGGGCCUUGCG,0.8460358,0.660123471575334,2,2002,199
GCGGGGGCCUUGGC,0.82178634,0.821786362573375,2,2002,199
GUGGGGGCCUUGCC,0.8056201,0.8056200631953211,2,2002,199
CCGGGGGCCUUGUC,0.8056201,0.6870672867416742,2,2002,199
GCGGGGGCCUUGUC,0.8056201,0.8056200631953211,2,2002,199
GCGGGGGCCUGCGC,0.80023134,0.8756739929060553,2,2002,199
GCGGGGGCCUUCGC,0.80023134,0.8002313309968024,2,2002,199
GCGGGGGCCGUGGC,0.78945374,0.7894537638172672,2,2002,199
GCGGGGCCCGCGAC,0.7860858,0.7510588642817322,2,2002,199
GUGGGGGCGGUGCC,0.77328753,0.6520403475819315,2,2002,199
GUGGGGGUCUUGCG,0.77328753,0.7732875158304624,2,2002,199
GGGGGGGCCUUGCA,0.7705931,0.7705931240355786,2,2002,199
GUGGGGGCCUUGGC,0.7705931,0.7705931240355786,2,2002,199
GCGGGGCCCUUGCA,0.7687278,0.7687277861150477,2,2002,199
GCCGGGCCCUUGCA,0.7687278,0.6291380760610439,2,2002,199
GGCGGGGCCUUGCU,0.76789874,0.6709009873636202,2,2002,199
GCGGGGGCGUCGUA,0.7517324,0.7571212164524084,2,2002,199
GCGGGCGCGCUGCA,0.7517324,0.6331796564089938,2,2002,199
GCGUGGGCCCUGCA,0.74903804,0.7490380410677568,2,2002,199
ACGGGGGCCUUGCC,0.74903804,0.7490380410677568,2,2002,199
GUGGGGGACGGGUC,0.74761313,0.5951474356362303,2,2002,199
GCGGUGGCCCUGCU,0.7463437,0.7463437006641221,2,2002,199
GCGGGGGGCUGCGU,0.7463437,0.7463437006641221,2,2002,199
GCGGGGGGCUUGCU,0.7463437,0.7463437006641221,2,2002,199
UCGGGGGCCUUGCU,0.74095494,0.7409549170743546,2,2002,199
GCGGGGUCCUUGCA,0.73305315,0.7330531272059742,2,2002,199
GCGGGGGUCUUGUU,0.7328718,0.7328717930809521,2,2002,199
CCGGGGGCCUGGCU,0.7328718,0.7328717930809521,2,2002,199
GGGCGGCCCUUGCA,0.7321464,0.635511318049857,2,2002,199
GCGGGGUCCUUGCU,0.7303587,0.7303587354110903,2,2002,199
GCGGGGGCUUUGUC,0.7301774,0.7301774012860682,2,2002,199
GCUGGGGCUUUGUC,0.7301774,0.5631257266982597,2,2002,199
GGGGGGCCCUCGUA,0.729452,0.7294519923692762,2,2002,199
GCGCGGGCCUUGGC,0.7259026,0.68522784904397,2,2002,199
GCGGGGGACCUGGC,0.71939987,0.7193998854977819,2,2002,199
GAGGGGGCCUUGCA,0.7140111,0.7140111019080143,2,2002,199
GCGGGGGCGUUGGC,0.7140111,0.7140111019080143,2,2002,199
GCGGGGUCCUUCCA,0.70867413,0.611210079543996,2,2002,199
GGGGGGGCCUUGUC,0.70862234,0.7086223183182467,2,2002,199
GGGGGGGCCUUGUA,0.70862234,0.7140111019080143,2,2002,199
GUGGGGGCCUUGUC,0.70862234,0.7544268246575245,2,2002,199
GCGCGGGCCUACGC,0.70727515,0.6636210023329927,2,2002,199
GCGGGGCCCUUGUC,0.706757,0.7067570065874862,2,2002,199
GCGGGGGCCUUCCU,0.70597976,0.7059797668592465,2,2002,199
GGGGGGGCCUUCCU,0.70597976,0.6089820481719422,2,2002,199
GCGGGGGCCUUAUC,0.70592797,0.7059279779146119,2,2002,199
GCGGGGCCCUUGGU,0.70579845,0.705798422221497,2,2002,199
GCGGGUGCCUUGCG,0.7032336,0.7032335861197281,2,2002,199
GGGGGGGCAGCGUC,0.7032336,0.6062358412426536,2,2002,199
GCGGGGGCCUUUCU,0.7032336,0.7032335861197281,2,2002,199
GCAGGGGUCUUGCA,0.7005392,0.6277908728192262,2,2002,199
GCGGGGGCCUAUCA,0.7005392,0.7005391943248442,2,2002,199
GCGGGGGCCUUCUC,0.7005392,0.7005391943248442,2,2002,199
UCGGGGGCCUACUC,0.7005392,0.5765976342814296,2,2002,199
GCCGGGGCCUUCCA,0.7005392,0.603722834964041,2,2002,199
GUGGGGGCGUUGCC,0.6978448,0.6978448025299604,2,2002,199
GAGGGGGCCUGGUU,0.6978448,0.6385684399987615,2,2002,199
ACGGGGGCCUAGUC,0.6978448,0.6143189652360561,2,2002,199
GCAGGGGCCUUGCU,0.6978448,0.6978448025299604,2,2002,199
GCGGGUGCCUGCGC,0.69621265,0.6962126243815838,2,2002,199
GCGGGGCUCUUGCA,0.6947618,0.6947618317494784,2,2002,199
GCCGGGGCCUCGUC,0.69245607,0.6924560703314417,2,2002,199
ACGGGGGCCUUCGC,0.69245607,0.6924560703314417,2,2002,199
GCGGGGGCCUGUUC,0.69245607,0.6924560703314417,2,2002,199
GGGGCGGCCGUGGC,0.69245607,0.5761313000483699,2,2002,199
UAGGGGGCCUUGCC,0.69245607,0.6924560703314417,2,2002,199
GCGGGGGCCGACUC,0.69072026,0.6907202367127769,2,2002,199
ACGGGGCCCGUGCA,0.69040936,0.69040934689464,2,2002,199
GCGGGGACCGCGUA,0.6816785,0.6816785031519066,2,2002,199
UCGGGGGCCUUGUC,0.6816785,0.6816785031519066,2,2002,199
GCGAGGGCCUUGCA,0.6816785,0.6816785031519066,2,2002,199
GCGGGGGGCCUGGU,0.6816785,0.7705931240355786,2,2002,199
GAGGGGGCCGUGCU,0.67898417,0.6789841627482718,2,2002,199
GCGGGGGAUGUCGC,0.67898417,0.6358740482038776,2,2002,199
GCGUGGGCCGCGUC,0.6785696,0.6785696174598463,2,2002,199
GCGGCGGCCCUGCA,0.6762898,0.7517324328626407,2,2002,199
ACUGGGGCCCUACA,0.67359537,0.5264666093901404,2,2002,199
GCGGGUGCCUUGCA,0.67359537,0.6735953791585041,2,2002,199
GCCGGGGCCGUGCA,0.67217046,0.672170460559455,2,2002,199
GUGGGGUCCUUGCC,0.6710824,0.6710823728798914,2,2002,199
GCGGGAGCCUUGCC,0.670901,0.6709009873636202,2,2002,199
GCGGGGCGCUUGUC,0.6695538,0.6156661684778737,2,2002,199
GCGGGGCCCUAGUA,0.6656936,0.6656935892901238,2,2002,199
CGGGAGGCCUUGUC,0.66551226,0.5765976342814296,2,2002,199
GUGGGGGCCUUUGA,0.6654604,0.6493459557870478,2,2002,199
GGGGGGCCCAUGUA,0.66481274,0.664812720281366,2,2002,199
GAGGGGCCCAUGUA,0.66481274,0.5399385169733105,2,2002,199
GCGGGAGCCGCGUC,0.66276604,0.6358740482038776,2,2002,199
GCGGGGGACGUGGG,0.66245514,0.6624551332161972,2,2002,199
CCCCGCGCGGGGGC,0.89243615,0.8924361464960778,3,3004,298
CCGCGCGGGGCUCG,0.8315794,0.8315793947611368,3,3004,298
GCCCCCGCGGGGGU,0.82743424,0.827434220846875,3,3004,298
GCCCCGGCGGGCGG,0.8180816,0.8180815974678675,3,3004,298
GCCCCGGCGUGCGG,0.8180816,0.6777664784970714,3,3004,298
GCGCGGGGGGGGGC,0.81536126,0.8153612802486782,3,3004,298
CCGCGGGGGGGGGC,0.81536126,0.7226901053148642,3,3004,298
CCGCACGGGGGUCC,0.79479074,0.79479073227263,3,3004,298
GCCCCCGGGCGGGG,0.79341763,0.7934176288079857,3,3004,298
CCCAGCGCGGGGGC,0.7888838,0.7888838255051681,3,3004,298
GCCCGGGCGGGGGC,0.78867656,0.7886765397660702,3,3004,298
CCGCGGGCGGGGGC,0.78831387,0.7883138610032987,3,3004,298
CCGUGCGGGGCUCG,0.78038615,0.7803861562233403,3,3004,298
GCCCCGGCGGGGGU,0.7770959,0.7714998670773927,3,3004,298
CUGCGCGGGGCUAG,0.772303,0.7049434681243172,3,3004,298
CUGCGCGGGGCUCG,0.772303,0.7723030060401677,3,3004,298
CCGCCCGGGGGUCC,0.7705413,0.7705413089011737,3,3004,298
CCGCGCGGGGCUUG,0.7696086,0.7696086404350541,3,3004,298
CCGCGCGUGGCUUG,0.7696086,0.6044482186793543,3,3004,298
GCCCCGGUGGGCGG,0.7668883,0.7668883337285921,3,3004,298
CCCAGCGCGGGGGU,0.76194,0.7619400103388279,3,3004,298
GCCCUCGUGGGGGU,0.7573803,0.7075083157271049,3,3004,298
GCACGGGGGGGGGC,0.7504371,0.6698646886286912,3,3004,298
CCGUGCGGGGCUGC,0.74693954,0.7469395538877993,3,3004,298
CCGGGGGGGGGUCC,0.7462919,0.7462918603282386,3,3004,298
CUGCCCUGGGCCCC,0.7456701,0.6390347490303425,3,3004,298
GGCCGGGCGGGCUA,0.7453592,0.7453591761850761,3,3004,298
UCGCAUGGGGGUCC,0.7435975,0.6709009873636202,3,3004,298
GCCUCGGCGGGCGG,0.73725015,0.7372501519688469,3,3004,298
GCCUGGACGGGGGC,0.73626566,0.6910570414424921,3,3004,298
CAGCGCGGGGCUCU,0.7360066,0.6954872154647918,3,3004,298
CUGCACGGGGGUCC,0.73551434,0.7355143445399523,3,3004,298
CCGGGCGGGUCUCG,0.73458165,0.6238788481643911,3,3004,298
CCGCGCCGGGGUGG,0.7342967,0.6519885072460481,3,3004,298
ACCCCGGCGGGGUU,0.734193,0.64084828650522,3,3004,298
GCCCGGGCGGGGGA,0.7320946,0.7320945690297552,3,3004,298
CUGUUCGGGGCUCU,0.7305142,0.5867015814888074,3,3004,298
CCGCGCGGGGCUAG,0.7304624,0.7642198568452865,3,3004,298
CGGCGCAGGGCCUG,0.7291929,0.58960320763154,3,3004,298
ACCCCGGUGGGCGU,0.7259026,0.6423768091833083,3,3004,298
GCCUCGGUGGGCGU,0.7259026,0.645071200978192,3,3004,298
GCCCCGGUGGGCGU,0.7259026,0.7259026464772126,3,3004,298
GCCCCCGUGGGCGU,0.7259026,0.7259026464772126,3,3004,298
GCCUCGGCGAGGGC,0.72310466,0.5598613965912766,3,3004,298
CCGCGGGUAGGGGC,0.7225865,0.5978418022296355,3,3004,298
GCCCCGGUGGGCGC,0.72178334,0.72178336227305,3,3004,298
GCCCCAGCGGGGGU,0.7208766,0.7208765930414656,3,3004,298
GCCCCGGUGGGGGU,0.72030663,0.7203066285395963,3,3004,298
GCGCGGGCUGGCGC,0.7188299,0.7188298957944339,3,3004,298
GCCCCGCUGGUCGU,0.7178195,0.632816951456452,3,3004,298
CCGCACGGGGUUUG,0.7159801,0.606184026108249,3,3004,298
CCCCGGGCGCGCGA,0.71553963,0.6885958346212413,3,3004,298
CCCCCCGGGGGUGC,0.71147215,0.6640354962301691,3,3004,298
CUGCGCGGGGCUUG,0.7103322,0.7103322265126062,3,3004,298
ACCCCCGGGCGGGG,0.7098918,0.7098918177038517,3,3004,298
ACGCCCGGGCGGGG,0.7098918,0.6790359516929062,3,3004,298
GCCCCGACGGGGGU,0.7076897,0.7076896750536058,3,3004,298
UCGCCCGGGGGUCC,0.7074565,0.7074565005927003,3,3004,298
GACCCGGUGGGCUC,0.7063684,0.5473998875202091,3,3004,298
CCGCGCGGGGAUCG,0.7058761,0.7058761375787284,3,3004,298
CCUCCGGCGGGCGG,0.699762,0.6997619702736474,3,3004,298
CCGGGCCGGGCUCG,0.69579816,0.6957981304844075,3,3004,298
CCCCUCGUGGGGGU,0.69509864,0.6950986217904421,3,3004,298
ACCCGGGCGGGGCC,0.69416595,0.694165952336031,3,3004,298
GCCCCGGAGCGGGC,0.6918343,0.6945286572885727,3,3004,298
GCCCUCUGGCGGGC,0.6918343,0.6233606987969266,3,3004,298
GCCCCCGCGGGAGU,0.69040936,0.69040934689464,3,3004,298
CCCCCGGCCGGGGU,0.690228,0.6709009873636202,3,3004,298
ACGCGCGGGCCUAG,0.6887772,0.6523771261218765,3,3004,298
GUCCGGGUGGAGGC,0.6871191,0.6359258633382824,3,3004,298
GCCCCGGUGGGUGG,0.6851242,0.6851242187751605,3,3004,298
GCCCCGUUGGACGC,0.6850983,0.6096556419543295,3,3004,298
CCGGGGGGCGGAGC,0.6829998,0.5587473678103647,3,3004,298
GGACCGGUGGGGGU,0.68105674,0.6058213221439985,3,3004,298
GCCCCGGGGGGCGU,0.6800982,0.6800981653394134,3,3004,298
GCCCAGGCGGGGGU,0.67903596,0.6790359516929062,3,3004,298
CCGCCCGGGGGUGC,0.6789323,0.6789323224123882,3,3004,298
ACUCCGGCGGGCGG,0.6775074,0.6775074038133392,3,3004,298
GGCCACGCGGGGGU,0.6774038,0.6774037997342999,3,3004,298
GCCCCGACGUGGCU,0.67592704,0.6155366494872564,3,3004,298
GCCCCCGGACGUGG,0.67457986,0.6745798627590285,3,3004,298
CCGCCUGGGUGUCA,0.6735436,0.4795481004597208,3,3004,298
GCACCCGCGGGGGU,0.673129,0.6731290449254443,3,3004,298
GCCGGGGCGGGGGU,0.6727663,0.6727663399729025,3,3004,298
GCCCCUGUGGGCGC,0.67074555,0.6707455681501762,3,3004,298
CCCCGCCCGGGCGC,0.6705901,0.6705900975454833,3,3004,298
GCGCGGGGGAGGGA,0.66815484,0.6681548066241019,3,3004,298
CCGCGCGCGGCUGG,0.6677403,0.6791136817388891,3,3004,298
CCGCGCGUGGCUCG,0.66641897,0.6664189982069157,3,3004,298
ACGCGCGGGGCACG,0.664735,0.6647350311139049,3,3004,298
ACCCCCGGGGGCGG,0.66460544,0.6771965139952021,3,3004,298
ACCCCCGGGCGCGG,0.66460544,0.6646054607320384,3,3004,298
ACGCCCGGGCGCGG,0.66460544,0.5808205739558805,3,3004,298
CCGCGCGAGGCUGG,0.6626365,0.6626365187324683,3,3004,298
ACCCUUGUGGGGGU,0.66097844,0.6139562864732846,3,3004,298
CCGGACCGGGGUCC,0.66097844,0.6609784256725137,3,3004,298
GCCAUCGCGGGGGC,0.65875036,0.6587503681106897,3,3004,298
GCGCGAGGGGGGGC,0.6578177,0.65781769964457,3,3004,298
CCGCCCGGGGGUGU,0.65737724,0.6573772646460454,3,3004,298
ACCCGUCAGUGCGG,0.8110089,0.6439571721972801,4,4007,397
ACCCGUUCGUGCGG,0.7328718,0.7328717930809521,4,4007,397
ACCCGUUCGUGGGG,0.7328718,0.6520403475819315,4,4007,397
GCCCCUUCGUGCGG,0.68885493,0.6888549093049735,4,4007,397
ACCCGUUCGUGCGA,0.6762898,0.6762897709533879,4,4007,397
ACCCGUGGGUGCGG,0.66551226,0.5523482109099733,4,4007,397
ACCCGUUGGUGCGG,0.66551226,0.6655122551651016,4,4007,397
ACCCGUUCGUGCGU,0.66281784,0.6628178633702178,4,4007,397
ACCCGUUCGGGGGU,0.66245514,0.6624551332161972,4,4007,397
ACCCCUUUGCGCGU,0.66012347,0.5819346027367926,4,4007,397
ACCCGUUUGCGCGU,0.66012347,0.660123471575334,4,4007,397
ACCCCUUCGUGCGG,0.6546829,0.6546828990409319,4,4007,397
ACCCCUUUGCGCGG,0.6519885,0.6519885072460481,4,4007,397
ACCCGUCUGGGCGU,0.63587403,0.6358740482038776,4,4007,397
ACCCGUUCGGGCGU,0.61701334,0.61701335703094,4,4007,397
ACCGGUUCGUGCGG,0.61701334,0.61701335703094,4,4007,397
ACCCGUUGGUGUUG,0.61431897,0.4822942811992391,4,4007,397
ACCCGUUGUUGUGG,0.61431897,0.46073924962266655,4,4007,397
ACCCGUUGGUGUGG,0.61431897,0.6143189652360561,4,4007,397
UCCCGUUUGCGUGU,0.6116764,0.6116764137770558,4,4007,397
ACUCGGUUGCGCGG,0.6116246,0.5307931793334009,4,4007,397
ACCCGUUUGCGUGU,0.60893023,0.6089302330375375,4,4007,397
ACCCGUUGGUGCGA,0.60893023,0.6089302330375375,4,4007,397
ACCUGUUCGUGCGU,0.60354143,0.6035414494477698,4,4007,397
GCCCGUUGGUGCGA,0.60354143,0.6035414494477698,4,4007,397
GCCCGUUUGCGUGU,0.60354143,0.6035414494477698,4,4007,397
GCCCGUUGGAGCGA,0.60354143,0.5011549723721769,4,4007,397
AGCCGUUCGUGGGU,0.59947395,0.5008958976884446,4,4007,397
ACCCGUUGGGGGGG,0.59931856,0.5993185349747977,4,4007,397
ACCCGUUUGCGCCU,0.5981527,0.5981527172492512,4,4007,397
CCGCGUCAGUGCGG,0.59698683,0.5969868481324557,4,4007,397
ACCUGCUCGUGCGC,0.5954583,0.5031757441949031,4,4007,397
ACCUGUUCGUGCGC,0.5954583,0.5954583254543674,4,4007,397
ACUUGUCCUUGCGG,0.59276396,0.5173212717502307,4,4007,397
AACCGUUCGUGCGA,0.58737516,0.587375150069716,4,4007,397
ACCCCUUCGUGCGU,0.58462894,0.5846289693301976,4,4007,397
ACCCGUUCGUGGGU,0.5833077,0.5833077062014369,4,4007,397
ACCCGUUCGAGGGU,0.5833077,0.5173212717502307,4,4007,397
ACCCCUCCGUGGGU,0.5832559,0.5832558658655533,4,4007,397
ACCCGUCUGGGAUU,0.5819864,0.4876830647890068,4,4007,397
ACCCGUUCGGUGGU,0.5819864,0.5819864178711973,4,4007,397
ACCGGUCGGUGCGG,0.579292,0.5792920260763135,4,4007,397
ACCCGUAUGUGCGG,0.579292,0.5792920260763135,4,4007,397
ACCCAUACGCGGGU,0.579292,0.4776050324932072,4,4007,397
ACCCGUGCGGGCGA,0.57659763,0.74354565339895,4,4007,397
ACCGGUUCGUGCGU,0.5747064,0.5747063814493207,4,4007,397
ACAGGUUCGUGCGU,0.5747064,0.43882148789207354,4,4007,397
ACCGGUCCGUCCGG,0.5737478,0.5737478232731019,4,4007,397
ACCGGGGCGUGCGG,0.57364416,0.5736441678028136,4,4007,397
CCCGAUUCGUGUGG,0.5712089,0.571208902082911,4,4007,397
ACCUGUUCCAGCGG,0.5712089,0.4742111572058367,4,4007,397
CACCGUUUGCGCGU,0.5712089,0.571208902082911,4,4007,397
CCUUGUUCGUGCGG,0.56999123,0.6697351696380738,4,4007,397
UCCAGUUCGUGCGG,0.5685663,0.568566325422432,4,4007,397
ACCCGUACGUGCGA,0.5685145,0.5685145102880272,4,4007,397
ACCGGUUCGUGCGA,0.568359,0.5683590396833342,4,4007,397
ACCUGUUCGUGCGG,0.5658201,0.6735953791585041,4,4007,397
ACCCGUUCGGGUGU,0.5658201,0.5658201184931434,4,4007,397
ACCAGUUCGUGCGG,0.5658201,0.5658201184931434,4,4007,397
GCCUCAGCGUGCGG,0.56512064,0.5651206350006568,4,4007,397
AGCGGACCGUGCGG,0.56307393,0.5630739115638548,4,4007,397
ACCUGGUCGUGCGG,0.56307393,0.5630739115638548,4,4007,397
ACCUGUUGGCGCGG,0.56043136,0.6574290797804502,4,4007,397
ACCCCUCGGUCGGU,0.56037956,0.4834601251145559,4,4007,397
AUCCGUGCGUGCCG,0.5585919,0.5585919224071505,4,4007,397
ACACGUUCGUGCGG,0.5550426,0.5550426027048572,4,4007,397
AAUCGUCUGGGCGU,0.5550426,0.45804485782778276,4,4007,397
ACACGUUCGCGCGG,0.5550426,0.6062358412426536,4,4007,397
CCCCAUGCGGGUAU,0.5527886,0.543021502442544,4,4007,397
CCCUGGUGGUGCGG,0.55250365,0.5525036553248961,4,4007,397
ACCCGUUCGUGUCU,0.5496538,0.5496538191150895,4,4007,397
ACCGGUUGGUGCGG,0.5496538,0.5496538191150895,4,4007,397
GCUCUUCUGGGCGU,0.5496538,0.45449551193571924,4,4007,397
ACUUGUUCGUGUGG,0.5469594,0.5469594273202056,4,4007,397
ACCGCUUCGUGUGG,0.542892,0.49169871971265133,4,4007,397
ACCUGUUCGUGCCG,0.5415707,0.5415706951216871,4,4007,397
ACCGAUUCGUGCGG,0.5415707,0.5415706951216871,4,4007,397
AACGCUUCGUGCGG,0.54151887,0.5415188799872823,4,4007,397
UCCCGUCGGUACGG,0.54014575,0.5362337266663242,4,4007,397
GUCGGUACGUGCGG,0.539524,0.4778122920425347,4,4007,397
GCCCGGUCGCGGAU,0.5373996,0.5878932994371805,4,4007,397
AGCGGUUCGUGCGG,0.5361301,0.5361300963975146,4,4007,397
ACCCUUGAGCGCGG,0.5351715,0.5351715382212957,4,4007,397
ACCGGUCCGUACGG,0.5334875,0.5334875197370357,4,4007,397
AGCUGUUCGGGCGG,0.5334875,0.5334875197370357,4,4007,397
ACCGGUACGUUCGG,0.5334875,0.41757731994386776,4,4007,397
ACUGGUCCGUACGG,0.5334875,0.5011549723721769,4,4007,397
ACCGGUUCUUGCGG,0.53335804,0.5333580154351697,4,4007,397
ACCGGUUCCUCGGG,0.529731,0.5307154387746906,4,4007,397
CCCCGUUGGAAUGG,0.5296273,0.4957661887824092,4,4007,397
ACGCGUGGCUGGGG,0.52809876,0.6305370797485148,4,4007,397
AUCGGUUCGUGCGG,0.52809876,0.528098787538517,4,4007,397
ACCUGUUCAUGCGG,0.52809876,0.528098787538517,4,4007,397
AUCCGUUCGGGCGU,0.52809876,0.528098787538517,4,4007,397
ACCUGAUCGUGCGG,0.52809876,0.528098787538517,4,4007,397
ACCUGAUCGAGCGG,0.52809876,0.4257122847672995,4,4007,397
ACCUCAUCGUGCGG,0.52809876,0.5037975238311772,4,4007,397
ACCUAUUCGUGCGG,0.5254044,0.5254043957436332,4,4007,397
ACCUUUUCGUGCGG,0.5254044,0.5254043957436332,4,4007,397
CCCCCUCCGCGCGG,0.93378454,0.8035992913725949,5,5008,496
CCCCGUCCGCGCGG,0.93378454,0.9337845377117078,5,5008,496
ACCCGUCCGCGCGG,0.8622021,0.8622020853228852,5,5008,496
ACCCGUCCGCGUGG,0.8622021,0.8110088467850887,5,5008,496
CCCCGCCUGUGCGG,0.8233149,0.6859014428263575,5,5008,496
CCCCGUCUGUGCGG,0.8233149,0.823314910452942,5,5008,496
CCCCGUGCGCGCGG,0.81792617,0.8179261530529447,5,5008,496
ACCCGUCCGUGCGG,0.8110089,0.8110088467850887,5,5008,496
CCCCGCCCGCGGGG,0.8058273,0.8058273227446486,5,5008,496
UCCCGUCUGCGCGG,0.8056719,0.8056718783297259,5,5008,496
ACCCGUCCGCGCGA,0.8056201,0.8056200631953211,5,5008,496
ACCCAUCUGCGCGG,0.80292565,0.646651563992164,5,5008,496
CCCCGUCCACGCGG,0.78828794,0.7882879460917207,5,5008,496
UCCCGUCCUCGGGG,0.78411686,0.6669371475743804,5,5008,496
ACCCGUCCGCGGGG,0.78137064,0.7813706398238647,5,5008,496
CCCCGUCCGCGAGG,0.7802048,0.7802047959085481,5,5008,496
CCCCGUUCGCGAGG,0.7802048,0.7020677422044113,5,5008,496
CCCCGUCCGCUCUG,0.7775104,0.6535688702600199,5,5008,496
CCCCGUCCGCUCGG,0.7775104,0.7775104303034344,5,5008,496
AUCCGUCCGCGCGG,0.77328753,0.7732875158304624,5,5008,496
CUCCGUCCGCAGGG,0.77212167,0.6912902012146462,5,5008,496
UCCCGUCCGGGCGG,0.76795053,0.7679505473750994,5,5008,496
CCCAGUCCGCGCGA,0.7667329,0.710150892387584,5,5008,496
CCCCGUCCCCGCGG,0.7640385,0.7640385227202644,5,5008,496
CCCCGUCACCGCGG,0.7640385,0.7047621087978164,5,5008,496
CCGCGUCUGCGUGG,0.7640385,0.7047621087978164,5,5008,496
CCCCGUCCCGGCGG,0.7640385,0.7155396497875814,5,5008,496
ACCCAUCUGUGCGG,0.7517324,0.5954583254543674,5,5008,496
ACCCGUCUGUGCGG,0.7517324,0.7517324328626407,5,5008,496
CCCCGUCCGCGUCU,0.7505666,0.7505666151370942,5,5008,496
CCCCGUCAGUGCCG,0.7505666,0.5835149405492857,5,5008,496
CCCCGUACGCGCGG,0.74787223,0.7478722233422104,5,5008,496
UCCUGUCUGCGCGG,0.74639547,0.7463954896087566,5,5008,496
ACCCAUCGGCGCGG,0.7463437,0.5900695418645998,5,5008,496
AACCGUCUGCGCGA,0.7463437,0.6574290797804502,5,5008,496
ACCCGUCGGCGCGG,0.7463437,0.7463437006641221,5,5008,496
AACCGUCGGCGCGG,0.7463437,0.6574290797804502,5,5008,496
ACGCGUCCGCGCGG,0.7436493,0.7436493088692383,5,5008,496
GCCCGUGCGCGCGG,0.74095494,0.7409549170743546,5,5008,496
ACCCGUCCGCGCAA,0.74095494,0.7409549170743546,5,5008,496
CCCCAGCCGCGCGG,0.7370947,0.7370947075539243,5,5008,496
CCCCGUCCGCAUGG,0.7370947,0.7370947075539243,5,5008,496
UCCCGUCUGCGCGU,0.735618,0.7356179738204703,5,5008,496
UCCCGUUUGCGCGG,0.73292357,0.7329235820255866,5,5008,496
CCCCCUCCGCGCGC,0.72546226,0.7254622376684582,5,5008,496
CCCCAUCUGCGCGG,0.718234,0.7182340163809864,5,5008,496
CCCCGUCCGCGAAG,0.71553963,0.7155396497875814,5,5008,496
CCUCGCCAGCGCGG,0.71553963,0.6158475393053935,5,5008,496
UGCCGUCUGCGCGG,0.7140629,0.7140629170424191,5,5008,496
AACCGUCUGCGCGG,0.7140111,0.7140111019080143,5,5008,496
UACCGUCUUCGCGG,0.7140111,0.5523482109099733,5,5008,496
UACCGUCUGCGCGG,0.7140111,0.7140111019080143,5,5008,496
AUCCGUCUGCGCGG,0.7140111,0.7140111019080143,5,5008,496
CCCCGUAUUCGCGG,0.71284527,0.5727374247609993,5,5008,496
UCCCGUCUGGGCGG,0.70867413,0.7086741586541302,5,5008,496
CCCCGUCCUCGCGU,0.7074565,0.7074565005927003,5,5008,496
CCCAGUCUGCGCGG,0.7074565,0.7074565005927003,5,5008,496
CCUCGACCGCGCGG,0.7074565,0.7074565005927003,5,5008,496
CCCCGUCCCCGCGA,0.7074565,0.7074565005927003,5,5008,496
ACCCGUCUGGGCGG,0.70592797,0.7059279779146119,5,5008,496
ACCCGUCCGCUCGG,0.70592797,0.7059279779146119,5,5008,496
ACCCGUGUGCGCGG,0.7005392,0.7005391943248442,5,5008,496
CCCGGGCCGCGCGG,0.7005392,0.7005391943248442,5,5008,496
CCUCGUCCGCGAGG,0.69937336,0.6993733504095274,5,5008,496
CGCCGUGGGCGCGG,0.69937336,0.5631775418326643,5,5008,496
UCCCGUGCGCGUGG,0.6978966,0.6978966176643652,5,5008,496
CUCCGUCCGCUCGG,0.696679,0.6966789848044139,5,5008,496
ACCAGUCCGCGCGC,0.69515043,0.61701335703094,5,5008,496
ACCCGUCAGCGCGG,0.69515043,0.6951504107350766,5,5008,496
ACCAGUUCGCGCGG,0.69515043,0.61701335703094,5,5008,496
CCCCGUAUGUGCGA,0.69398457,0.5942924815390507,5,5008,496
CCUCGUGAGCGCGG,0.69398457,0.6131531475105096,5,5008,496
CCUCGACCGGGCGG,0.6912902,0.6104587557156258,5,5008,496
UCCUGUCUGCGCGA,0.6898135,0.6898134936709628,5,5008,496
GCCCGUCAGCGCGG,0.6897617,0.6897616785365579,5,5008,496
GCCCGUCAGCGCGU,0.6897617,0.6197077488258238,5,5008,496
ACCCGUGCGCGCGA,0.6897617,0.6897616785365579,5,5008,496
CCCAGUCCGCGGGG,0.68590146,0.6859014428263575,5,5008,496
ACCCGUCUGCGCAC,0.6816785,0.6816785031519066,5,5008,496
AAGCGUCCGCGCGG,0.67898417,0.6789841627482718,5,5008,496
CCCCGUCCGCUCCC,0.67787015,0.7074046854582954,5,5008,496
UCCCGUCUGUGCGC,0.6763416,0.6763415860877926,5,5008,496
AACCGUCCGGGCGG,0.6762898,0.6762897709533879,5,5008,496
ACCCGUCUGAGUGC,0.67359537,0.5200156121538655,5,5008,496
UCUUGUCUGCGCGG,0.6709528,0.670952802498025,5,5008,496
ACCCGUCUGCGCCG,0.670901,0.6709009873636202,5,5008,496
ACCCGCCUGCGCCG,0.670901,0.5334875197370357,5,5008,496
ACCCGUGUGCGCCG,0.670901,0.5962614644171425,5,5008,496
GCCCGUACGCGCGG,0.670901,0.6709009873636202,5,5008,496
ACUCGUCUGUGCGG,0.670901,0.6709009873636202,5,5008,496
ACCCGUCUGCUCCG,0.670901,0.5538767587895405,5,5008,496
ACCGUCCCGCGCGG,0.670901,0.686808212057942,5,5008,496
ACCCCUCGGCGCGG,0.66815484,0.6681548066241019,5,5008,496
ACCCGACCGCGUGG,0.66551226,0.6655122551651016,5,5008,496
CCCCGUGCGCGAGG,0.6643464,0.6643463860483061,5,5008,496
CCCCGUGCCCGCGG,0.661652,0.661652019454901,5,5008,496
CCCGGUGCUCGCGG,0.661652,0.561649019154576,5,5008,496
ACCCGACUCCGCGG,0.6574291,0.49846058057729303,5,5008,496
ACCCGUCUGCACGA,0.6574291,0.600847057652886,5,5008,496
UUCUGCGCGGGGGC,0.82030964,0.8203096550296914,6,6008,595
CCCCGCCCGCUGGG,0.8058273,0.6562632620549036,6,6008,595
UGCCUCGCGCGGGC,0.8023039,0.8023039179539334,6,6008,595
UCCCGUGCGAGCGG,0.796112,0.6344491296048287,6,6008,595
GCCCGUGCUGGCGG,0.78945374,0.6224021406207076,6,6008,595
GCCCGUGCGGGCGG,0.78945374,0.7894537638172672,6,6008,595
UCCUGCGCGGGCGG,0.7880289,0.7880288714079884,6,6008,595
UCCUGCGUGGGCGG,0.7880289,0.7368356328701919,6,6008,595
CCCCGCGCGUGGGG,0.7866558,0.7866557679433441,6,6008,595
UGCUGCGCGGGGGC,0.78396136,0.7839613761484603,6,6008,595
CUCCACGCGGAGGG,0.76901275,0.6235161694016196,6,6008,595
CUCCGCGCGGAGGG,0.76901275,0.7690127610216067,6,6008,595
UGCCGCGCGCGGGC,0.7645826,0.764582586999307,6,6008,595
CGCCGUCCGGGGGG,0.76165503,0.6659785641966827,6,6008,595
CGCCGUGCGGGGGG,0.76165503,0.7616550207435175,6,6008,595
CUCCGUGCGGGGGG,0.759971,0.7599710274607362,6,6008,595
CUCCCUGCGGGGGG,0.759971,0.6901502722109076,6,6008,595
AUCCGUGCGGGGGG,0.7519915,0.751991507546373,6,6008,595
AGCCGUGCGGGGGG,0.734193,0.7341930562097128,6,6008,595
CACCGUGCGGGGGG,0.73408943,0.7340894259409033,6,6008,595
AACCGUGCGGGGGG,0.73408943,0.7340894259409033,6,6008,595
GACCCUGCGGGGGG,0.73408943,0.6150703152541965,6,6008,595
GACCGUGCGGGGGG,0.73408943,0.7340894259409033,6,6008,595
GACCGUGCGGGGGC,0.73408943,0.7879770562735836,6,6008,595
CGCCGCGCGCGGGG,0.7325091,0.7325090629269315,6,6008,595
CGUCGCGCGCGGGG,0.7325091,0.7504111445324012,6,6008,595
CCCCGCGCGUGGCG,0.7324572,0.7324572477925266,6,6008,595
GCCCGCCCGCGGGG,0.7288561,0.7288561129558286,6,6008,595
UGCUGCGCGGGGGA,0.7273794,0.7273793792223748,6,6008,595
ACCGGCGCGCGGGG,0.725799,0.7257990162084031,6,6008,595
GACGACGCGGGGGC,0.7233119,0.6547346879855664,6,6008,595
CUCCGUGCGGGGCG,0.72110975,0.7238041340957762,6,6008,595
CCCUGAGCGUGGGG,0.7196071,0.6603307311246616,6,6008,595
CCCCGAGCGUGGGG,0.7196071,0.7196071198456306,6,6008,595
CCCCGUGCGUGGGG,0.7196071,0.7519396924119683,6,6008,595
CUCCGUGCGGAGGG,0.7178195,0.7178195224838102,6,6008,595
CGCCGCGUGGGGGG,0.71585053,0.7616550207435175,6,6008,595
CUCCGGGCGGGGGG,0.7141665,0.7141665463229372,6,6008,595
CUCCCGGCGGGGGG,0.7141665,0.7398149880706157,6,6008,595
UGCCGCGUGCAGGC,0.71338934,0.5463376738737018,6,6008,595
CCCCAAGCGCAGGG,0.7088296,0.5417779546710146,6,6008,595
CGCCUUGCGCGGGU,0.70621294,0.7062129423084436,6,6008,595
AAACGUGCGGGGGC,0.70592797,0.7059279779146119,6,6008,595
AUCCGUGCGGGCGU,0.70592797,0.6477655927730759,6,6008,595
CUCCGCGCGUGGGG,0.7058243,0.7058243224443236,6,6008,595
CGUCGCGCGUGGGG,0.6992179,0.6992179059946046,6,6008,595
CGCCGUGCGCGGGG,0.69911426,0.6991142757257952,6,6008,595
CGCAGCGCGGGGGG,0.69831115,0.659009442794422,6,6008,595
CCCCAUCCGCGGGG,0.696679,0.6966789848044139,6,6008,595
CAUCGCGUGGGGGG,0.6945028,0.6506672441172873,6,6008,595
CGCGCGGCGCGUGG,0.6924042,0.6924042299955583,6,6008,595
CGUCGUGAGCGGGG,0.6911348,0.5375550149965638,6,6008,595
AGGCGUGGGGGGGC,0.69108295,0.6326096919071245,6,6008,595
GACCGGGAGGGGGG,0.68828493,0.5399903321077153,6,6008,595
CUCCCUGCGGGGGA,0.6874559,0.687455906605794,6,6008,595
UCCCGUGCAGGGGG,0.68385476,0.66299919749524,6,6008,595
CCCAGUGCAGGGGG,0.6838029,0.5490838546132202,6,6008,595
AACCGUGUGGUGGG,0.6828962,0.5739032424865459,6,6008,595
AACCGUGUGGGGGG,0.6828962,0.6828961874031068,6,6008,595
CACCGUGUGGGGGU,0.6828962,0.7098400025694469,6,6008,595
CACCGUCUGGGGGA,0.68020177,0.539031747741726,6,6008,595
CGCCGUGCGGAGGG,0.6800982,0.6800981653394134,6,6008,595
GGCCGCGCGCGUGC,0.6799427,0.6759788811352508,6,6008,595
CUCCGUGCGGGGAU,0.67903596,0.6790359516929062,6,6008,595
CUCCGUUCGGGCGG,0.6778183,0.6778182936314762,6,6008,595
AUACGUGCGGGGAG,0.6763416,0.5658201184931434,6,6008,595
AUCCGUGCGGGGAG,0.6763416,0.6763415860877926,6,6008,595
UGCCCCACGCGGGA,0.67556435,0.6755643620365958,6,6008,595
AUGCGUGCGGGGGU,0.6749685,0.6749684826231483,6,6008,595
CUCAGCGCGGGGGG,0.67450213,0.6745021483900886,6,6008,595
CCCCAUGCGUGGGG,0.6738026,0.6738026387078316,6,6008,595
CGCGGUGCGGGGGG,0.67222226,0.6722222756938598,6,6008,595
CUCCGCGGGAAGGG,0.672015,0.6127386274235631,6,6008,595
CGCCUUGCGUUGGG,0.672015,0.5455345349109268,6,6008,595
UGGUGCGUGGGGGC,0.6691652,0.6691652051362045,6,6008,595
CGCCACGCGGGGGG,0.66735166,0.667351667661327,6,6008,595
CGCAGUCCGGGGGG,0.66597855,0.5069064347247161,6,6008,595
CAACGCGCGCGGGG,0.66556406,0.6195004892764961,6,6008,595
GACCCUGCGGGGGC,0.6649941,0.664994105797637,6,6008,595
CGCCGUGCGGUGGG,0.6639319,0.6639318921511298,6,6008,595
CCCCGCCCACGGGG,0.661652,0.661652019454901,6,6008,595
CCCUGCGCGUUUGG,0.6612375,0.5723229046740528,6,6008,595
CGCGCAGAGGGGGG,0.66097844,0.6609784256725137,6,6008,595
UGCUCCGCGGGGAA,0.65833586,0.6199150083751512,6,6008,595
CUCCGAGCGGGUGG,0.65758455,0.5692658089149187,6,6008,595
CUCCGCGAGGGGGG,0.65758455,0.6575845503851432,6,6008,595
CCCCGACCGUGGGG,0.6562633,0.6562632620549036,6,6008,595
CGUGGCGCGCGGGU,0.6550197,0.6189305247746268,6,6008,595
GGCCGUGCGGGUAG,0.6545793,0.5962096240812589,6,6008,595
CCCGGCUCGUGGGG,0.6544756,0.6544756133018341,6,6008,595
CUCCGGCCGGGGGG,0.65416473,0.6541647496734673,6,6008,595
CCCCGCACGUGGGG,0.65351707,0.6535170551256151,6,6008,595
AUACGUUCGGGGGG,0.65204036,0.4903774565838906,6,6008,595
CUACGUGCGGGGGG,0.65204036,0.6520403475819315,6,6008,595
CACCGCGCGUGGGG,0.6505636,0.6505635886469989,6,6008,595
CGCGGUGCGCGGGG,0.6501491,0.6501490947498227,6,6008,595
AGCCGCGCGCGGUC,0.6479729,0.6479728523224034,6,6008,595
CGCGGUACGGGGGC,0.64719564,0.677585133859322,6,6008,595
CGCCGUACGGGGGU,0.6467552,0.6467551942609735,6,6008,595
GCGGGGUCCCACGG,0.8056201,0.6930519235551189,7,7008,694
GCGGGGGUGCGGGC,0.78613764,0.7861376185758795,7,7008,694
GGGGGGGUCCGGCC,0.7704636,0.7704635788551909,7,7008,694
GCUGGGGUCCGUGG,0.7570694,0.5913390150604345,7,7008,694
GCGGGGGUCCGUGG,0.7570694,0.7570694013180036,7,7008,694
UCGGGGGUCCCGUC,0.7436493,0.7436493088692383,7,7008,694
GCGGGGCCCGACGG,0.74002224,0.7400222486082348,7,7008,694
GUGGGGGUGCGGGC,0.7349444,0.734944380038083,7,7008,694
GCGGGGGUCCACGG,0.7328718,0.7328717930809521,7,7008,694
CGGGGGGUCCCGUA,0.7328718,0.7328717930809521,7,7008,694
GUGGGGGUGCGCGC,0.7328718,0.7328717930809521,7,7008,694
GUGGGGGUGCGUGC,0.7328718,0.6816785031519066,7,7008,694
GCGGGGGUCCGAGC,0.72209424,0.7220942259014168,7,7008,694
GCGGGGGUCAGCGG,0.71939987,0.7193998854977819,7,7008,694
GUGGGGGGGCGGGG,0.7167573,0.7167573088373029,7,7008,694
GCACGGGUCCGCGG,0.7140111,0.5685145102880272,7,7008,694
UGGGGGGUCCCGUA,0.7140111,0.7140111019080143,7,7008,694
GUGUGGGGUCGCGC,0.7140111,0.686808212057942,7,7008,694
GGGGGGGCCGGGGC,0.7123271,0.712327108625233,7,7008,694
GGGGGGGUCCGGGC,0.7113685,0.7113685252475352,7,7008,694
GGAGGGGUCCGGGC,0.7113685,0.6603048162130835,7,7008,694
GCAGGGGUUGGGGC,0.7069383,0.5412079649676664,7,7008,694
GCGGGGGAGCGGGC,0.7026118,0.7026117812819752,7,7008,694
GUGGGGUUGCGGCG,0.7005392,0.5811573786855957,7,7008,694
GUGGGGGUGCGGCG,0.7005392,0.7005391943248442,7,7008,694
UCGGGGGACCGGUC,0.7005392,0.5340056691045002,7,7008,694
GUGGGGGUCUUGGC,0.6978448,0.6978448025299604,7,7008,694
UGGGGGCUCCAGUA,0.69768935,0.6089302330375375,7,7008,694
GCGGGGCUCGGCGG,0.6974821,0.6974821237671889,7,7008,694
GCGGGGGUCCGUAG,0.6870673,0.6870672867416742,7,7008,694
GUGGGGGUUCGUGC,0.6843729,0.6843728949467904,7,7008,694
GUGGGGGUUGGUGC,0.6843729,0.63048526461411,7,7008,694
GUGAGGGUGCUGGC,0.6816785,0.49973005377312774,7,7008,694
GUGGGGGUGCUGGC,0.6816785,0.6816785031519066,7,7008,694
GUGCGGGUGCGUGC,0.6816785,0.5819864178711973,7,7008,694
GUGGGGUUGCGUGC,0.6816785,0.5993703501092025,7,7008,694
ACGGGGGUUCGCGC,0.67898417,0.6789841627482718,7,7008,694
CCGGGGCCCCUCGG,0.67836237,0.6783623579105189,7,7008,694
GCGGGGGUGCACGG,0.67623794,0.6762379558189832,7,7008,694
GCGGGGGGGAGGGG,0.67426896,0.6742689729408915,7,7008,694
GUGGGGGUAAGCGC,0.67359537,0.6735953791585041,7,7008,694
GUGGGGGUCCGACC,0.670901,0.6530507208925553,7,7008,694
GAGGGGGUCAGUGG,0.6682066,0.5146268799553468,7,7008,694
GCGUGGCUGCGGGC,0.66758484,0.5841626602986165,7,7008,694
UCGGGGGUCCGGGC,0.66245514,0.6624551332161972,7,7008,694
UCGGGGGUGCGGGC,0.66219604,0.662196058532465,7,7008,694
GGGGGGGUCCGCCA,0.6618075,0.6618074648581154,7,7008,694
GUGGGGGUUCGCUC,0.66012347,0.6089302330375375,7,7008,694
GCGGGGGUUCGCUC,0.66012347,0.660123471575334,7,7008,694
UGGGGGGGGGCGGG,0.659139,0.6591389879748095,7,7008,694
GUGGGGGGGUGGGG,0.65209216,0.6520921365265661,7,7008,694
GGAGGGGCCCGGGC,0.65204036,0.6520403475819315,7,7008,694
UGGGGGGUGGCGCA,0.65204036,0.5631257266982597,7,7008,694
UCGGGCGUCCCAUC,0.64934593,0.45804485782778276,7,7008,694
GUGGGGGUCAGCGG,0.6491905,0.6682065955687364,7,7008,694
UGGGGGCGGCGGAC,0.6481283,0.6481282715358475,7,7008,694
GUGGGGUCGCGUGC,0.64786917,0.6478691968521152,7,7008,694
GCGGAGCUCGGUGG,0.6462889,0.4876830647890068,7,7008,694
GCGCGUGUGCGGGC,0.6460298,0.6460297843558898,7,7008,694
UGGGGCGUCCCGUG,0.6439572,0.6439571721972801,7,7008,694
GCCGGGGUGCGGGA,0.6433354,0.611365550148689,7,7008,694
GUGGGGUCCCACGG,0.64185864,0.6418586598158438,7,7008,694
UCGGGGGUCCGGUA,0.6414183,0.6414182510070894,7,7008,694
GUGGGGCGGCGCGC,0.64038193,0.6403819522721601,7,7008,694
GCUGGGCCGCGGAC,0.63862026,0.6220394104666871,7,7008,694
GCGGGGGUGCAGGC,0.63830936,0.6383093653150291,7,7008,694
GUCGGGUUCCGCGC,0.63735074,0.6373507557475612,7,7008,694
GGGUGGGUGCGGGC,0.63724715,0.6372471516685219,7,7008,694
UCCGUCGUGCAGGC,0.63587403,0.4930717969875254,7,7008,694
UAGGGGGUCGGGGC,0.63439727,0.582996791181821,7,7008,694
GCGGGUCUCCAUGG,0.63377553,0.4883825482814934,7,7008,694
UGGGGGGUCUCGUA,0.63317966,0.6331796564089938,7,7008,694
GUUCGGGUGCGCGC,0.63317966,0.4957661887824092,7,7008,694
GCGGGGGUUGGCUA,0.63312787,0.6331278412745891,7,7008,694
UGUCGGCGGGGUCC,0.6319102,0.6319101832131591,7,7008,694
GGAGGGGUCCGGAC,0.6307184,0.6307184243862642,7,7008,694
GCGGUGGAUCGCUU,0.63048524,0.44706008249016893,7,7008,694
GAGGGGCCCGACGG,0.63038164,0.6303816605350707,7,7008,694
GCGGGAGUCCGGGC,0.6298635,0.6114691542277283,7,7008,694
GCGGGAGUGCGGGC,0.6298635,0.6298635111676062,7,7008,694
GUCGGGGGGCGGGG,0.6291122,0.6291121611494657,7,7008,694
UGGGGGCGGGGGGC,0.62748003,0.6274800091908594,7,7008,694
UGGGGGCGGCGGGC,0.62748003,0.6702792339171164,7,7008,694
ACGGGGGUGUGGGC,0.62716913,0.6271691193727224,7,7008,694
AGGGGGGGACGCGC,0.62509656,0.6035414494477698,7,7008,694
ACGGGGGUCCAACG,0.62509656,0.6250965324155915,7,7008,694
GUGGGGCUGCCGUC,0.6247079,0.6247079020387442,7,7008,694
GUGGGGCUGCCAUC,0.6247079,0.5427624277588117,7,7008,694
GGGGGUGUCCGCCC,0.62418973,0.6241897379825282,7,7008,694
UCGGGGGACCCGUC,0.62240213,0.6224021406207076,7,7008,694
GUGGGGGGCAGCGG,0.62240213,0.6224021406207076,7,7008,694
GCAGGGGUUCGCGC,0.61970776,0.6197077488258238,7,7008,694
CGGGGGAUCCUGUG,0.61970776,0.6197077488258238,7,7008,694
UCGGGGUUCCGGGG,0.61970776,0.5735923788581792,7,7008,694
UCGGGGGUCUGAUC,0.61970776,0.4957661887824092,7,7008,694
GCAGGGGUGCGGGC,0.61908597,0.6190859691895496,7,7008,694
UGGGGGCGGGGUGU,0.6179201,0.6179201262625245,7,7008,694
UCGGGGCGGUGGGG,0.6167025,0.5644470150284991,7,7008,694
CCGGGGGUGUAGGC,0.6163916,0.4992119044056632,7,7008,694
GCGGGGGCCGCUGC,0.897229,0.8083144549902049,8,8009,793
GCGUGGGCCACCGC,0.86759084,0.6828443722687021,8,8009,793
GUGGGGGCCCCUGC,0.8460358,0.8460357859448313,8,8009,793
GAGGGGGCCCCUGC,0.8460358,0.747613148658478,8,8009,793
GCGGGGGCCCCUAC,0.8433414,0.8433413941499475,8,8009,793
GCGGGGGUCCCUGC,0.8244808,0.8244807543682589,8,8009,793
GCCGGGGUCCCUGC,0.8244808,0.7626913341671981,8,8009,793
ACGGGGGUCCCCGU,0.8110089,0.7382605252794707,8,8009,793
GCGGGGGCCCCUGC,0.80831444,0.8972290244826278,8,8009,793
GCGGGGGCGCCUGC,0.80831444,0.8083144549902049,8,8009,793
GCGGGGUCCGCUGC,0.80831444,0.6751498167481704,8,8009,793
GCGGGGGCCCAUGC,0.80831444,0.8083144549902049,8,8009,793
GCGAGGGACCCUGC,0.80831444,0.6224021406207076,8,8009,793
GCGGGGGACCCUGC,0.80831444,0.8083144549902049,8,8009,793
CCGGGGGGCCCUGC,0.80826265,0.8082626398558002,8,8009,793
GUGGGGGCCGGUGC,0.80292565,0.7517324328626407,8,8009,793
GCGGGGGUCCCAGC,0.80292565,0.8029256714004374,8,8009,793
GGGGGGGACCCCGC,0.7920446,0.7705931240355786,8,8009,793
CCGGGGGCCCCUGC,0.7918891,0.7918890809284187,8,8009,793
GCGGGGGGCCGUGC,0.78945374,0.7894537638172672,8,8009,793
GAUGGGGCCCCUGC,0.7830287,0.6953317962513477,8,8009,793
UCGGGGGUCCCUGA,0.7705931,0.646651563992164,8,8009,793
GCGGGGGUCCCUGA,0.7705931,0.7705931240355786,8,8009,793
GCAGGGGCCCCCGA,0.7670697,0.7670696930550931,8,8009,793
GCGGGGUCCCCUGC,0.7626913,0.7626913341671981,8,8009,793
GCGGGGGACCCGGC,0.76250994,0.762509948650927,8,8009,793
GCGGGAGCCCCUGC,0.75888294,0.7588829135914024,8,8009,793
GUGGGGGACCCUUC,0.7571212,0.6224021406207076,8,8009,793
GCGGGGACCCCUGC,0.7547636,0.7547636293872397,8,8009,793
CCGGGUGCCCCUGC,0.7547636,0.6622997140027532,8,8009,793
GCGGGGGCCCAUUC,0.75442684,0.7544268246575245,8,8009,793
CCUGGGGGCCCUGC,0.7517324,0.7691682054365294,8,8009,793
CAGGGGGGCCCUGC,0.7517324,0.7517324328626407,8,8009,793
GCGGGGGGUCUUGC,0.74903804,0.7490380410677568,8,8009,793
GCGGGGGUCCUUGC,0.74903804,0.7490380410677568,8,8009,793
GCGGGGGACCCUGG,0.7463437,0.7463437006641221,8,8009,793
GGGGGGGCCCCUCC,0.7463437,0.7463437006641221,8,8009,793
GCGGGGGCCGCUGA,0.7436493,0.7436493088692383,8,8009,793
GCGGGCGACCCUGA,0.7436493,0.6303039199763605,8,8009,793
GCGGGGGACCCUGA,0.7436493,0.7436493088692383,8,8009,793
ACGGGUGUCCCCGU,0.7382605,0.6108991897258589,8,8009,793
GCGGGGCACCCUGC,0.7369133,0.7369133367264045,8,8009,793
GCGGCGGGUCCUGC,0.73556614,0.7355661334845869,8,8009,793
GCGGGGGUACCUGC,0.73556614,0.7355661334845869,8,8009,793
GCGGGGAGCUCUGC,0.72748303,0.7274830094911844,8,8009,793
GCGGGGACGCCUUC,0.7247886,0.5454309046421174,8,8009,793
UCGGGGGGCCCGGC,0.7167055,0.7167054937028982,8,8009,793
GCGGGGUUCCCUGC,0.7078451,0.7078450942670498,8,8009,793
GUGGAGGCCCCUGG,0.7076897,0.6498381797302069,8,8009,793
GGGGGGGUCCCAGC,0.70592797,0.7059279779146119,8,8009,793
CCGCGGAGCCGUGC,0.70318174,0.5172694314143471,8,8009,793
GCGGGGAUCCCUGC,0.7012387,0.701238677817331,8,8009,793
GCGGGGUACUCUGC,0.7012387,0.6204072323183105,8,8009,793
GAGGGGAUCCCUGC,0.7012387,0.5476589622039414,8,8009,793
GCGCGGGCCGCGGC,0.7008242,0.7198921094409412,8,8009,793
UCGGGGGUCCCUGC,0.7005392,0.7005391943248442,8,8009,793
ACGAGGGGCCCUGC,0.7005392,0.7005391943248442,8,8009,793
ACGGGGGCCCUUGC,0.7005392,0.7140111019080143,8,8009,793
GCGGGGGAACCUGU,0.7005392,0.6628178633702178,8,8009,793
CCGUGUGGCCCUGC,0.7004874,0.7004873791904396,8,8009,793
GCGGGGUCCCUUGC,0.69960654,0.6996065258587245,8,8009,793
GCAGGGGCCCUUGC,0.69701576,0.6970157633443588,8,8009,793
GCGCGGGACGCCGC,0.69214517,0.692145155311826,8,8009,793
GCGGGGUUCCACGA,0.69035757,0.6149148446495035,8,8009,793
GAGGGGUCCCACGA,0.69035757,0.5846808096660812,8,8009,793
GCGGGGUCCCACGA,0.69035757,0.6903575579500054,8,8009,793
CCGGGGCGCCCUGC,0.6897617,0.6897616785365579,8,8009,793
CCGGGGGACCCUGC,0.6897617,0.6897616785365579,8,8009,793
CCCGGGGCCACUGC,0.6897617,0.6087747624328445,8,8009,793
CCGGGGUGCCCUGC,0.6897617,0.6897616785365579,8,8009,793
CCGGGGGGCGCUGC,0.68970984,0.6897098634021532,8,8009,793
GCUGGGGCCCCUUC,0.6895026,0.6895026038528257,8,8009,793
GCGGGAGUCCCUGC,0.68613464,0.6861346182755546,8,8009,793
GCGCGGACCCCUGC,0.68613464,0.6861346182755546,8,8009,793
GUGGGGCACCCUGC,0.6857201,0.685720098188608,8,8009,793
GUGGGGGUCACUGA,0.6843729,0.6197077488258238,8,8009,793
CCGGGGGUCCCAGC,0.6843729,0.6843728949467904,8,8009,793
GCGGGGAACCCUGC,0.684062,0.6840620051286532,8,8009,793
GCGGGGAACCCGGC,0.684062,0.723156439547924,8,8009,793
GCGGGCGUCCCUGC,0.6833884,0.6833884113462659,8,8009,793
GCUUGGGCCACCGC,0.6828444,0.587375150069716,8,8009,793
GCGGGGCUCCACGA,0.6822744,0.6822743825653539,8,8009,793
GCGUUGGUCCCUGC,0.6820153,0.594473841853843,8,8009,793
GCGGGGGACCCUAC,0.67898417,0.6789841627482718,8,8009,793
GCGGGGCACGCCGC,0.6776369,0.6776369489937267,8,8009,793
CCGGGGCGCCCGGC,0.67546076,0.6754607317677863,8,8009,793
UCGGUGGCCACCGC,0.6749167,0.5509751074453291,8,8009,793
GCGUGGGACCCUUA,0.67359537,0.582685901363684,8,8009,793
GCGGGGGACCCUCC,0.67359537,0.6735953791585041,8,8009,793
GCGGGGGAUCCUGA,0.670901,0.6709009873636202,8,8009,793
ACGGGGGCGCGUGC,0.670901,0.6709009873636202,8,8009,793
GCGGGGGACCUUGG,0.670901,0.6709009873636202,8,8009,793
GCGGGGCUUCCUGC,0.6695538,0.669553798810554,8,8009,793
CGGGAGGGCCCUGC,0.6682066,0.6682065955687364,8,8009,793
GCGGGCGACCCUGC,0.66325825,0.6632582721789722,8,8009,793
ACGUGGGUCCCUUC,0.66281784,0.48864162296522573,8,8009,793
GCGGGGGCCAUUGC,0.66012347,0.7328717930809521,8,8009,793
GCGGGGGAUCUUGC,0.66012347,0.660123471575334,8,8009,793
GCGGGCGACCCUGU,0.6572477,0.6572477351427007,8,8009,793
GCGUGGGGACCCCG,0.9807549,0.7867594234136324,9,9010,892
GCGGGGGGGCCCCG,0.9349504,0.9349504068285033,9,9010,892
GCGUGGGGGCCCCG,0.9349504,0.9807549131677812,9,9010,892
GCGGGGGUCCCGUG,0.9080066,0.9080065916621631,9,9010,892
GCGUCGGGGCCUCG,0.89992344,0.7301255861516635,9,9010,892
GCGGGGGGCCCCCG,0.89101124,0.8910112530985076,9,9010,892
GCGGGGGGACCCCG,0.89101124,0.7783135692662093,9,9010,892
GCACGGGGGCCCCG,0.88645154,0.8864515600855906,9,9010,892
GCACGCGGGCCCCG,0.88645154,0.6951504107350766,9,9010,892
GCGCGGGGGCCCCG,0.8783683,1.0319481003143287,9,9010,892
GCGAGGGGGCCCCG,0.8783683,0.8783683333096901,9,9010,892
GCGGGGGGGCCCUG,0.875674,0.8756739929060553,9,9010,892
GCGGGGGGGGCCUG,0.875674,0.7571212164524084,9,9010,892
GCGCCGGGGCCCCG,0.8648964,0.8648964257265199,9,9010,892
GCGCAGAGGCCCCG,0.8648964,0.6789841627482718,9,9010,892
GCGCAGGGGCCCCG,0.8648964,0.8648964257265199,9,9010,892
GCGCAGGUGCCCCG,0.8648964,0.6709009873636202,9,9010,892
GCGUGGGGGCGCCG,0.8622021,0.8622020853228852,9,9010,892
GCGUGGGGGCCCAG,0.8595077,0.8595076935280014,9,9010,892
GCGGGGGGCCCCCC,0.85746104,0.8574610214824485,9,9010,892
GCGGGGGGCCCCUG,0.85233134,0.8523313125764131,9,9010,892
GCGUGGGGUCGCCG,0.84621716,0.7276643436162065,9,9010,892
GCGUGGGGCCCCUG,0.8377195,0.8377195021792747,9,9010,892
GCAUGGGGGCCCCG,0.83525825,0.835258270156545,9,9010,892
GCGGGGGGCCCCAU,0.8325639,0.8325638783616612,9,9010,892
GCGGGGGGCCCCAC,0.8325639,0.8325638783616612,9,9010,892
GUGAGGGGGCCCCG,0.82717514,0.8271751461631427,9,9010,892
GCGUAGGGGCCCCG,0.82178634,0.821786362573375,9,9010,892
GCGUAGGGGCGCCG,0.82178634,0.7032335861197281,9,9010,892
GCGAGGGGCCCCUG,0.819092,0.7792721274424284,9,9010,892
GCGAGGGGGCCCUG,0.819092,0.8190919707784912,9,9010,892
GCUGGGGGGCCCCG,0.8163976,0.8163975789836073,9,9010,892
GCGUGCGGGCCCCG,0.81134564,0.7894537638172672,9,9010,892
GCGGGCGGGCCCCG,0.81134564,0.8113456263133251,9,9010,892
UUGGGGGGCCCCGC,0.8110089,0.8110088467850887,9,9010,892
GCGGGGGGCCUCCG,0.8101798,0.810179807599487,9,9010,892
GCGGGUGGCUCCCG,0.8101798,0.6895544189872305,9,9010,892
GUGGGGGGCCCCCC,0.80626774,0.8062677577431733,9,9010,892
GCGAGGGGGUCCCG,0.8056201,0.8056200631953211,9,9010,892
CCGUGGGGACCCUG,0.8056201,0.6116246248324213,9,9010,892
ACGGGGGGGCCCCA,0.7975369,0.7975369392019187,9,9010,892
GCGCGGGUCCCGCG,0.7975369,0.7975369392019187,9,9010,892
GCGGAGGGGCCCCG,0.7975369,0.7975369392019187,9,9010,892
CCGGGGGGCCCCCG,0.79279584,0.7927958501600032,9,9010,892
GCGCAGGGGUCCCG,0.7921482,0.792148155612151,9,9010,892
GCGUGCGGUCCCCG,0.78945374,0.6659008488394513,9,9010,892
GCAGGGGGCCCCCG,0.787718,0.7877179815898514,9,9010,892
UCGGGGGUCCCGUG,0.784065,0.7840650316187485,9,9010,892
GCGGGGGGUCCCUG,0.77958304,0.7795830172605653,9,9010,892
GCGUGGGGGGCGCG,0.77598184,0.7759818562340971,9,9010,892
GCGGCGGGCCCCCG,0.7743497,0.7743497042754908,9,9010,892
GCGGGGGGCCUCUG,0.7714999,0.7714998670773927,9,9010,892
GCUGGGGGCCCCUG,0.7705931,0.7705931240355786,9,9010,892
GCGGUGGGCCCCCG,0.77038586,0.7703858644862509,9,9010,892
CCGGGGGAGCCGCG,0.76789874,0.6630769380539501,9,9010,892
GCGUGGCGGCCCCU,0.7637276,0.7637276329021273,9,9010,892
GCGGGGGUCCCCUG,0.76250994,0.762509948650927,9,9010,892
GCGGGGGUCCCCUU,0.76250994,0.762509948650927,9,9010,892
GCGCGGGCCUCUAC,0.76250994,0.6325578767727198,9,9010,892
GUGGGGGGGCCCAG,0.76250994,0.762509948650927,9,9010,892
GGGGGGGGCCCCUG,0.760826,0.7608259815579159,9,9010,892
CCGGGCGGUCCCCG,0.759712,0.6665744436101302,9,9010,892
ACGUGGGGGCCCGG,0.7571212,0.7571212164524084,9,9010,892
CCGGGGGGCCCCUG,0.75411594,0.7541159348393875,9,9010,892
CCGGGCGGGCCCUG,0.75206923,0.6977929873955557,9,9010,892
GCGGGGGGCUGCAU,0.7517324,0.660123471575334,9,9010,892
GGUUGGGGGCCCCG,0.75152516,0.7515251733133133,9,9010,892
GCAGGGGGGCCCUG,0.74903804,0.7490380410677568,9,9010,892
GCAGGGAGCCCCUC,0.74903804,0.576545819147025,9,9010,892
GCGGCGGGGGCCUG,0.7463437,0.7463437006641221,9,9010,892
GCGGGGGUACCGUG,0.7463437,0.7463437006641221,9,9010,892
GGGGGCGGCCCCAC,0.7463437,0.6757198064515186,9,9010,892
GGGGGGGGCCCCAC,0.7463437,0.7463437006641221,9,9010,892
CCGGGUGCGCCGUG,0.7436493,0.5798619905781828,9,9010,892
GCGGGGGACCUCAC,0.7436493,0.6628178633702178,9,9010,892
CCGGGGGCGCCGUG,0.7436493,0.7436493088692383,9,9010,892
GCGGGGGACCCCAC,0.7436493,0.7436493088692383,9,9010,892
GCGUGGGGUGCCCG,0.74313116,0.7889356144498025,9,9010,892
GAGGGGGGCCCCCG,0.7415508,0.7415507964878019,9,9010,892
GGCGGCGGGCCCCC,0.7415249,0.7301774012860682,9,9010,892
GCGGGCGGCCCCUC,0.74095494,0.7409549170743546,9,9010,892
GCGGGGCGUCCCUG,0.74095494,0.6682065955687364,9,9010,892
GCGGGCGGCCCCAC,0.74095494,0.7436493088692383,9,9010,892
UCGCGGGGCCCCAU,0.73595476,0.7359547785501854,9,9010,892
GCCUGGGGGCCUCG,0.73556614,0.7355661334845869,9,9010,892
GCGUGGGUCCCCCG,0.73458165,0.7345816750855412,9,9010,892
GCGGGGGACCCCCG,0.7328718,0.7598156082472922,9,9010,892
GCUCGUGGCCCCUG,0.7326386,0.601805667220354,9,9010,892
GCGGGCGGGCCCGG,0.7325609,0.7325608780613362,9,9010,892
GGGGGGGUCUCGUG,0.7301774,0.7301774012860682,9,9010,892
CCGUCGGGGCCUCG,0.7301256,0.7137002120898773,9,9010,892
GCGGGGCGGCCCUG,0.72960746,0.7296074367841989,9,9010,892
UCGGGGGCCCCCUG,0.7283898,0.7113167101131305,9,9010,892
GGGGGGGGUCCCCG,0.7267576,0.7267576005743923,9,9010,892
GCGCGGGUCCCCUG,0.72649854,0.72649852589066,9,9010,892
ACGGGGGGCCCCAC,0.7247886,0.7247886176963005,9,9010,892
GCGGUAGGCCCCGC,0.7247886,0.7247886176963005,9,9010,892
GCGGUACGCCCCGC,0.7247886,0.6331796564089938,9,9010,892
GCGGGGGCUGCUAC,0.7247886,0.6709009873636202,9,9010,892
AGACGCGGGGGCCG,0.71939987,0.7193998854977819,10,10012,991
GGGUCCGGGGGCCG,0.71859676,0.7185967465350069,10,10012,991
GGAUGCGGGGGGCC,0.7167055,0.6575327352507384,10,10012,991
GGAUGCGGGGGCCC,0.7167055,0.7167054937028982,10,10012,991
GGAGGCGGUGGCCC,0.7140111,0.5308967834124401,10,10012,991
GGAGGCGGGGGACC,0.7140111,0.5227100039487493,10,10012,991
GGAGGCGGGGGCCC,0.7140111,0.7140111019080143,10,10012,991
GAAUGCGCGGGCCC,0.7113167,0.5892923178134029,10,10012,991
GAAUGCGGGGGCCC,0.7113167,0.7113167101131305,10,10012,991
GGAAGCGGGGGCCA,0.70862234,0.6574290797804502,10,10012,991
GGAUGGGCGGGCCG,0.70836323,0.7083632436345144,10,10012,991
GGACGCGCGGGCCC,0.70825964,0.7082596395554752,10,10012,991
GCCCGUGCGGUCCG,0.6960572,0.6448639414288646,10,10012,991
GGUUGGGCGGCCGG,0.6953836,0.6953835957087096,10,10012,991
GCACGCGCGGGCGG,0.6927669,0.6927669339598086,10,10012,991
GCACGCGCGGGCCG,0.68662685,0.6866268674201924,10,10012,991
GGUUGCGCGGGCCG,0.6776888,0.6776887893296103,10,10012,991
GUACGCGCGGGCCG,0.6695538,0.669553798810554,10,10012,991
CGGUGCGCGGGCCG,0.6656936,0.6656935892901238,10,10012,991
AGAUGCGGGGGCCG,0.66551226,0.6655122551651016,10,10012,991
GGGGGCGGGUGCCG,0.6650459,0.6650458947422715,10,10012,991
GAACACGCGGGCCC,0.66489047,0.5193938587073617,10,10012,991
GAACGCGCGGGCCG,0.6626883,0.6626883076771029,10,10012,991
GAACGCGCGGGUCG,0.6626883,0.5981786069593505,10,10012,991
GGGUACGAGGGCCC,0.6574291,0.48472959831039064,10,10012,991
GGGUACGGGGGCCC,0.6574291,0.6574290797804502,10,10012,991
GGGAACGGGGGCCC,0.6574291,0.6250965324155915,10,10012,991
AUACGCGCGGGCCG,0.65444976,0.6544497392687776,10,10012,991
GGGUCCGAGGGCCG,0.65178126,0.6517812728981993,10,10012,991
GGAUGUGCGGGCCG,0.65121126,0.576571734058603,10,10012,991
GGUUGUGCUGGCCG,0.65121126,0.499263719540068,10,10012,991
GGUUGUGCGGGCCG,0.65121126,0.6512112831948511,10,10012,991
AGGUGCGCGGGCCA,0.6480506,0.6294489658791809,10,10012,991
GUGCCCGCUGGCCG,0.64478624,0.5518818766769136,10,10012,991
GAACGCGUGGGUCG,0.6444494,0.5717011260260703,10,10012,991
UAACGCGCGCGCCU,0.64276546,0.49814969075915594,10,10012,991
GCGAGCGCGGGCCG,0.63965654,0.639656543355368,10,10012,991
GAAUGCGGGGGUCC,0.63856846,0.6385684399987615,10,10012,991
GUAUGCGCGGGGCA,0.6375839,0.6375839302084668,10,10012,991
GGAAGCGGGGGUCC,0.63587403,0.6358740482038776,10,10012,991
GGUUGCGCGGGGCG,0.63509685,0.6350968241526808,10,10012,991
GGUUGGGGCCGCCG,0.6342937,0.5881782890324909,10,10012,991
GGGGGCGCUUGCCG,0.633076,0.6330760261401843,10,10012,991
GUACGCGUGGGGCA,0.6321952,0.6321951728084695,10,10012,991
CGAUGCGUGGGGCC,0.6321952,0.6321951728084695,10,10012,991
AGUCGGGCGGCCGG,0.63167703,0.6631028382767767,10,10012,991
GUCUGCGCCCGCCG,0.62779087,0.5965205391008747,10,10012,991
GGAUGCGCGCGCCG,0.627765,0.4844705236266583,10,10012,991
GGAUGCGCGGGCCG,0.627765,0.6277649987861698,10,10012,991
GGUAGCGCGGGCCG,0.62719506,0.6271950342843005,10,10012,991
AGGAGGGGGGGCCA,0.6261587,0.6075571295728932,10,10012,991
GGAUGGGCGGGGCG,0.6254592,0.6254592111783629,10,10012,991
GUAUGCGCGGGCCG,0.62110674,0.621106767202046,10,10012,991
GGUCCGGGGGUCCG,0.6195523,0.6373507557475612,10,10012,991
GGUUGCGCGGGCUG,0.6184124,0.6184123754071623,10,10012,991
GGAUGGGGAGGGCG,0.61807555,0.6180755706774472,10,10012,991
GGGUGAGCGGGCCA,0.6179201,0.6179201262625245,10,10012,991
GUACGCGUGGGCGA,0.61701334,0.565716488224334,10,10012,991
GGAUCGGGGUCCGG,0.6142672,0.6565482107716923,10,10012,991
GUAGGGGCGGGCCC,0.6123241,0.612324108324908,10,10012,991
GGAUGCGGGGGGCG,0.61172825,0.6117282289114605,10,10012,991
GAACGCGCGGGCGU,0.61004424,0.6100442618184495,10,10012,991
GUACGCGUGGGGUA,0.60973334,0.6097333720003124,10,10012,991
UGAUGCGGGGGGCC,0.60893023,0.6089302330375375,10,10012,991
GGAUACAGGGGCCC,0.60893023,0.5087717621325194,10,10012,991
GAAUGCCGGGGGCA,0.60893023,0.557736994499741,10,10012,991
GGGGGCGUGUGCAG,0.6075571,0.6075571295728932,10,10012,991
GGUUGGGCUGCCGG,0.6050959,0.6050958975501636,10,10012,991
GUCUGCGGCGGGCA,0.60460365,0.604603663094277,10,10012,991
GUACCCGCGGGCCG,0.60356736,0.603567364359348,10,10012,991
GGAUGGCCGGGCCG,0.60348964,0.6034896343133651,10,10012,991
GCACCCGUGGGGCA,0.6016502,0.601650196615661,10,10012,991
GCGUGAGCGGGCCG,0.6015984,0.6015984076710265,10,10012,991
GUAAGCGCGGGCGG,0.6008989,0.6008988979887695,10,10012,991
GGAUCAGGGGGCCU,0.5989558,0.5397830725583876,10,10012,991
GUAGGCGCGGGCCU,0.59869677,0.5986967563268152,10,10012,991
GGGUCCGUGGCCCG,0.59867084,0.5986708666167158,10,10012,991
GAUAGGGCGGCCGG,0.58732337,0.5873233611250814,10,10012,991
AGAUGCGCGGGCCG,0.5870902,0.5870902013529272,10,10012,991
AUAUGCGCGGGCCG,0.5870902,0.5870902013529272,10,10012,991
GAAAGCGCGGGCCC,0.5865979,0.586597926018519,10,10012,991
CUAAGCGCGGGCCG,0.5857171,0.585717097888283,10,10012,991
GGAUGCGGCGGGCC,0.5837481,0.5837481150101913,10,10012,991
GGGUCCGCAGUCCG,0.581261,0.49638799362016206,10,10012,991
GGAUGCGGCCGGCC,0.58069104,0.5806910297637844,10,10012,991
GGAGGAGGGGGCCC,0.5803024,0.5803024245884161,10,10012,991
GGUUGGGCGGUCCG,0.58012104,0.5801210652619151,10,10012,991
GGUUGUGACGGGCC,0.5793698,0.4841596338085213,10,10012,991
GGAAGCGGGGGGCA,0.57898116,0.5789811362581765,10,10012,991
CGAGGUGGGGGGCC,0.57898116,0.5964686987649912,10,10012,991
GAACACGUGGGCCG,0.57859254,0.5785925425838269,10,10012,991
GGUUUCGCGGGCCU,0.57846296,0.5784629868907118,10,10012,991
GGAUGCGGGGGCAC,0.57659763,0.5765976342814296,10,10012,991
GGUUGGUCACCCGG,0.5750173,0.5108702745139558,10,10012,991
GGUUGCGCGGGACC,0.5737996,0.5737996384075066,10,10012,991
GGCGGCGCCGUCCC,0.5722711,0.5722710905279396,10,10012,991
GGUUCUGCCGGCCG,0.5720638,0.5720638299903205,10,10012,991
GCACGCGCCGGCCG,0.57175297,0.5717529411604749,10,10012,991
CUGCGCAUGGGCCG,0.57172704,0.619655933691419,10,10012,991
