{"run_id": "16:46:38-09/21/2020", "exp_name": "Adalead_mu=1_threshold=0.05", "model_name": "LandscapeAsModel=RNABinding_T['GAACGAGGCACAUUCCGGCUCGCCCGGCCCAUGUGAGCAUGGGCCGGACCCCGUCCGCGCGGGGCCCCCGCGCGGACGGGGGCGAGCCGGAAUGUGCCUC', 'GAGGCACAUUCCGGCUCGCCCCCGUCCGCGCGGGGGCCCCGCGCGGACGGGGUCCGGCCCGCGCGGGGCCCCCGCGCGGGAGCCGGAAUGUGCCUCGUUC']_L14", "landscape_name": "RNABinding_T['GAACGAGGCACAUUCCGGCUCGCCCGGCCCAUGUGAGCAUGGGCCGGACCCCGUCCGCGCGGGGCCCCCGCGCGGACGGGGGCGAGCCGGAAUGUGCCUC', 'GAGGCACAUUCCGGCUCGCCCCCGUCCGCGCGGGGGCCCCGCGCGGACGGGGUCCGGCCCGCGCGGGGCCCCCGCGCGGGAGCCGGAAUGUGCCUCGUUC']_L14", "rounds": 10, "sequences_batch_size": 100, "model_queries_per_batch": 1000}
sequence,model_score,true_score,round,model_cost,measurement_cost
UCUUGGGGACUUUU,,0.27879076194752395,0,0,1
UCGGGCGGGGGUCC,0.7705931240355786,0.7705931240355786,1,1200,100
UCGGGCGGGGGUCG,0.7247886176963005,0.7247886176963005,1,1200,100
ACGGGCGGGGGUCA,0.7140111019080143,0.7140111019080143,1,1200,100
ACGGGCGGGGGUUA,0.6681548066241019,0.6681548066241019,1,1200,100
CGGGGGGCCCGACA,0.660123471575334,0.660123471575334,1,1200,100
CGCGCGGGACCCAG,0.6583358490120347,0.6583358490120347,1,1200,100
UCGGGCGGGGGACC,0.6520403475819315,0.6520403475819315,1,1200,100
CCCUGGGGGCCUUU,0.6357185775991847,0.6357185775991847,1,1200,100
CGGCGGGGCCGUCA,0.6278167877308043,0.6278167877308043,1,1200,100
UGGGGGGCCCGACA,0.6250965324155915,0.6250965324155915,1,1200,100
UCGGGCCGGGGACC,0.6213399269742004,0.6213399269742004,1,1200,100
UCCCUCGCGCGGUU,0.6202518131048664,0.6202518131048664,1,1200,100
GGCGCGGGACCCAG,0.6017538520859493,0.6017538520859493,1,1200,100
GCCUUGGCCCCUGC,0.601650196615661,0.601650196615661,1,1200,100
GAUAGGGGGCCCGG,0.5981527172492512,0.5981527172492512,1,1200,100
UCGGGCGUGGGUCC,0.5971422925473785,0.5971422925473785,1,1200,100
UCGUGGGGUCCUGU,0.5953546699840792,0.5953546699840792,1,1200,100
UGGCGGGGCCUUCA,0.5950696950775203,0.5950696950775203,1,1200,100
UGGCGGGGCCGUCA,0.59431837124915,0.59431837124915,1,1200,100
CGGCGGGCCCGACA,0.5877637951353145,0.5877637951353145,1,1200,100
UGGGGGGUCCGUCA,0.587375150069716,0.587375150069716,1,1200,100
ACCCGCGGCCCGCU,0.5872197308562719,0.5872197308562719,1,1200,100
AACCGCGGCCCCCU,0.5863388513347868,0.5863388513347868,1,1200,100
GCUCCCGCGCUAUU,0.5833854362474197,0.5833854362474197,1,1200,100
ACCCCCGCGCUUUU,0.5742918875521446,0.5742918875521446,1,1200,100
CCAUGGGGGCUCUC,0.5737996384075066,0.5737996384075066,1,1200,100
GCUUGGGGGCUUUU,0.571208902082911,0.571208902082911,1,1200,100
GCCUGGGCCCUUGG,0.5666750725903231,0.5666750725903231,1,1200,100
UGGCGGGGCCUUUU,0.5633589011591653,0.5633589011591653,1,1200,100
CCCUGGGGGCUUUU,0.5602759156899317,0.5602759156899317,1,1200,100
GAUAGGGGGCGCGC,0.5496020039806848,0.5496020039806848,1,1200,100
ACGGGCGGGCGUUA,0.5446277656793425,0.5446277656793425,1,1200,100
GCCUUGGCCCCUGA,0.5424774381635012,0.5424774381635012,1,1200,100
ACUUGGGGGCCUUU,0.5415706951216871,0.5415706951216871,1,1200,100
CCGGGGCUCCUAUG,0.5407934710704903,0.5407934710704903,1,1200,100
CGUUGGGGGCUUUU,0.5388763033268033,0.5388763033268033,1,1200,100
UGGGGCGUCCGUCU,0.5378918197262789,0.5378918197262789,1,1200,100
UAUAGGGGGCCUUC,0.5361819115319195,0.5361819115319195,1,1200,100
UAUAGGGGGCCUUU,0.5361819115319195,0.5361819115319195,1,1200,100
UCUUGGGGUCCUGU,0.5307931793334009,0.5307931793334009,1,1200,100
GCUGGGGGACCUUU,0.5254043957436332,0.5254043957436332,1,1200,100
GGGGAGAACCGCAG,0.5254043957436332,0.5254043957436332,1,1200,100
AACCGCGGACCCCU,0.5204042572194642,0.5204042572194642,1,1200,100
UCGGGCCGGUGACU,0.5186425348789915,0.5186425348789915,1,1200,100
CCGGGGCUACUGUG,0.5178653108277946,0.5178653108277946,1,1200,100
UCGUGUGGACGUUA,0.5173212717502307,0.5173212717502307,1,1200,100
UCCCGCAGCCCUCU,0.5157409087362589,0.5157409087362589,1,1200,100
UCUUGGGGCCUCUU,0.5155336229971612,0.5155336229971612,1,1200,100
ACUCCCGCGCUUUU,0.514963684685062,0.514963684685062,1,1200,100
UCGUGCGGACUUAU,0.5146268799553468,0.5146268799553468,1,1200,100
UCGUGCGGACUUUU,0.5146268799553468,0.5146268799553468,1,1200,100
UCGUGUGGGCGUUA,0.5130465169413752,0.5130465169413752,1,1200,100
UCUCGGGCCGCCUC,0.5119843032948679,0.5119843032948679,1,1200,100
CCUUGGGGGCUUUU,0.5103521251464913,0.5103521251464913,1,1200,100
GGUCCGCACCUCGC,0.5092380963655793,0.5092380963655793,1,1200,100
GCCUUGGCCCCUUC,0.5081240675846672,0.5081240675846672,1,1200,100
GCCUCGGGACCCAG,0.5069841647706989,0.5069841647706989,1,1200,100
UCGCUCGGCGGGUU,0.5065437045706955,0.5065437045706955,1,1200,100
GCACGGGUGGGUUU,0.5054297019795537,0.5054297019795537,1,1200,100
GGUCCGCACCUCGU,0.5039529682460999,0.5039529682460999,1,1200,100
CCGGGGCUCUGAUG,0.5038493641670606,0.5038493641670606,1,1200,100
CGCGGGAGGCACAG,0.5038493641670606,0.5038493641670606,1,1200,100
CCAUGGGGGUCUUU,0.5037975238311772,0.5037975238311772,1,1200,100
UCAGGGGGAGCUGU,0.5011031572377721,0.5011031572377721,1,1200,100
GAUAAGGGGUCCGG,0.501077242326194,0.501077242326194,1,1200,100
GGCUCGGGACCCAG,0.4971911073814583,0.4971911073814583,1,1200,100
GGUCCGCUCCUCGG,0.49708747711264867,0.49708747711264867,1,1200,100
UCACUCGCCGGGUU,0.49586984425269753,0.49586984425269753,1,1200,100
GAUAGGGGGCGCUC,0.4957661887824092,0.4957661887824092,1,1200,100
UCGGGUGGGCGUUA,0.4947039751359019,0.4947039751359019,1,1200,100
UAUAGGGGGCGGUC,0.4935122571875288,0.4935122571875288,1,1200,100
GUCCCCACGCUCGU,0.4931236373234089,0.4931236373234089,1,1200,100
UCCCUCGCCCGGUU,0.4930717969875254,0.4930717969875254,1,1200,100
CCGUGGGGACUUUU,0.4930717969875254,0.4930717969875254,1,1200,100
UAUAGGGGGCGCUC,0.4930717969875254,0.4930717969875254,1,1200,100
CCUCGCGGAGGUUU,0.49302000804289087,0.49302000804289087,1,1200,100
UCCCGGGCCCGUUG,0.49270911822475383,0.49270911822475383,1,1200,100
UCACGGGCCCUUGU,0.492242783991694,0.492242783991694,1,1200,100
UCUUGGGGAGCUGG,0.49206142367690164,0.49206142367690164,1,1200,100
UCUCGGGCCGCCUG,0.49154327430943706,0.49154327430943706,1,1200,100
GGUCCGCACCUCGG,0.49048106066292985,0.49048106066292985,1,1200,100
UCAGGGGGAACUGU,0.4903774565838906,0.4903774565838906,1,1200,100
UCGCUCGGUGGGUU,0.4903774565838906,0.4903774565838906,1,1200,100
CCGGGCCUCUGAUG,0.4901183819001583,0.4901183819001583,1,1200,100
CCUUCGGGGGUUUU,0.4873203346349862,0.4873203346349862,1,1200,100
CCACCCGGUGGAUA,0.4872685195005814,0.4872685195005814,1,1200,100
UGACGGGCCCUUGU,0.4853772928582428,0.4853772928582428,1,1200,100
CGUUGGGGAUGGGU,0.48498867299412296,0.48498867299412296,1,1200,100
UGUUGGGGCCUUUU,0.48498867299412296,0.48498867299412296,1,1200,100
CGCGCGAGGCACAG,0.4844705236266583,0.4844705236266583,1,1200,100
UGUCGGGCGCCUUU,0.48123206755273185,0.48123206755273185,1,1200,100
GCAGGGGUGGGUUU,0.48086938878996033,0.48086938878996033,1,1200,100
CGCUGGGGACUGGU,0.4798589640880876,0.4798589640880876,1,1200,100
GCCUUGGCCCUUGG,0.479340814720623,0.479340814720623,1,1200,100
CCUUGGGGCCUUUU,0.47923721064158376,0.47923721064158376,1,1200,100
UGCUGGGGAGCAGG,0.4783563416328259,0.4783563416328259,1,1200,100
UAUCCUGCGCGUGA,0.47812318186067176,0.47812318186067176,1,1200,100
ACCCGCAGCCCUCU,0.47791592231134417,0.47791592231134417,1,1200,100
CCGGGGCUACUGUU,0.47744958807828436,0.47744958807828436,1,1200,100
UCGCGCGGGGGCCC,0.940339190418271,0.940339190418271,2,3200,199
CCGCGCGGGGGUCC,0.9402873238926172,0.9402873238926172,2,3200,199
CCGGGCGGGGGCCC,0.9160379015094523,0.9160379015094523,2,3200,199
UCGCGCGGGGCCCC,0.8922807262943424,0.8922807262943424,2,3200,199
UCGUGCGGGGGCCC,0.8891459004892255,0.8891459004892255,2,3200,199
CCGUGCGGGGGUCC,0.889094086343112,0.889094086343112,2,3200,199
ACGUGCGGGGGCCC,0.8837571168994578,0.8837571168994578,2,3200,199
UCCGGCGGGGGCCC,0.8677462881260969,0.8677462881260969,2,3200,199
UCGCGCGGGGGUCC,0.8675908689126528,0.8675908689126528,2,3200,199
CCGGGCGGGGCCCC,0.8653369111280023,0.8653369111280023,2,3200,199
GCGCGCGGGGGUCC,0.8568133017331176,0.8568133017331176,2,3200,199
UCGCGCGGGGCCCU,0.8517613490628353,0.8517613490628353,2,3200,199
UCGGGCGGGGGCCC,0.8433413941499475,0.8433413941499475,2,3200,199
CCGCGGGGGGGUCC,0.843289605205313,0.843289605205313,2,3200,199
CCGGGCGGGGGUCC,0.843289605205313,0.843289605205313,2,3200,199
CCGUGCGGGGGUCG,0.843289605205313,0.843289605205313,2,3200,199
ACGGGCGGGGGCCC,0.8379526619514288,0.8379526619514288,2,3200,199
UUGCGUGGGGGCCC,0.835258270156545,0.835258270156545,2,3200,199
GCGGGCGGGGGCCC,0.8325638783616612,0.8325638783616612,2,3200,199
UCGCGCGGGGGUCU,0.8325638783616612,0.8325638783616612,2,3200,199
CCGUGCGGGGCUCC,0.830309921565302,0.830309921565302,2,3200,199
GCGCGCGGGGGUCU,0.821786362573375,0.821786362573375,2,3200,199
UCGCGCGGGGGGCC,0.821786362573375,0.821786362573375,2,3200,199
CCCGGCGGGGGUCC,0.8169934583970547,0.8169934583970547,2,3200,199
UCGUGCGGGGGUCC,0.8163975789836073,0.8163975789836073,2,3200,199
UCGCGUGGGGGUCC,0.8163975789836073,0.8163975789836073,2,3200,199
UUGCGCGGGGGUCC,0.8137032385799725,0.8137032385799725,2,3200,199
UCGCGCGGGGCUCC,0.8114492555938431,0.8114492555938431,2,3200,199
ACGUGCGGGGGUCC,0.8110088467850887,0.8110088467850887,2,3200,199
UCUGGCGGGGGCCC,0.8084698994051276,0.8084698994051276,2,3200,199
UCGGGCGGGGGCCU,0.8083144549902049,0.8083144549902049,2,3200,199
CCGGGCGGGGGUCU,0.8082626398558002,0.8082626398558002,2,3200,199
GCGGGCGGGGGGCC,0.8068895363911559,0.8068895363911559,2,3200,199
GCGUGCGGGGGUCC,0.8056200631953211,0.8056200631953211,2,3200,199
CCGGGCGGGGGUCG,0.7974851240675138,0.7974851240675138,2,3200,199
UCGGGCGGGGCCCC,0.7952829562157893,0.7952829562157893,2,3200,199
UCCCGCGGGGGUCC,0.7949979918219576,0.7949979918219576,2,3200,199
UCCGGCGGGGGUCC,0.7949979918219576,0.7949979918219576,2,3200,199
UAGCGCGGGGGUCC,0.792148155612151,0.792148155612151,2,3200,199
UCGGGUGGGGGCCC,0.792148155612151,0.792148155612151,2,3200,199
UCGCGCGGGGGUUC,0.792148155612151,0.792148155612151,2,3200,199
UUGGGCGGGGGCCC,0.7894537638172672,0.7894537638172672,2,3200,199
CCAGGCGGGGGCCC,0.7894019748726326,0.7894019748726326,2,3200,199
UCGAGCGGGGGCCC,0.7867594234136324,0.7867594234136324,2,3200,199
CCGGGCGGGGCUCC,0.7845054404275029,0.7845054404275029,2,3200,199
ACGAGCGGGGGCCC,0.7813706398238647,0.7813706398238647,2,3200,199
GCGGGUGGGGGCCC,0.7813706398238647,0.7813706398238647,2,3200,199
UGGGGCGGGGGCCC,0.7759818562340971,0.7759818562340971,2,3200,199
UCGCGCGGGGGUGC,0.7759818562340971,0.7759818562340971,2,3200,199
ACGCGUGGGGGUCU,0.7759818562340971,0.7759818562340971,2,3200,199
GCCGGCGGGGGUCC,0.7746087789592231,0.7746087789592231,2,3200,199
ACCGGCGGGGGUCC,0.7745051486904135,0.7745051486904135,2,3200,199
GCGGACGGGGGUCC,0.7742460740066812,0.7742460740066812,2,3200,199
GCGGGGGGGGGUCC,0.7737538248620434,0.7737538248620434,2,3200,199
UCGCGCGGGGCUCU,0.7709299287652935,0.7709299287652935,2,3200,199
UCGUGCGGGGGGCC,0.7705931240355786,0.7705931240355786,2,3200,199
UCGUGCGGGGGUCG,0.7705931240355786,0.7705931240355786,2,3200,199
CCGCGUGGGGGACC,0.7705413089011737,0.7705413089011737,2,3200,199
GCGGGCGGGGGUCC,0.7690645761560114,0.7690645761560114,2,3200,199
GCGGGCCGGGGUCC,0.7686500560690648,0.7686500560690648,2,3200,199
UAGGGCGGGGGCCC,0.7678987322406947,0.7678987322406947,2,3200,199
CCGGGCGGGGGUUC,0.7678469171062899,0.7678469171062899,2,3200,199
GCGUGCGGGGCUCC,0.7659556642741809,0.7659556642741809,2,3200,199
CCCUGCGGGGGUCC,0.7659556642741809,0.7659556642741809,2,3200,199
ACGGGCGGGGGUCC,0.7652043404458109,0.7652043404458109,2,3200,199
UCGUGCGGGGGUCA,0.7652043404458109,0.7652043404458109,2,3200,199
GCGGGCGGGGCUCC,0.7633649027481066,0.7633649027481066,2,3200,199
GGGCGCGGGGGUCU,0.762509948650927,0.762509948650927,2,3200,199
UUGUGCGGGGGUCC,0.762509948650927,0.762509948650927,2,3200,199
UCGGGCGGGGGCUC,0.762509948650927,0.762509948650927,2,3200,199
UCCGGCGGGGGGCC,0.7624063445718878,0.7624063445718878,2,3200,199
GCGGGCGGGGGGCG,0.7610850562416482,0.7610850562416482,2,3200,199
UCGUGCGGGGCUCC,0.7602560170560466,0.7602560170560466,2,3200,199
UCCGGCGGGGGUCU,0.7599710274607362,0.7599710274607362,2,3200,199
CCUGGCGGGGGUCC,0.7590901731407298,0.7590901731407298,2,3200,199
CCGGGCGGGGCGCC,0.7577688848104903,0.7577688848104903,2,3200,199
UCGGGCGGGGUCCC,0.7541159348393875,0.7541159348393875,2,3200,199
CCGGGCGGGGGUGC,0.751680617728236,0.751680617728236,2,3200,199
GCGGGCGGGGGUCU,0.7512142834951762,0.7512142834951762,2,3200,199
UCCGGCGGGGGUCG,0.74919351167245,0.74919351167245,2,3200,199
UCGCGCGGAGGGCC,0.7490380410677568,0.7490380410677568,2,3200,199
UCGCGCGGGGGACC,0.7490380410677568,0.7490380410677568,2,3200,199
UGGUGCGGGGGUCC,0.7490380410677568,0.7490380410677568,2,3200,199
UCGCGCGGGGCCAU,0.7480535826687114,0.7480535826687114,2,3200,199
UCGCGCGGGGACCC,0.7476649637928829,0.7476649637928829,2,3200,199
GCGGGCGGGGGUGC,0.7475354333012467,0.7475354333012467,2,3200,199
UCCGGCGGGGCUCC,0.7467841094728764,0.7467841094728764,2,3200,199
ACGAGCGGGGGCCU,0.7463437006641221,0.7463437006641221,2,3200,199
CCGGGGGGGGGUCC,0.7462918603282386,0.7462918603282386,2,3200,199
GCGGGCGGGGGUCG,0.7457218958263693,0.7457218958263693,2,3200,199
GCGGACGGGGGUCA,0.7454110060082322,0.7454110060082322,2,3200,199
UCGCGCGGGGUUCC,0.7440897176779927,0.7440897176779927,2,3200,199
UCCGGCGGGGGUCA,0.7438047280826823,0.7438047280826823,2,3200,199
UCCGGUGGGGGUCC,0.7438047280826823,0.7438047280826823,2,3200,199
GCGGGCGGGGGUCA,0.7429756888970807,0.7429756888970807,2,3200,199
UCGUGCGGGGGUUC,0.7409549170743546,0.7409549170743546,2,3200,199
UAGUGCGGGGGUCC,0.7409549170743546,0.7409549170743546,2,3200,199
GCGGGCUGGGGUCC,0.7395818136097102,0.7395818136097102,2,3200,199
UCGGGCGGGGGCGC,0.7393227389259779,0.7393227389259779,2,3200,199
CCGCGCGGGGGCCC,1.0130356453982352,1.0130356453982352,3,5200,298
CCGCGCGGGGCCCC,0.9623346308035978,0.9623346308035978,3,5200,298
CCGUGCGGGGGCCC,0.9618423554691897,0.9618423554691897,3,5200,298
CUGCGCGGGGGCCC,0.9537592314757872,0.9537592314757872,3,5200,298
ACGCGCGGGGGCCC,0.9349504068285033,0.9349504068285033,3,5200,298
CCGCGCGGGGGCUC,0.9322041998992148,0.9322041998992148,3,5200,298
GCGCGCGGGGGCCC,0.9295616232387356,0.9295616232387356,3,5200,298
CCGCGUGGGGGCCU,0.9268154163094471,0.9268154163094471,3,5200,298
CCGUGCGGGGGCCU,0.9268154163094471,0.9268154163094471,3,5200,298
CCGCGGGGGGGCCC,0.9160379015094523,0.9160379015094523,3,5200,298
CCGUGUGGGGGCCC,0.9106491683226422,0.9106491683226422,3,5200,298
CCGUGCGGGGGCCA,0.9106491683226422,0.9106491683226422,3,5200,298
UCGCGCGGGGGCCU,0.9053121484760303,0.9053121484760303,3,5200,298
CCGCGCGGGGGUCU,0.9052603847328745,0.9052603847328745,3,5200,298
CGGCGCGGGGGCCC,0.8971772607394721,0.8971772607394721,3,5200,298
UCGCGCGGGGGCCG,0.8945346840789931,0.8945346840789931,3,5200,298
CCGCGCGGGGGUCG,0.8944828175533392,0.8944828175533392,3,5200,298
CCGCGCGGGGGGCC,0.8944828175533392,0.8944828175533392,3,5200,298
CCCCGCGGGGGCCC,0.891114883367317,0.891114883367317,3,5200,298
CCCGGCGGGGGCCC,0.8897417799026728,0.8897417799026728,3,5200,298
UCGCGUGGGGGCCC,0.8891459004892255,0.8891459004892255,3,5200,298
UCGCGCGGGGGCCA,0.8891459004892255,0.8891459004892255,3,5200,298
CCGCGUGGGGGUCC,0.889094086343112,0.889094086343112,3,5200,298
CCGCGCGGGGGUCA,0.889094086343112,0.889094086343112,3,5200,298
ACGCGCGGGGCCCC,0.8868919688943451,0.8868919688943451,3,5200,298
UUGCGCGGGGGCCC,0.8864515600855906,0.8864515600855906,3,5200,298
ACGCGUGGGGGCCC,0.8837571168994578,0.8837571168994578,3,5200,298
CCGCGCGGGGCUCC,0.8815031853045774,0.8815031853045774,3,5200,298
CUGCGCGGGGGUCC,0.8810109099701692,0.8810109099701692,3,5200,298
CCGGGCGGGGGCCU,0.8810109099701692,0.8810109099701692,3,5200,298
GCGUGCGGGGGCCC,0.8783683333096901,0.8783683333096901,3,5200,298
UGGCGCGGGGGCCC,0.8729796525024205,0.8729796525024205,3,5200,298
CCGCGCGGGGGCAC,0.8729277859767668,0.8729277859767668,3,5200,298
CCGGGCGGGGGCCG,0.870233445573132,0.870233445573132,3,5200,298
UCCCGCGGGGGCCC,0.8677462881260969,0.8677462881260969,3,5200,298
CCGCACGGGGGCCC,0.8675390023869991,0.8675390023869991,3,5200,298
CCACGCGGGGGCCC,0.8675390023869991,0.8675390023869991,3,5200,298
UAGCGCGGGGGCCC,0.8648964257265199,0.8648964257265199,3,5200,298
AAGCGCGGGGGCCC,0.8648964257265199,0.8648964257265199,3,5200,298
CAGCGCGGGGGCCC,0.8648964257265199,0.8648964257265199,3,5200,298
CCGUGGGGGGGCCC,0.8648446619833643,0.8648446619833643,3,5200,298
CCGCGCGGGGGUUC,0.8648446619833643,0.8648446619833643,3,5200,298
CCGGGCGGGGGCCA,0.8648446619833643,0.8648446619833643,3,5200,298
CCGGGUGGGGGCCC,0.8648446619833643,0.8648446619833643,3,5200,298
ACGCGCGGGGGUCC,0.8622020853228852,0.8622020853228852,3,5200,298
UCGCGCGGGGGCUC,0.8595076935280014,0.8595076935280014,3,5200,298
CCGAGCGGGGGCCC,0.8594558783935966,0.8594558783935966,3,5200,298
CCGCGGGGGGCUCC,0.8594558783935966,0.8594558783935966,3,5200,298
CCUCGCGGGGGCCC,0.8567615127884831,0.8567615127884831,3,5200,298
CUGGGCGGGGGCCC,0.8567615127884831,0.8567615127884831,3,5200,298
CCGUGCGGGGCCCA,0.8558288433340719,0.8558288433340719,3,5200,298
CCCGGCGGGGGCCU,0.85471481455316,0.85471481455316,3,5200,298
GCCCGCGGGGGCCC,0.854222565408522,0.854222565408522,3,5200,298
CCGUGCGGGGGUCU,0.8540671209935993,0.8540671209935993,3,5200,298
CCGCGCGGGGUCCU,0.8490669824694304,0.8490669824694304,3,5200,298
CCGCGCGGGGGGCG,0.8486783626053105,0.8486783626053105,3,5200,298
CCGCGCGGGGGUGC,0.8486783626053105,0.8486783626053105,3,5200,298
ACCCGCGGGGGCCC,0.8472534701960317,0.8472534701960317,3,5200,298
ACCGGCGGGGGCCC,0.8472534701960317,0.8472534701960317,3,5200,298
CGGUGCGGGGGCCC,0.8459839708104266,0.8459839708104266,3,5200,298
CCGCGCAGGGGCCC,0.8459839708104266,0.8459839708104266,3,5200,298
UCGCGUGGGGGCCG,0.8433413941499475,0.8433413941499475,3,5200,298
UCGCGGGGGGGCCC,0.8433413941499475,0.8433413941499475,3,5200,298
CCGCGUGGGGGUCG,0.843289605205313,0.843289605205313,3,5200,298
CCGUGCGGGGGCGC,0.843289605205313,0.843289605205313,3,5200,298
CCGUGCGGGGGGCC,0.843289605205313,0.843289605205313,3,5200,298
CCGCCCGGGGGCCC,0.843289605205313,0.843289605205313,3,5200,298
CCGCGCGGGGCUCU,0.8409838322862576,0.8409838322862576,3,5200,298
UUGCGCGGGGGCCG,0.8406470537463127,0.8406470537463127,3,5200,298
CCGCGCGGGGGUUA,0.8405952134104292,0.8405952134104292,3,5200,298
CCCUGCGGGGGCCC,0.8387039605783203,0.8387039605783203,3,5200,298
UUGCGCGGGGCCCC,0.838393095961662,0.838393095961662,3,5200,298
UCGUGCGGGGGCCA,0.8379526619514288,0.8379526619514288,3,5200,298
UCGCGUGGGGGCCA,0.8379526619514288,0.8379526619514288,3,5200,298
CCGUGUGGGGGUCC,0.8379008468170241,0.8379008468170241,3,5200,298
CCGGGCGGGGGCUC,0.8352064550221403,0.8352064550221403,3,5200,298
CUGCGCGGGGGGCC,0.8352064550221403,0.8352064550221403,3,5200,298
CCGCGCGGGGUCCA,0.8342738117574995,0.8342738117574995,3,5200,298
GCGCGGGGGGGCCC,0.8325638783616612,0.8325638783616612,3,5200,298
CCUGGCGGGGGCCC,0.831838469444869,0.831838469444869,3,5200,298
CCGCGCGGGGCUCG,0.8315793947611368,0.8315793947611368,3,5200,298
UAGCGCGGGGGCCU,0.8298694865667774,0.8298694865667774,3,5200,298
CUGCGUGGGGGUCC,0.829817697622143,0.829817697622143,3,5200,298
CCGCGCGGGGGUAA,0.8271233058272591,0.8271233058272591,3,5200,298
CCGCGCGAGGGCCC,0.8271233058272591,0.8271233058272591,3,5200,298
CCGCGCGGGGGUGU,0.8271233058272591,0.8271233058272591,3,5200,298
CCGCGCGGGGGUAG,0.8271233058272591,0.8271233058272591,3,5200,298
CCGCGCGGGAGCCC,0.8271233058272591,0.8271233058272591,3,5200,298
CCGCGCGGGGGUAU,0.8271233058272591,0.8271233058272591,3,5200,298
CCGCGCGGGGGUAC,0.8271233058272591,0.8271233058272591,3,5200,298
CCGCGCGGAGGCCC,0.8271233058272591,0.8271233058272591,3,5200,298
GCGGACGGGGGCCC,0.8268124160091221,0.8268124160091221,3,5200,298
GCGCGCGGGGUCCC,0.8252320529951502,0.8252320529951502,3,5200,298
UGGCGCGGGGCCCC,0.8249211883784919,0.8249211883784919,3,5200,298
CCGAGCGGGGGCCU,0.8244289392338541,0.8244289392338541,3,5200,298
CGGCGCGGGGGUCC,0.8244289392338541,0.8244289392338541,3,5200,298
CCGCGCGCGGGGCC,0.8230558357692097,0.8230558357692097,3,5200,298
CUGCGCGGGGCUCC,0.8222267713821294,0.8222267713821294,3,5200,298
UCCCGCGGGGGGCC,0.8219676966983971,0.8219676966983971,3,5200,298
CCGCGCGGGGGCCU,0.9780087062384926,0.9780087062384926,4,7200,397
CCGCGCGGGGGCCG,0.9672311390589573,0.9672311390589573,4,7200,397
CCGCGUGGGGGCCC,0.9618423554691897,0.9618423554691897,4,7200,397
CCGCGCGGGGGCCA,0.9618423554691897,0.9618423554691897,4,7200,397
CCGCGGGGGGCCCC,0.9402873238926172,0.9402873238926172,4,7200,397
CCGCGCGGGGCCCU,0.9218152777852782,0.9218152777852782,4,7200,397
CUGCGCGGGGGCCU,0.9187322923160446,0.9187322923160446,4,7200,397
CCGCGUGGGGGCCG,0.9160379015094523,0.9160379015094523,4,7200,397
CCGUGCGGGGGCCG,0.9160379015094523,0.9160379015094523,4,7200,397
CCGCGCGGGGCCCG,0.9124108402601574,0.9124108402601574,4,7200,397
CCGCGUGGGGCCCC,0.9111413408745523,0.9111413408745523,4,7200,397
CCGUGCGGGGCCCC,0.9111413408745523,0.9111413408745523,4,7200,397
CCGCGUGGGGGCCA,0.9106491683226422,0.9106491683226422,4,7200,397
CUGCGCGGGGGCCG,0.9079547251365093,0.9079547251365093,4,7200,397
CCGCGCGGGGCCCA,0.9070220566703897,0.9070220566703897,4,7200,397
CUGCGCGGGGCCCC,0.9030582168811498,0.9030582168811498,4,7200,397
CUGCGCGGGGGCCA,0.9025659939262822,0.9025659939262822,4,7200,397
CUGCGUGGGGGCCC,0.9025659939262822,0.9025659939262822,4,7200,397
CUGUGCGGGGGCCC,0.9025659939262822,0.9025659939262822,4,7200,397
ACGCGCGGGGGCCU,0.8999234676687606,0.8999234676687606,4,7200,397
CCGCGCGGGGGCUG,0.8998716011431069,0.8998716011431069,4,7200,397
GCGCGCGGGGCCCC,0.8979803745007683,0.8979803745007683,4,7200,397
GCGCGCGGGGGCCU,0.8945346840789931,0.8945346840789931,4,7200,397
CCGCGCGGGGGCGC,0.8944828175533392,0.8944828175533392,4,7200,397
CCGCGCGGGGUCCC,0.8895863092979798,0.8895863092979798,4,7200,397
ACGCGCGGGGGCCG,0.8891459004892255,0.8891459004892255,4,7200,397
ACGCGCGGGGGCCA,0.8837571168994578,0.8837571168994578,4,7200,397
GCGCGCGGGGGCCG,0.8837571168994578,0.8837571168994578,4,7200,397
CCGCGCGGGGCCUC,0.8815031853045774,0.8815031853045774,4,7200,397
CCGCGGGGGGGCCU,0.8810109099701692,0.8810109099701692,4,7200,397
CCGUGCGGGGGCUC,0.8810109099701692,0.8810109099701692,4,7200,397
CCGCGUGGGGGCUC,0.8810109099701692,0.8810109099701692,4,7200,397
GCGCGUGGGGGCCC,0.8783683333096901,0.8783683333096901,4,7200,397
CCGCGCGGGGGCGG,0.8783165695665344,0.8783165695665344,4,7200,397
CCGCGCGGGGGCGU,0.8783165695665344,0.8783165695665344,4,7200,397
CCGCGCGGGGGCGA,0.8783165695665344,0.8783165695665344,4,7200,397
GUGCGCGGGGGCCC,0.8729796525024205,0.8729796525024205,4,7200,397
CUGCGCGGGGGCUC,0.8729277859767668,0.8729277859767668,4,7200,397
CCGCGCGGGGGCAG,0.8729277859767668,0.8729277859767668,4,7200,397
CCGCGCGGGGGCAA,0.8729277859767668,0.8729277859767668,4,7200,397
CCGCGCGGGGGCAU,0.8729277859767668,0.8729277859767668,4,7200,397
CCCCGCGCGGGCCG,0.8710106591116015,0.8710106591116015,4,7200,397
GGGCGCGGGGGCCC,0.8702852093162876,0.8702852093162876,4,7200,397
AGGCGCGGGGGCCC,0.8702852093162876,0.8702852093162876,4,7200,397
CCGCGGGGGGGCCG,0.870233445573132,0.870233445573132,4,7200,397
AUGCGCGGGGGCCC,0.8675908689126528,0.8675908689126528,4,7200,397
CCGCGGGGGGUCCC,0.8675390023869991,0.8675390023869991,4,7200,397
GAGCGCGGGGGCCC,0.8648964257265199,0.8648964257265199,4,7200,397
CCGCGGGGGGGCCA,0.8648446619833643,0.8648446619833643,4,7200,397
CCGCGCGGGCCCCC,0.8625388900526003,0.8625388900526003,4,7200,397
CGGCGCGGGGGCCU,0.8621502449870017,0.8621502449870017,4,7200,397
CCGCGAGGGGGCCC,0.8594558783935966,0.8594558783935966,4,7200,397
CCGCGCGGGGGGCU,0.8594558783935966,0.8594558783935966,4,7200,397
CCGCUCGGGGGCCC,0.8567615127884831,0.8567615127884831,4,7200,397
CUGCGGGGGGGCCC,0.8567615127884831,0.8567615127884831,4,7200,397
CCCCGCGGGGGCCU,0.8560879180178043,0.8560879180178043,4,7200,397
CCGCGCGGGGCGCC,0.854766604486086,0.854766604486086,4,7200,397
CCGCGCGGGGCCGC,0.854766604486086,0.854766604486086,4,7200,397
ACGCGCGGGGGCUC,0.8541189613294828,0.8541189613294828,4,7200,397
CGGCGCGGGGGCCG,0.8513727544001942,0.8513727544001942,4,7200,397
CCCCGCGCGGGCCC,0.8498700962307264,0.8498700962307264,4,7200,397
GCGCGCGGGGGCUC,0.8487301777397152,0.8487301777397152,4,7200,397
CGGCGCGGGGCCCC,0.8464762461448347,0.8464762461448347,4,7200,397
CGGCGCGGGGGCCA,0.8459839708104266,0.8459839708104266,4,7200,397
CCGCGCCGGGGCCC,0.8459839708104266,0.8459839708104266,4,7200,397
CCGCGCUGGGGCCC,0.8459839708104266,0.8459839708104266,4,7200,397
CGGCGUGGGGGCCC,0.8459839708104266,0.8459839708104266,4,7200,397
CCCCGCGGGGGCCG,0.8453103770280392,0.8453103770280392,4,7200,397
CCGCGCGGGGGGCA,0.843289605205313,0.843289605205313,4,7200,397
CCGCGUGGGGGGCC,0.843289605205313,0.843289605205313,4,7200,397
CCGCGUGGGGGCGC,0.843289605205313,0.843289605205313,4,7200,397
CCCCGUGGGGGCCC,0.8426678003675602,0.8426678003675602,4,7200,397
CCCCGCGGGGGCCA,0.8399215934382716,0.8399215934382716,4,7200,397
CCGCGCGGGGUCCG,0.8396625187545392,0.8396625187545392,4,7200,397
CCGCGUGGGGUCCC,0.838393095961662,0.838393095961662,4,7200,397
ACGCGGGGGGGCCC,0.8379526619514288,0.8379526619514288,4,7200,397
CCGUGCGGGGGUCA,0.8379008468170241,0.8379008468170241,4,7200,397
ACGUGCGGGGCCCC,0.8356986789652995,0.8356986789652995,4,7200,397
CUGCGCGGGGGCGC,0.8352064550221403,0.8352064550221403,4,7200,397
CCGCGGGGGGGCUC,0.8352064550221403,0.8352064550221403,4,7200,397
GCGCGUGGGGGCCG,0.8325638783616612,0.8325638783616612,4,7200,397
CCACGCGGGGGCCU,0.8325120632272565,0.8325120632272565,4,7200,397
CCGCGCGGGGUGCC,0.832304803677929,0.832304803677929,4,7200,397
CCGCGUGGGGCCUC,0.830309921565302,0.830309921565302,4,7200,397
CUGCGCGGGGUCCC,0.830309921565302,0.830309921565302,4,7200,397
CCGCGAGGGGCCCC,0.8279782599244387,0.8279782599244387,4,7200,397
CCGGGCGGGGCCCU,0.8248175338964951,0.8248175338964951,4,7200,397
CGCGGCGGGGGCCC,0.8244807543682589,0.8244807543682589,4,7200,397
CGCCGCGGGGGCCC,0.8244807543682589,0.8244807543682589,4,7200,397
CGUCGCGGGGGCCC,0.8244807543682589,0.8244807543682589,4,7200,397
CGACGCGGGGGCCC,0.8244807543682589,0.8244807543682589,4,7200,397
CCGCGAGGGGGCCU,0.8244289392338541,0.8244289392338541,4,7200,397
CCGCGCAGGGCCCC,0.822744920749594,0.822744920749594,4,7200,397
CCGCGCCGGGCCCC,0.822744920749594,0.822744920749594,4,7200,397
CCGCGCUGGGCCCC,0.822744920749594,0.822744920749594,4,7200,397
UCGCGCGGGGGCGC,0.821786362573375,0.821786362573375,4,7200,397
CCGCGCGGGCGCCC,0.8217345474389702,0.8217345474389702,4,7200,397
CCGCGCGGGGGGUC,0.8217345474389702,0.8217345474389702,4,7200,397
CCUCGCGGGGGCCU,0.8217345474389702,0.8217345474389702,4,7200,397
CCGCGCGGGGGCUU,0.9025659939262822,0.9025659939262822,5,9200,496
CCGCGUGGGGCCCU,0.8706220140460028,0.8706220140460028,5,9200,496
CCGCGUGGGGCCCG,0.8612176269238396,0.8612176269238396,5,9200,496
CUGCGUGGGGGCCG,0.8567615127884831,0.8567615127884831,5,9200,496
UCGCGUGGGGGCCU,0.8541189613294828,0.8541189613294828,5,9200,496
CCGCGUGGGGGUCU,0.8540671209935993,0.8540671209935993,5,9200,496
CCGUGCGGGGGCUU,0.8513727544001942,0.8513727544001942,5,9200,496
CCGCGCGGGGCCUG,0.8450513023443069,0.8450513023443069,5,9200,496
CCCGGCGGGGGCCG,0.843937273563395,0.843937273563395,5,9200,496
CUGCGCGGGGGCUG,0.8405952134104292,0.8405952134104292,5,9200,496
ACGCGUGGGGGCCG,0.8379526619514288,0.8379526619514288,5,9200,496
ACGUGCGGGGGCCG,0.8379526619514288,0.8379526619514288,5,9200,496
ACGCGCGGGGCCCG,0.8369681783509044,0.8369681783509044,5,9200,496
AUGCGCGGGGGCCU,0.8325638783616612,0.8325638783616612,5,9200,496
CCGCACGGGGGCCU,0.8325120632272565,0.8325120632272565,5,9200,496
UCGCGCGGGGGCUU,0.8298694865667774,0.8298694865667774,5,9200,496
CAGCGCGGGGGCCU,0.8298694865667774,0.8298694865667774,5,9200,496
CCGCGCGGGGCCGU,0.827615554971897,0.827615554971897,5,9200,496
UGGCGCGGGGGCCG,0.8271751461631427,0.8271751461631427,5,9200,496
ACGCGCGGGGGUCU,0.8271751461631427,0.8271751461631427,5,9200,496
UCGCGCGGGGGCUG,0.8271751461631427,0.8271751461631427,5,9200,496
CCGUGCGGGGGCGG,0.8271233058272591,0.8271233058272591,5,9200,496
CCGCGCGGGGCCGG,0.8234962707677345,0.8234962707677345,5,9200,496
ACGCGCGGGGGCUG,0.821786362573375,0.821786362573375,5,9200,496
CCGCGUGGGGGCAU,0.8217345474389702,0.8217345474389702,5,9200,496
CCGUGCGGGGGCAC,0.8217345474389702,0.8217345474389702,5,9200,496
CUGGGCGGGGGCCU,0.8217345474389702,0.8217345474389702,5,9200,496
CCGUGCGGGGGCAG,0.8217345474389702,0.8217345474389702,5,9200,496
CCACGCGGGGGCCG,0.8217345474389702,0.8217345474389702,5,9200,496
CCGCGCGCGGGCCC,0.8217345474389702,0.8217345474389702,5,9200,496
CCGCGCGGGCGGCC,0.8217345474389702,0.8217345474389702,5,9200,496
CCGCGCGUGGGGCC,0.8217345474389702,0.8217345474389702,5,9200,496
CCGCGCGGCGGGCC,0.8217345474389702,0.8217345474389702,5,9200,496
CCGCGCGGGAGGCC,0.8217345474389702,0.8217345474389702,5,9200,496
CUGCGGGGGGGCCU,0.8217345474389702,0.8217345474389702,5,9200,496
CCGCGCUGGGGGCC,0.8217345474389702,0.8217345474389702,5,9200,496
CCGCACGGGGGCCG,0.8217345474389702,0.8217345474389702,5,9200,496
CCGCGCGGUGGGCC,0.8217345474389702,0.8217345474389702,5,9200,496
CCGCUCGGGGGCCU,0.8217345474389702,0.8217345474389702,5,9200,496
CCGCGCGGGGGACC,0.8217345474389702,0.8217345474389702,5,9200,496
CCGCGCGGCGGCCC,0.8217345474389702,0.8217345474389702,5,9200,496
CCGUGCGGGGGCAU,0.8217345474389702,0.8217345474389702,5,9200,496
CCCCGCGUGGGCCG,0.8198173953723262,0.8198173953723262,5,9200,496
UCGCGCGGGGUCCC,0.8195324309784946,0.8195324309784946,5,9200,496
GCCCGCGGGGGCCU,0.8191956262487794,0.8191956262487794,5,9200,496
CAGCGCGGGGGCCG,0.8190919707784912,0.8190919707784912,5,9200,496
AGGCGCGGGGGCCA,0.8190919707784912,0.8190919707784912,5,9200,496
GAGCGCGGGGGCCG,0.8190919707784912,0.8190919707784912,5,9200,496
CUGCGCGGGGGCGA,0.8190401556440864,0.8190401556440864,5,9200,496
CCGCGCGGGGGUGG,0.8190401556440864,0.8190401556440864,5,9200,496
CCGCGCGUGGGCCC,0.8190401556440864,0.8190401556440864,5,9200,496
CCGCGCGGUGGCCC,0.8190401556440864,0.8190401556440864,5,9200,496
CCGCGCGGGGACCC,0.8190401556440864,0.8190401556440864,5,9200,496
CCGCGCGGGUGCCC,0.8190401556440864,0.8190401556440864,5,9200,496
CUCCGCGGGGGCCC,0.8185220062766219,0.8185220062766219,5,9200,496
CCCCGCGGGGGUCC,0.8183665618616991,0.8183665618616991,5,9200,496
CCGCGCGGGGGGGC,0.8183147467272942,0.8183147467272942,5,9200,496
CCCCGCGGGGGCGG,0.8175116077645193,0.8175116077645193,5,9200,496
CAGCGCGGGGCCCC,0.816838013982132,0.816838013982132,5,9200,496
CCACGCGGGGCCCC,0.816838013982132,0.816838013982132,5,9200,496
ACGCGCGGGGGGCC,0.8163975789836073,0.8163975789836073,5,9200,496
ACGCGCGGGGGCGC,0.8163975789836073,0.8163975789836073,5,9200,496
CCACGUGGGGGCCC,0.8163457900389728,0.8163457900389728,5,9200,496
CCACGCGGGGGCCA,0.8163457900389728,0.8163457900389728,5,9200,496
CGGCGCGGGGGCUC,0.8163457900389728,0.8163457900389728,5,9200,496
CCGCGCGCGGGCCG,0.8142472776575365,0.8142472776575365,5,9200,496
CAGCGUGGGGGCCC,0.8137032385799725,0.8137032385799725,5,9200,496
CCGCGAGGGGGCCG,0.8136513982440889,0.8136513982440889,5,9200,496
CUGCGCGGGGGCAG,0.8136513982440889,0.8136513982440889,5,9200,496
CCGAGCGGGGGCCG,0.8136513982440889,0.8136513982440889,5,9200,496
GCGGGCGGGGGCCU,0.8133923235603567,0.8133923235603567,5,9200,496
CCGCGCGGGGCGCG,0.8130814337422196,0.8130814337422196,5,9200,496
CCGUCCGGGGGCCC,0.8124855543287723,0.8124855543287723,5,9200,496
CCCCGCCGGGGGCC,0.8116047261985362,0.8116047261985362,5,9200,496
CCGCGCUGGGGCCU,0.810957031650684,0.810957031650684,5,9200,496
CCGCGCAGGGGCCU,0.810957031650684,0.810957031650684,5,9200,496
CCGCGCCGGGGCCU,0.810957031650684,0.810957031650684,5,9200,496
CCGCUCGGGGGCCG,0.810957031650684,0.810957031650684,5,9200,496
CCUCGCGGGGGCCG,0.810957031650684,0.810957031650684,5,9200,496
CUGGGCGGGGGCCG,0.810957031650684,0.810957031650684,5,9200,496
CUGCGGGGGGGCCG,0.810957031650684,0.810957031650684,5,9200,496
CCGCGCGGGUCCCC,0.8090139384826915,0.8090139384826915,5,9200,496
CCGAGCGGGGCCCC,0.8087548637989592,0.8087548637989592,5,9200,496
CCGUGAGGGGGCCC,0.8082626398558002,0.8082626398558002,5,9200,496
CUGCGGGGGGUCCC,0.8082626398558002,0.8082626398558002,5,9200,496
CCGCCCGGGGGCCU,0.8082626398558002,0.8082626398558002,5,9200,496
CCGCGUGGGGGGCU,0.8082626398558002,0.8082626398558002,5,9200,496
CCGCGAGGGGGCCA,0.8082626398558002,0.8082626398558002,5,9200,496
CCCCGUGGGGGCCU,0.8076408612078176,0.8076408612078176,5,9200,496
UCGCGCGGGGGCGU,0.8056200631953211,0.8056200631953211,5,9200,496
CCGCUCGGGGGCCA,0.8055682480609163,0.8055682480609163,5,9200,496
CCUCGCGGGGGCCA,0.8055682480609163,0.8055682480609163,5,9200,496
GCCCGUGGGGGCCC,0.8030293268707256,0.8030293268707256,5,9200,496
CCGCGCGGGAGGGG,0.8029775117363207,0.8029775117363207,5,9200,496
CCGCGUAGGGGCCC,0.8028738824558028,0.8028738824558028,5,9200,496
CCGCGGGGGGGCUG,0.8028738824558028,0.8028738824558028,5,9200,496
CCGCGUCGGGGCCC,0.8026148077720705,0.8026148077720705,5,9200,496
CCGCGCGCGGGCCU,0.8025629926376657,0.8025629926376657,5,9200,496
CCGCGCGGAGCCCC,0.8011380740386167,0.8011380740386167,5,9200,496
CCGCGCGGGGGCUA,0.9079547251365093,0.9079547251365093,6,11200,595
CCGCGGGGGGCCCG,0.8863996935599368,0.8863996935599368,6,11200,595
CUGCGUGGGGGCCU,0.8675390023869991,0.8675390023869991,6,11200,595
CCGUGUGGGGGCCG,0.8648446619833643,0.8648446619833643,6,11200,595
CCGUGCGGGGCCCG,0.8612176269238396,0.8612176269238396,6,11200,595
GCGCGCGGGGCCCU,0.8574610214824485,0.8574610214824485,6,11200,595
UCGUGCGGGGGCCU,0.8541189613294828,0.8541189613294828,6,11200,595
CCCCGCGCGGGCCU,0.8538339864229239,0.8538339864229239,6,11200,595
CUGCGCGGGGCCCG,0.8531344263377094,0.8531344263377094,6,11200,595
UUGCGCGGGGGCCU,0.851424569534599,0.851424569534599,6,11200,595
CCGUGCGGGGGCUG,0.8486783626053105,0.8486783626053105,6,11200,595
GCGCGCGGGGCCCG,0.8480565839573277,0.8480565839573277,6,11200,595
CCCCGCGCGGGCGU,0.8444554229308595,0.8444554229308595,6,11200,595
CUGCGCGGGGGCUU,0.843289605205313,0.843289605205313,6,11200,595
AGGCGCGGGGGCCU,0.835258270156545,0.835258270156545,6,11200,595
GGGCGCGGGGGCCU,0.835258270156545,0.835258270156545,6,11200,595
CUGCGCGGGGGUCG,0.8352064550221403,0.8352064550221403,6,11200,595
UCCCGCGGGGGCCU,0.8327193489663542,0.8327193489663542,6,11200,595
AAGCGCGGGGGCCU,0.8298694865667774,0.8298694865667774,6,11200,595
CCGCGUGGGGGCGU,0.8271233058272591,0.8271233058272591,6,11200,595
CCGCGUGGGGGCGG,0.8271233058272591,0.8271233058272591,6,11200,595
GGGCGCGGGGGCCG,0.8244807543682589,0.8244807543682589,6,11200,595
AGGCGCGGGGGCCG,0.8244807543682589,0.8244807543682589,6,11200,595
CCGCGCCGGGGGCC,0.8217345474389702,0.8217345474389702,6,11200,595
CCGCGUGGGGGCAG,0.8217345474389702,0.8217345474389702,6,11200,595
CCGCGCGGAGGGCC,0.8217345474389702,0.8217345474389702,6,11200,595
AAGCGCGGGGGCCG,0.8190919707784912,0.8190919707784912,6,11200,595
CCGUGGGGGGGCCG,0.8190401556440864,0.8190401556440864,6,11200,595
CUGCGCGGGGGCGG,0.8190401556440864,0.8190401556440864,6,11200,595
CCGGGGGGGGGCCC,0.8190401556440864,0.8190401556440864,6,11200,595
CCGGGUGGGGGCCG,0.8190401556440864,0.8190401556440864,6,11200,595
CCGCGCGGGGCCAC,0.8181074871779668,0.8181074871779668,6,11200,595
CCGCGCGGGGCCAU,0.8181074871779668,0.8181074871779668,6,11200,595
CCGCACGGGGCCCC,0.816838013982132,0.816838013982132,6,11200,595
CCGCACGGGGGCCA,0.8163457900389728,0.8163457900389728,6,11200,595
CCAUGCGGGGGCCC,0.8163457900389728,0.8163457900389728,6,11200,595
CCGUGGGGGGUCCC,0.8163457900389728,0.8163457900389728,6,11200,595
CCGCAUGGGGGCCC,0.8163457900389728,0.8163457900389728,6,11200,595
CCGCGCGGGGUUCC,0.8141436473887269,0.8141436473887269,6,11200,595
CAGUGCGGGGGCCC,0.8137032385799725,0.8137032385799725,6,11200,595
CAGCGCGGGGGCCA,0.8137032385799725,0.8137032385799725,6,11200,595
GCGCGCGGGGGUCG,0.8110088467850887,0.8110088467850887,6,11200,595
GCGCGCGGGGGCGC,0.8110088467850887,0.8110088467850887,6,11200,595
CGGCGUGGGGGCCU,0.810957031650684,0.810957031650684,6,11200,595
CCCAGCGGGGGCCC,0.8089103344036523,0.8089103344036523,6,11200,595
CCGAGUGGGGGCCC,0.8082626398558002,0.8082626398558002,6,11200,595
CCGAGCGGGGGCCA,0.8082626398558002,0.8082626398558002,6,11200,595
CCGGCCGGGGGCCC,0.8081071954408774,0.8081071954408774,6,11200,595
ACCCGCGGGGGCCG,0.8080553803064726,0.8080553803064726,6,11200,595
GCGGGCGGGGGCCG,0.8078999358915497,0.8078999358915497,6,11200,595
CGGCGCGGGGCCCU,0.8059568679250362,0.8059568679250362,6,11200,595
CCUCGUGGGGGCCC,0.8055682480609163,0.8055682480609163,6,11200,595
CCGCGGGGGGGCUU,0.8055682480609163,0.8055682480609163,6,11200,595
CCCUGCGGGGGCCU,0.8036770214185778,0.8036770214185778,6,11200,595
CCGCUUGGGGGCCC,0.8028738824558028,0.8028738824558028,6,11200,595
CCUUGCGGGGGCCC,0.8028738824558028,0.8028738824558028,6,11200,595
CCGCGUUGGGGCCC,0.8028738824558028,0.8028738824558028,6,11200,595
CCGCGCGAGGCCCC,0.8011380740386167,0.8011380740386167,6,11200,595
UCGCGCGGGGGCAG,0.8002313309968024,0.8002313309968024,6,11200,595
CUGAGCGGGGGCCC,0.800179490660919,0.800179490660919,6,11200,595
CUGCGCGGGGGGCU,0.800179490660919,0.800179490660919,6,11200,595
CCGCGCAGGGGCCG,0.800179490660919,0.800179490660919,6,11200,595
CCGCGCCGGGGCCG,0.800179490660919,0.800179490660919,6,11200,595
CCGCGCUGGGGCCG,0.800179490660919,0.800179490660919,6,11200,595
CGGGGCGGGGGCCC,0.800179490660919,0.800179490660919,6,11200,595
CUGCGAGGGGGCCC,0.800179490660919,0.800179490660919,6,11200,595
CGGCGUGGGGGCCG,0.800179490660919,0.800179490660919,6,11200,595
CCCCGCGCGGACCU,0.7986509679828306,0.7986509679828306,6,11200,595
GCGCGGGGGGGCCU,0.7975369392019187,0.7975369392019187,6,11200,595
CCGCGCGGGGGGUA,0.7974851240675138,0.7974851240675138,6,11200,595
CCGCGGGGGGGUCG,0.7974851240675138,0.7974851240675138,6,11200,595
CCGCCUGGGGGCCC,0.7974851240675138,0.7974851240675138,6,11200,595
CCGCGGGGGGGCGC,0.7974851240675138,0.7974851240675138,6,11200,595
CCGUGCGGGGGGCG,0.7974851240675138,0.7974851240675138,6,11200,595
CCGCCCGGGGGCCG,0.7974851240675138,0.7974851240675138,6,11200,595
CCGCGCGUGGCCCC,0.797174209047898,0.797174209047898,6,11200,595
CCCCCCGGGGGCCC,0.796681985104739,0.796681985104739,6,11200,595
CGGCGCGGGGCCCG,0.7965524556013943,0.7965524556013943,6,11200,595
CCGCGCGGGACCCC,0.7958011055832538,0.7958011055832538,6,11200,595
CCCCGGGGGGGCCC,0.795490241954887,0.795490241954887,6,11200,595
UCGCACGGGGGCCC,0.7948425474070349,0.7948425474070349,6,11200,595
GCGCGCGGGGGCGG,0.7948425474070349,0.7948425474070349,6,11200,595
ACGCGCGGGGGCAG,0.7948425474070349,0.7948425474070349,6,11200,595
UCACGCGGGGGCCC,0.7948425474070349,0.7948425474070349,6,11200,595
CCACGCGGGGGUCC,0.79479073227263,0.79479073227263,6,11200,595
CCGUGCUGGGGCCC,0.79479073227263,0.79479073227263,6,11200,595
CCGCGCUGGGGCCA,0.79479073227263,0.79479073227263,6,11200,595
CCGUGCAGGGGCCC,0.79479073227263,0.79479073227263,6,11200,595
CCGUGCCGGGGCCC,0.79479073227263,0.79479073227263,6,11200,595
CCGCACGGGGGUCC,0.79479073227263,0.79479073227263,6,11200,595
CCGCGCAGGGGCCA,0.79479073227263,0.79479073227263,6,11200,595
ACGCGGGGGGGCCG,0.792148155612151,0.792148155612151,6,11200,595
CCGCCCGGGGGCCA,0.7920963404777462,0.7920963404777462,6,11200,595
CCGCGCGGGAGCCU,0.7920963404777462,0.7920963404777462,6,11200,595
CCGCGCGAGGGCCU,0.7920963404777462,0.7920963404777462,6,11200,595
CUUCGCGGGGGCCC,0.7920963404777462,0.7920963404777462,6,11200,595
CCGCGCGGAGGCCU,0.7920963404777462,0.7920963404777462,6,11200,595
CCGCGGGGGGCCAC,0.7920963404777462,0.7920963404777462,6,11200,595
CCGGGCGGGGUCCG,0.7907232632028722,0.7907232632028722,6,11200,595
GCGCGCGGGGGCCA,0.8783683333096901,0.8783683333096901,7,13200,694
CUGCGCGGGGCCCU,0.8625388900526003,0.8625388900526003,7,13200,694
CCGCGUGGGGGCUU,0.8513727544001942,0.8513727544001942,7,13200,694
ACGUGCGGGGGCCU,0.8487301777397152,0.8487301777397152,7,13200,694
ACGCGUGGGGGCCU,0.8487301777397152,0.8487301777397152,7,13200,694
UCGUGCGGGGGCCG,0.8433413941499475,0.8433413941499475,7,13200,694
GCGCGUGGGGGCCU,0.8433413941499475,0.8433413941499475,7,13200,694
CCGUGCGGGGUCCC,0.838393095961662,0.838393095961662,7,13200,694
GUGCGCGGGGGCCU,0.8379526619514288,0.8379526619514288,7,13200,694
GCGUGCGGGGGCCG,0.8325638783616612,0.8325638783616612,7,13200,694
CCGGGUGGGGGCCU,0.829817697622143,0.829817697622143,7,13200,694
GUGCGCGGGGGCCG,0.8271751461631427,0.8271751461631427,7,13200,694
CCGCGCGAGGGGCC,0.8217345474389702,0.8217345474389702,7,13200,694
CCGCGUGGGGGCAC,0.8217345474389702,0.8217345474389702,7,13200,694
CCGCGGGGGGUCCU,0.8217345474389702,0.8217345474389702,7,13200,694
CUGCGCGGGGGCAU,0.8136513982440889,0.8136513982440889,7,13200,694
ACCCGCGGGGGCCU,0.81222647964504,0.81222647964504,7,13200,694
CGGUGCGGGGGCCU,0.810957031650684,0.810957031650684,7,13200,694
CCGCGCGGGGUCUC,0.8087548637989592,0.8087548637989592,7,13200,694
CCGCGGGGGGGUCU,0.8082626398558002,0.8082626398558002,7,13200,694
CUGCACGGGGGCCC,0.8082626398558002,0.8082626398558002,7,13200,694
GCGCGCGGGGGUCA,0.8056200631953211,0.8056200631953211,7,13200,694
UCGCGCGGGGGCGG,0.8056200631953211,0.8056200631953211,7,13200,694
CCGGGCGGGGGCUU,0.8055682480609163,0.8055682480609163,7,13200,694
CCGCCCGGGGCCCC,0.8049464946144125,0.8049464946144125,7,13200,694
ACGCGGGGGGGCCU,0.8029256714004374,0.8029256714004374,7,13200,694
ACGGGCGGGGGCCU,0.8029256714004374,0.8029256714004374,7,13200,694
CCGGGCGGGGGCUG,0.8028738824558028,0.8028738824558028,7,13200,694
CCGUUCGGGGGCCC,0.800179490660919,0.800179490660919,7,13200,694
CGGCGGGGGGGCCC,0.800179490660919,0.800179490660919,7,13200,694
UCGCGGGGGGGCCG,0.7975369392019187,0.7975369392019187,7,13200,694
CCGCGGGGGCGCCG,0.7975369392019187,0.7975369392019187,7,13200,694
CCGCGUGGGGGGCG,0.7974851240675138,0.7974851240675138,7,13200,694
CCGCUGGGGGGCCC,0.7974851240675138,0.7974851240675138,7,13200,694
CCGCGCGGGGUGCU,0.7972778645181864,0.7972778645181864,7,13200,694
ACCCGCGGGGGCCA,0.7960601802669861,0.7960601802669861,7,13200,694
CCGCGCGCGGGCGG,0.7959565761879468,0.7959565761879468,7,13200,694
CCGCGCCGGGGGCG,0.7957493166386194,0.7957493166386194,7,13200,694
CCGCGCGCGGGCCA,0.7956456863698098,0.7956456863698098,7,13200,694
ACGCGCGGGGGCAC,0.7948425474070349,0.7948425474070349,7,13200,694
CCGCGCCGGGGCCA,0.79479073227263,0.79479073227263,7,13200,694
CCGCGCGGGGGAAC,0.79479073227263,0.79479073227263,7,13200,694
CCCUGCGGGGGCCG,0.7928994794405212,0.7928994794405212,7,13200,694
ACGGGCGGGGGCCG,0.792148155612151,0.792148155612151,7,13200,694
UCGGGCGGGGGCCA,0.792148155612151,0.792148155612151,7,13200,694
CAGCGCGGGGGUCC,0.792148155612151,0.792148155612151,7,13200,694
CCCCGCGCGGGGCG,0.7909045973278943,0.7909045973278943,7,13200,694
UCUCGCGGGGGCCC,0.7895574192875554,0.7895574192875554,7,13200,694
GCGCGCGGGGGCAC,0.7894537638172672,0.7894537638172672,7,13200,694
CGCCGCGGGGGCCU,0.7894537638172672,0.7894537638172672,7,13200,694
GCGCGCGGGGGCAU,0.7894537638172672,0.7894537638172672,7,13200,694
GCGCGCGGGGGCAG,0.7894537638172672,0.7894537638172672,7,13200,694
ACGCACGGGGGCCC,0.7894537638172672,0.7894537638172672,7,13200,694
CGUCGCGGGGGCCU,0.7894537638172672,0.7894537638172672,7,13200,694
CGACGCGGGGGCCU,0.7894537638172672,0.7894537638172672,7,13200,694
CCGUGCGGGGUCCG,0.7884693054182215,0.7884693054182215,7,13200,694
CCGCGCGCGGGGCU,0.7880288714079884,0.7880288714079884,7,13200,694
CCGCGCGUGGGCCG,0.7877697967242561,0.7877697967242561,7,13200,694
CCGCGAGGGGCCCU,0.7874589069061191,0.7874589069061191,7,13200,694
GCGCGCGGGGUCCU,0.7874589069061191,0.7874589069061191,7,13200,694
UCGCGAGGGGGCCC,0.7867594234136324,0.7867594234136324,7,13200,694
CCGCGCGGGCGCCU,0.7867075830777488,0.7867075830777488,7,13200,694
CCGCGCGGGGGACU,0.7867075830777488,0.7867075830777488,7,13200,694
CCGCGCGGAGGGCU,0.7867075830777488,0.7867075830777488,7,13200,694
CCGCGCAGGGGGCU,0.7867075830777488,0.7867075830777488,7,13200,694
CAACGCGGGGGCCC,0.7867075830777488,0.7867075830777488,7,13200,694
CCGCGCGGGUGGCU,0.7867075830777488,0.7867075830777488,7,13200,694
CCGCGCGGCGGCCU,0.7867075830777488,0.7867075830777488,7,13200,694
CUGCGCUGGGGCCC,0.7867075830777488,0.7867075830777488,7,13200,694
CCGCGCGUGGGGCU,0.7867075830777488,0.7867075830777488,7,13200,694
CUGCGCAGGGGCCC,0.7867075830777488,0.7867075830777488,7,13200,694
CCGCGCGGGGAGCU,0.7867075830777488,0.7867075830777488,7,13200,694
CCGCGCGGGCGGCU,0.7867075830777488,0.7867075830777488,7,13200,694
CCGCGCGGGGUGCG,0.7865003487299,0.7865003487299,7,13200,694
CCUGGCGGGGGCCG,0.7860339883070699,0.7860339883070699,7,13200,694
UCGCUCGGGGGCCC,0.7840650316187485,0.7840650316187485,7,13200,694
CAGCGCGGGGGCUC,0.7840650316187485,0.7840650316187485,7,13200,694
CCGCGCGGGUGCCU,0.7840132164843439,0.7840132164843439,7,13200,694
CCGCUCGGGGGUCC,0.7840132164843439,0.7840132164843439,7,13200,694
CUGCCCGGGGGCCC,0.7840132164843439,0.7840132164843439,7,13200,694
CCGCGCGUGGGCCU,0.7840132164843439,0.7840132164843439,7,13200,694
CCGCGCGGGGACCU,0.7840132164843439,0.7840132164843439,7,13200,694
CCGCGCGGUGGCCU,0.7840132164843439,0.7840132164843439,7,13200,694
CCUCGCGGGGGUCC,0.7840132164843439,0.7840132164843439,7,13200,694
CCGCGCGGGUCCCG,0.7839613761484603,0.7839613761484603,7,13200,694
CCGCGCCGGGCCCU,0.7822255939210445,0.7822255939210445,7,13200,694
GCGUGUGGGGGCCG,0.7813706398238647,0.7813706398238647,7,13200,694
CCGCGCGGGGGGAU,0.78131882468946,0.78131882468946,7,13200,694
CCGCGCGAGGGCCG,0.78131882468946,0.78131882468946,7,13200,694
CCGCGCGGAGGCCG,0.78131882468946,0.78131882468946,7,13200,694
CCAUGCGGGGGCCU,0.78131882468946,0.78131882468946,7,13200,694
CCGCGCGGGAGCCG,0.78131882468946,0.78131882468946,7,13200,694
CCGCGGGGGGGCGU,0.78131882468946,0.78131882468946,7,13200,694
CCCCGCGGGGGCUU,0.7806452309070726,0.7806452309070726,7,13200,694
UCGCCCGGGGGCCC,0.7802047959085481,0.7802047959085481,7,13200,694
CCCCGCGGGGGCUG,0.7792721274424284,0.7792721274424284,7,13200,694
UCGCGCGGGGUCCU,0.779013052758696,0.779013052758696,7,13200,694
CAGUGCGGGGGCCU,0.7786762480289808,0.7786762480289808,7,13200,694
CGACGCGGGGGCCG,0.7786762480289808,0.7786762480289808,7,13200,694
CCGCGGGGGGCCCU,0.8944828175533392,0.8944828175533392,8,15200,793
CCGCGUGGGGGCUG,0.8486783626053105,0.8486783626053105,8,15200,793
CUGCGCGGGGGUCU,0.8459839708104266,0.8459839708104266,8,15200,793
CCCGGUGGGGGCCC,0.8385485161633975,0.8385485161633975,8,15200,793
UGGCGCGGGGGCCU,0.8379526619514288,0.8379526619514288,8,15200,793
CCGCGCGGGGGUUU,0.8352064550221403,0.8352064550221403,8,15200,793
CCGCGCGGGGGUUG,0.8325120632272565,0.8325120632272565,8,15200,793
GAGCGCGGGGGCCU,0.8298694865667774,0.8298694865667774,8,15200,793
ACGCGCGGGGGCUU,0.8244807543682589,0.8244807543682589,8,15200,793
UCGCGCGGGGGUCG,0.821786362573375,0.821786362573375,8,15200,793
CCGCGCAGGGGGCC,0.8217345474389702,0.8217345474389702,8,15200,793
CCGCGCGGGUGGCC,0.8217345474389702,0.8217345474389702,8,15200,793
CCGCCGGGGGGCCC,0.8217345474389702,0.8217345474389702,8,15200,793
CCGCGCGGGGCGCU,0.8197396653263433,0.8197396653263433,8,15200,793
GCGCGCGGGGGCUU,0.8190919707784912,0.8190919707784912,8,15200,793
UAGCGCGGGGGCCG,0.8190919707784912,0.8190919707784912,8,15200,793
CUGCGCGGGGGCGU,0.8190401556440864,0.8190401556440864,8,15200,793
GCGCGCGGGGGCUG,0.8163975789836073,0.8163975789836073,8,15200,793
ACGCGCGGGGGUCG,0.8163975789836073,0.8163975789836073,8,15200,793
CCGCGGGGGGUCCG,0.8136513982440889,0.8136513982440889,8,15200,793
CUGCGCGGGGGCAC,0.8136513982440889,0.8136513982440889,8,15200,793
GCGCGCGGGGGGCC,0.8110088467850887,0.8110088467850887,8,15200,793
CCGCGCGGGGGGGU,0.809428483771117,0.809428483771117,8,15200,793
UCGCGGGGGGGCCU,0.8083144549902049,0.8083144549902049,8,15200,793
CCGUGCGGGGGGCU,0.8082626398558002,0.8082626398558002,8,15200,793
CCGCUCGGGGCCCC,0.8060605233953245,0.8060605233953245,8,15200,793
CCCCGCGGGGCCCC,0.804739235065085,0.804739235065085,8,15200,793
ACGCGCGGGGGCGU,0.8002313309968024,0.8002313309968024,8,15200,793
GCUCGCGGGGGCCC,0.7987027569274652,0.7987027569274652,8,15200,793
CCGCGCGGCGCCCC,0.7984954973781375,0.7984954973781375,8,15200,793
CCGCGUGGGGUCCU,0.7978737439316338,0.7978737439316338,8,15200,793
UCGGGCGGGGGCCG,0.7975369392019187,0.7975369392019187,8,15200,793
CCGGGCGGGGGCGC,0.7974851240675138,0.7974851240675138,8,15200,793
CCGCGGGGGGGGCC,0.7974851240675138,0.7974851240675138,8,15200,793
CCGCGCGGUGCCCC,0.797174209047898,0.797174209047898,8,15200,793
CCCCGUGGGGGCCG,0.796863319229761,0.796863319229761,8,15200,793
GCGCGCGGGGGCGU,0.7948425474070349,0.7948425474070349,8,15200,793
CCGCGUGGGGGGCA,0.7920963404777462,0.7920963404777462,8,15200,793
CUGCGCGGGGUCCU,0.7897905685469824,0.7897905685469824,8,15200,793
CCGCAGGGGGGCCC,0.7894019748726326,0.7894019748726326,8,15200,793
CUGCGCGGGGGGCG,0.7894019748726326,0.7894019748726326,8,15200,793
CCGCGCGGGGGGUG,0.7894019748726326,0.7894019748726326,8,15200,793
UCGCGCGGGGGGCU,0.7867594234136324,0.7867594234136324,8,15200,793
CCACGCGGGGGCUC,0.7867075830777488,0.7867075830777488,8,15200,793
CUGCGCCGGGGCCC,0.7867075830777488,0.7867075830777488,8,15200,793
CCGCGCCGGGGGCU,0.7867075830777488,0.7867075830777488,8,15200,793
CGGCUCGGGGGCCC,0.7851790603996606,0.7851790603996606,8,15200,793
CCGGGGGGGGGCCU,0.7840132164843439,0.7840132164843439,8,15200,793
CUCCGCGGGGGCCU,0.7834950671168792,0.7834950671168792,8,15200,793
CCGCGCAGGGCCCU,0.7822255939210445,0.7822255939210445,8,15200,793
CCGCGACGGGGCCC,0.7820183343717169,0.7820183343717169,8,15200,793
CCGCGCGGGGCACC,0.7820183343717169,0.7820183343717169,8,15200,793
GCGCGCGGGGGUUC,0.7813706398238647,0.7813706398238647,8,15200,793
CCGCAUGGGGGCCU,0.78131882468946,0.78131882468946,8,15200,793
CCACGUGGGGGCCU,0.78131882468946,0.78131882468946,8,15200,793
CCGCGGGGGGGCGG,0.78131882468946,0.78131882468946,8,15200,793
CCGGGCGGGGGCGU,0.78131882468946,0.78131882468946,8,15200,793
CCGCGCGGGGGGAG,0.78131882468946,0.78131882468946,8,15200,793
CCUAGCGGGGGCCC,0.7797384616754881,0.7797384616754881,8,15200,793
CAGCGUGGGGGCCU,0.7786762480289808,0.7786762480289808,8,15200,793
CGUCGCGGGGGCCG,0.7786762480289808,0.7786762480289808,8,15200,793
CCGCGCGGGGGAUC,0.7786244328945762,0.7786244328945762,8,15200,793
CCGCGCGGGGGAUU,0.7786244328945762,0.7786244328945762,8,15200,793
CCGCGAGGGGGCUC,0.7786244328945762,0.7786244328945762,8,15200,793
CCGCGCGGGGGAAG,0.7786244328945762,0.7786244328945762,8,15200,793
CCGCGCGGGGGACA,0.7786244328945762,0.7786244328945762,8,15200,793
CCGCGCGGGCGCGC,0.7786244328945762,0.7786244328945762,8,15200,793
CCGCGCGGGGGAAU,0.7786244328945762,0.7786244328945762,8,15200,793
CCGCGCGGGGGAGU,0.7786244328945762,0.7786244328945762,8,15200,793
CCGCGGAGGGGCCC,0.7786244328945762,0.7786244328945762,8,15200,793
CCGCGCGGGGGAGG,0.7786244328945762,0.7786244328945762,8,15200,793
CCGCGCGGGGGACG,0.7786244328945762,0.7786244328945762,8,15200,793
CCGGGCGGGGUCCU,0.7781580986615164,0.7781580986615164,8,15200,793
CCGCGAGGGGCCCG,0.7780544945824771,0.7780544945824771,8,15200,793
CCGCGCGCGGGGCG,0.7772513556197022,0.7772513556197022,8,15200,793
CCGCGCGGAGGGCG,0.7772513556197022,0.7772513556197022,8,15200,793
CCGCGCGGGGAACC,0.7770440698806043,0.7770440698806043,8,15200,793
CCCCGCGGGGGGCU,0.7765777356475445,0.7765777356475445,8,15200,793
CCACGCGGGGCCCU,0.7763186609638122,0.7763186609638122,8,15200,793
GCGCGAGGGGGCCC,0.7759818562340971,0.7759818562340971,8,15200,793
GCGCGCGGGGGGCU,0.7759818562340971,0.7759818562340971,8,15200,793
UCGCGCGGGGGGCG,0.7759818562340971,0.7759818562340971,8,15200,793
GCGAGCGGGGGCCC,0.7759818562340971,0.7759818562340971,8,15200,793
CCGCGCGGCGGGCG,0.7759300672894627,0.7759300672894627,8,15200,793
CCGCGCGGGCGCCG,0.7759300672894627,0.7759300672894627,8,15200,793
CCUCGCGGGGGCUC,0.7759300672894627,0.7759300672894627,8,15200,793
CCGCGUGGAGGCCC,0.7759300672894627,0.7759300672894627,8,15200,793
CCGCGCGAGGGCCA,0.7759300672894627,0.7759300672894627,8,15200,793
CCGUGCGGGAGCCC,0.7759300672894627,0.7759300672894627,8,15200,793
CCGCGCGGCGGCCG,0.7759300672894627,0.7759300672894627,8,15200,793
CCGCGCGGGAGCCA,0.7759300672894627,0.7759300672894627,8,15200,793
CCGCUCGGGGGCUC,0.7759300672894627,0.7759300672894627,8,15200,793
CCGGACGGGGGCCC,0.7759300672894627,0.7759300672894627,8,15200,793
CCGCGUGGGAGCCC,0.7759300672894627,0.7759300672894627,8,15200,793
CCGGGCGGGGGCAG,0.7759300672894627,0.7759300672894627,8,15200,793
CCGCGCGGGGUCUU,0.7736242943704073,0.7736242943704073,8,15200,793
UCGCGCCGGGGCCC,0.7732875158304624,0.7732875158304624,8,15200,793
GCGCUCGGGGGCCC,0.7732875158304624,0.7732875158304624,8,15200,793
CCGCGCGGGUGCCG,0.7732356754945788,0.7732356754945788,8,15200,793
CUGUGCGGGGGCCU,0.8675390023869991,0.8675390023869991,9,17200,892
CCGCGUGGGGGCUA,0.8567615127884831,0.8567615127884831,9,17200,892
CCGCGCGGGGCCUU,0.8463726158760252,0.8463726158760252,9,17200,892
CCGCGCGGGCCCCU,0.8441963482471272,0.8441963482471272,9,17200,892
UCCCGCGGGGCCCC,0.827615554971897,0.827615554971897,9,17200,892
CCCCGGGCGGGCCG,0.8110865516295929,0.8110865516295929,9,17200,892
CUGGGCGGGGGCCA,0.8055682480609163,0.8055682480609163,9,17200,892
GCGGGCGGGGGCCA,0.8051537289622612,0.8051537289622612,9,17200,892
GCGCGGGGGGGCCG,0.8012935194418309,0.8012935194418309,9,17200,892
CGGUGCGGGGGCCG,0.800179490660919,0.800179490660919,9,17200,892
CCCCGCGUGGGCCC,0.7986768828944086,0.7986768828944086,9,17200,892
CCUGGCGGGGGCCU,0.7968115302851265,0.7968115302851265,9,17200,892
CCGCGCGGGGCGGG,0.7942725829051656,0.7942725829051656,9,17200,892
CCGCGCGGGGGGUU,0.7920963404777462,0.7920963404777462,9,17200,892
CCUCGCGCGGGCCG,0.7901792136125809,0.7901792136125809,9,17200,892
ACACGCGGGGGCCC,0.7894537638172672,0.7894537638172672,9,17200,892
CGGCGCGGGGGUCU,0.7894019748726326,0.7894019748726326,9,17200,892
CCGCGAGGGGGUCC,0.7867075830777488,0.7867075830777488,9,17200,892
CCGCGCGGUGGGCU,0.7867075830777488,0.7867075830777488,9,17200,892
CCGCACGGGGGCUC,0.7867075830777488,0.7867075830777488,9,17200,892
CCGCGCGAGGGGCU,0.7867075830777488,0.7867075830777488,9,17200,892
CCGCGCUGGGGGCU,0.7867075830777488,0.7867075830777488,9,17200,892
CCGCGCGGGAGGCU,0.7867075830777488,0.7867075830777488,9,17200,892
CCGCGCGGGCCGCC,0.7858785438921472,0.7858785438921472,9,17200,892
CCGCGCCGGGGUCC,0.7842204508321926,0.7842204508321926,9,17200,892
GCACGCGGGGGCCC,0.7840650316187485,0.7840650316187485,9,17200,892
CGGCGCGGGGGCUG,0.7840132164843439,0.7840132164843439,9,17200,892
CACCGCGGGGGCCC,0.7840132164843439,0.7840132164843439,9,17200,892
CCGCGCGGGCUCCC,0.7817074445535799,0.7817074445535799,9,17200,892
ACGCGCGGGGGGCU,0.7813706398238647,0.7813706398238647,9,17200,892
CCGCGCGGGGGGAC,0.78131882468946,0.78131882468946,9,17200,892
ACUCGCGGGGGCCC,0.7786762480289808,0.7786762480289808,9,17200,892
CGGCGCGGGGGCGC,0.7786244328945762,0.7786244328945762,9,17200,892
CGGCGCGGGGGGCC,0.7786244328945762,0.7786244328945762,9,17200,892
CCGCACGGGGCCCU,0.7763186609638122,0.7763186609638122,9,17200,892
CCGCGCGGACGGCU,0.7759818562340971,0.7759818562340971,9,17200,892
CCGCGCUGGGGGCG,0.7759300672894627,0.7759300672894627,9,17200,892
CCGCGGGGGGGCAC,0.7759300672894627,0.7759300672894627,9,17200,892
CCGCGCGGGUGGCG,0.7759300672894627,0.7759300672894627,9,17200,892
CCGCGCGGUGGGCG,0.7759300672894627,0.7759300672894627,9,17200,892
CCGCGGGGGGGCAG,0.7759300672894627,0.7759300672894627,9,17200,892
CCGCGCGGGGAGCG,0.7759300672894627,0.7759300672894627,9,17200,892
CCGGGCGGGGGCAC,0.7759300672894627,0.7759300672894627,9,17200,892
CCGCGCGGAGGCCA,0.7759300672894627,0.7759300672894627,9,17200,892
CCGCAAGGGGGCCC,0.7759300672894627,0.7759300672894627,9,17200,892
CCGCCGGGGGGCCU,0.7759300672894627,0.7759300672894627,9,17200,892
CCGUGCGGAGGCCC,0.7759300672894627,0.7759300672894627,9,17200,892
CCGCGUGAGGGCCC,0.7759300672894627,0.7759300672894627,9,17200,892
CCGCGCGGGCGGCG,0.7759300672894627,0.7759300672894627,9,17200,892
CCGCGCGGGCUCCG,0.7758782521550578,0.7758782521550578,9,17200,892
CCGGGGGGGGGCCG,0.7732356754945788,0.7732356754945788,9,17200,892
CCGCGCGGGGACCG,0.7732356754945788,0.7732356754945788,9,17200,892
CCGCGCUGGGGUCC,0.7732356754945788,0.7732356754945788,9,17200,892
CCGCGCGGUGGCCG,0.7732356754945788,0.7732356754945788,9,17200,892
CCGCGCAGGGGUCC,0.7732356754945788,0.7732356754945788,9,17200,892
CCGUGAGGGGGCCU,0.7732356754945788,0.7732356754945788,9,17200,892
CCUCGCGCGGGCCU,0.7730025157224245,0.7730025157224245,9,17200,892
CCGCGCUGGGCCCG,0.7728211554076322,0.7728211554076322,9,17200,892
CCGCGCAGGGCCCG,0.7728211554076322,0.7728211554076322,9,17200,892
CUCCGCGGGGGCCG,0.7727175261271142,0.7727175261271142,9,17200,892
CCCCGCGGGGGCGC,0.7725620807239,0.7725620807239,9,17200,892
CCGCGCGCGGGGCA,0.7718625720299345,0.7718625720299345,9,17200,892
CCCGGCGGGGGUCG,0.7711890034490259,0.7711890034490259,9,17200,892
UCGCGCGGGGGGCA,0.7705931240355786,0.7705931240355786,9,17200,892
CCGCGUGGCGGCCC,0.7705413089011737,0.7705413089011737,9,17200,892
CCGCGUGCGGGCCC,0.7705413089011737,0.7705413089011737,9,17200,892
CCGCGCGGCGGCCA,0.7705413089011737,0.7705413089011737,9,17200,892
CCACGGGGGGGCCC,0.7705413089011737,0.7705413089011737,9,17200,892
CCGUGCGGCGGCCC,0.7705413089011737,0.7705413089011737,9,17200,892
CCGCGCGGGCGCCA,0.7705413089011737,0.7705413089011737,9,17200,892
CCGCGCGUGGGCCA,0.7691682054365294,0.7691682054365294,9,17200,892
CCGCGGGGGCGCCU,0.7691682054365294,0.7691682054365294,9,17200,892
CCGAGCGGGGCCCU,0.7682355369704098,0.7682355369704098,9,17200,892
ACGCGCCGGGGCCC,0.7678987322406947,0.7678987322406947,9,17200,892
CAGGGCGGGGGCCC,0.7678987322406947,0.7678987322406947,9,17200,892
ACGCGCUGGGGCCC,0.7678987322406947,0.7678987322406947,9,17200,892
CAGCGUGGGGGCCG,0.7678987322406947,0.7678987322406947,9,17200,892
UGGCGCGGGGGCUA,0.7678987322406947,0.7678987322406947,9,17200,892
CUGCGCGAGGGCCC,0.7678469171062899,0.7678469171062899,9,17200,892
CCGCGUGGUGGCCC,0.7678469171062899,0.7678469171062899,9,17200,892
CCGCGCGGGGACCA,0.7678469171062899,0.7678469171062899,9,17200,892
CCGCGCGGGUGCCA,0.7678469171062899,0.7678469171062899,9,17200,892
CCGUGCGGGUGCCC,0.7678469171062899,0.7678469171062899,9,17200,892
CUGCGCGGGAGCCC,0.7678469171062899,0.7678469171062899,9,17200,892
CCGUGCGUGGGCCC,0.7678469171062899,0.7678469171062899,9,17200,892
CCGCGGGGGGCGCG,0.7678469171062899,0.7678469171062899,9,17200,892
CCGUGCGGGGACCC,0.7678469171062899,0.7678469171062899,9,17200,892
CCGCGUCGGGGCCU,0.7675878424225576,0.7675878424225576,9,17200,892
CCGUCCGGGGGCCG,0.7666810993807434,0.7666810993807434,9,17200,892
CCCCGCCGGGGCCC,0.7664738136416456,0.7664738136416456,9,17200,892
CCGCUCGGGGCCCU,0.765541145175526,0.765541145175526,9,17200,892
CCUCGCGGGGCCCU,0.765541145175526,0.765541145175526,9,17200,892
CCGUUCGGGGGCCU,0.7651525253114061,0.7651525253114061,9,17200,892
CCGCGCCGGGGCUC,0.7651525253114061,0.7651525253114061,9,17200,892
CCGUACGGGGGCCU,0.7651525253114061,0.7651525253114061,9,17200,892
CUGCGAGGGGGCCU,0.7651525253114061,0.7651525253114061,9,17200,892
CCCCGCGGGGGCGU,0.7646343759439415,0.7646343759439415,9,17200,892
CCGUGCGCGGGCCG,0.7643753012602093,0.7643753012602093,9,17200,892
UCGCGCGGGGUCCA,0.7642198568452865,0.7642198568452865,9,17200,892
CCCCGCGCGGGCGG,0.9145093778430724,0.9145093778430724,10,19200,991
CCGUGCGGGGCCCU,0.8706220140460028,0.8706220140460028,10,19200,991
CCGCGUGGGGCCCA,0.8558288433340719,0.8558288433340719,10,19200,991
ACGCGCGGGGCCCU,0.8463726158760252,0.8463726158760252,10,19200,991
GUGCGCGGGGCCCC,0.8441445583142012,0.8441445583142012,10,19200,991
GCGUGCGGGGGCCU,0.8433413941499475,0.8433413941499475,10,19200,991
CUGUGCGGGGGUCC,0.829817697622143,0.829817697622143,10,19200,991
CCCCGCGUGGGCCU,0.8026407226836485,0.8026407226836485,10,19200,991
UCGCGCGGGGGCAU,0.8002313309968024,0.8002313309968024,10,19200,991
CCGUACGGGGGCCC,0.800179490660919,0.800179490660919,10,19200,991
CCGUGCGGGGUCCU,0.7978737439316338,0.7978737439316338,10,19200,991
ACGCGCGGGGGCAU,0.7948425474070349,0.7948425474070349,10,19200,991
CCGGGCGGGGUCCC,0.7925886158121545,0.7925886158121545,10,19200,991
UGGCGCGGGGGCUC,0.792148155612151,0.792148155612151,10,19200,991
CAGCGGGGGGCCCC,0.792148155612151,0.792148155612151,10,19200,991
CUACGCGGGGGCCC,0.7920963404777462,0.7920963404777462,10,19200,991
CGCGGCGGGGGCCU,0.7894537638172672,0.7894537638172672,10,19200,991
CCGCGGGGGCGCCC,0.7875107220405237,0.7875107220405237,10,19200,991
CCGCGCGGCGGGCU,0.7867075830777488,0.7867075830777488,10,19200,991
CCGCCUGGGGCCCC,0.7824846686047767,0.7824846686047767,10,19200,991
CUGCGCGGGGUCCG,0.7803861562233403,0.7803861562233403,10,19200,991
ACGCUCGGGGGCCC,0.7786762480289808,0.7786762480289808,10,19200,991
CGCCGCGGGGGCCG,0.7786762480289808,0.7786762480289808,10,19200,991
CCGCGCGGGGGAUG,0.7786244328945762,0.7786244328945762,10,19200,991
CCGCGCGGGGGAGC,0.7786244328945762,0.7786244328945762,10,19200,991
CCGCGCGGGCGCGG,0.7782099137959211,0.7782099137959211,10,19200,991
CAGCGCGGGGCCCU,0.7763186609638122,0.7763186609638122,10,19200,991
CCGCGGGGGGGCAU,0.7759300672894627,0.7759300672894627,10,19200,991
CCGCGCAGGGGGCG,0.7759300672894627,0.7759300672894627,10,19200,991
CCAAGCGGGGGCCC,0.7759300672894627,0.7759300672894627,10,19200,991
CCCCUCGGGGGCCC,0.7746605931053363,0.7746605931053363,10,19200,991
CCCAGCGGGGGCCU,0.7738833690541395,0.7738833690541395,10,19200,991
CGGCGCGGGGUCCC,0.7737279246392167,0.7737279246392167,10,19200,991
CCGCGCGGGGUUCU,0.7736242943704073,0.7736242943704073,10,19200,991
ACGCGCGGGGUCCU,0.7736242943704073,0.7736242943704073,10,19200,991
UCGCGCAGGGGCCC,0.7732875158304624,0.7732875158304624,10,19200,991
CCGAGUGGGGGCCU,0.7732356754945788,0.7732356754945788,10,19200,991
CCGGCCGGGGGCCU,0.7730802300913645,0.7730802300913645,10,19200,991
CCGCGCCGGGCCCG,0.7728211554076322,0.7728211554076322,10,19200,991
CCGCGCGGGGCUUU,0.7709299287652935,0.7709299287652935,10,19200,991
GCGUGCGGGGGUCU,0.7705931240355786,0.7705931240355786,10,19200,991
CCACGUGGGGGCCG,0.7705413089011737,0.7705413089011737,10,19200,991
CCGUGCGGGCGCCC,0.7705413089011737,0.7705413089011737,10,19200,991
CCUCGUGGGGGCCU,0.7705413089011737,0.7705413089011737,10,19200,991
CCGCGUGGGCGCCC,0.7705413089011737,0.7705413089011737,10,19200,991
CCGCAUGGGGGCCG,0.7705413089011737,0.7705413089011737,10,19200,991
CCUCGCGCGGGCCC,0.7690386759331848,0.7690386759331848,10,19200,991
CAGUGCGGGGGCCG,0.7678987322406947,0.7678987322406947,10,19200,991
CAGCGGGGGGGCCC,0.7678987322406947,0.7678987322406947,10,19200,991
CCGCCGGGGGGCCG,0.7678469171062899,0.7678469171062899,10,19200,991
CCGCUUGGGGGCCU,0.7678469171062899,0.7678469171062899,10,19200,991
CCGAACGGGGGCCC,0.7678469171062899,0.7678469171062899,10,19200,991
CUGCGCGGAGGCCC,0.7678469171062899,0.7678469171062899,10,19200,991
CCGCGUGGGUGCCC,0.7678469171062899,0.7678469171062899,10,19200,991
CCUUGCGGGGGCCU,0.7678469171062899,0.7678469171062899,10,19200,991
CCGCGUUGGGGCCU,0.7678469171062899,0.7678469171062899,10,19200,991
CCGCGCGGUGGCCA,0.7678469171062899,0.7678469171062899,10,19200,991
CGGGGCGGGGGCCU,0.7651525253114061,0.7651525253114061,10,19200,991
CCGCGCAGGGGCUC,0.7651525253114061,0.7651525253114061,10,19200,991
CCGCCCGGGGCCCU,0.7644271163946139,0.7644271163946139,10,19200,991
ACGCGCGGGGUCCG,0.7642198568452865,0.7642198568452865,10,19200,991
CCGCGCGGGGUUCG,0.7642198568452865,0.7642198568452865,10,19200,991
CCGCGGUGGGGCCC,0.7637794480365321,0.7637794480365321,10,19200,991
CUGCGCCGGGCCCC,0.763468558218395,0.763468558218395,10,19200,991
GCGCGCUGGGGCCC,0.762509948650927,0.762509948650927,10,19200,991
GCGCGCCGGGGCCC,0.762509948650927,0.762509948650927,10,19200,991
CUGCGCGGGGGACC,0.7624581597062925,0.7624581597062925,10,19200,991
CCGCCUGGGGGCCU,0.7624581597062925,0.7624581597062925,10,19200,991
CCACGCGGGGCCCA,0.7615254902518813,0.7615254902518813,10,19200,991
CCGCGCGGGGUACC,0.7608777966923207,0.7608777966923207,10,19200,991
UCACGCGGGGGCCU,0.7598156082472922,0.7598156082472922,10,19200,991
UCGCACGGGGGCCU,0.7598156082472922,0.7598156082472922,10,19200,991
AUGCGCGGGGGUCU,0.7598156082472922,0.7598156082472922,10,19200,991
CCACGCGGGGGUCU,0.7597637679114086,0.7597637679114086,10,19200,991
CCUCGUGGGGGCCG,0.7597637679114086,0.7597637679114086,10,19200,991
CUGCGCGGUGGCCC,0.7597637679114086,0.7597637679114086,10,19200,991
CCGUGCUGGGGCCU,0.7597637679114086,0.7597637679114086,10,19200,991
CCGCGAUGGGGCCC,0.7582870341779548,0.7582870341779548,10,19200,991
CCGCGCGCGGCCCU,0.7579761705495881,0.7579761705495881,10,19200,991
CCGCGCGGCGCCCU,0.7579761705495881,0.7579761705495881,10,19200,991
CCGCGGCGGGGCCU,0.7579761705495881,0.7579761705495881,10,19200,991
CCGGGCGGGGCCGC,0.7577688848104903,0.7577688848104903,10,19200,991
CAGCGCGGGGGUCU,0.7571212164524084,0.7571212164524084,10,19200,991
CGGCGCGGGGGCAG,0.7570694013180036,0.7570694013180036,10,19200,991
CCUUGCGGGGGCCG,0.7570694013180036,0.7570694013180036,10,19200,991
CCGCACGGGGGCUU,0.7570694013180036,0.7570694013180036,10,19200,991
CUACGCGGGGGCCU,0.7570694013180036,0.7570694013180036,10,19200,991
CCGCGUUGGGGCCG,0.7570694013180036,0.7570694013180036,10,19200,991
CCGCGUAGGGGCCG,0.7570694013180036,0.7570694013180036,10,19200,991
CCGCGUCGGGGCCG,0.7568103266342714,0.7568103266342714,10,19200,991
CCGCGCGUGGCCCU,0.7566548822193486,0.7566548822193486,10,19200,991
CCGCGCGGAGGUCC,0.7557481129877641,0.7557481129877641,10,19200,991
CCGCGGGGGUGCCC,0.7554372231696271,0.7554372231696271,10,19200,991
CCGCGCGGGACCCU,0.7552817787547043,0.7552817787547043,10,19200,991
CCGCGAGGGGUCCC,0.7552299636202995,0.7552299636202995,10,19200,991
CCGCGCGGGCACCC,0.7549708889365672,0.7549708889365672,10,19200,991
CAGCGCGGGGGCUU,0.7544268246575245,0.7544268246575245,10,19200,991
ACACGCGGGGGCCU,0.7544268246575245,0.7544268246575245,10,19200,991
UCGCGCGGGAGCCC,0.7544268246575245,0.7544268246575245,10,19200,991
