{"run_id": "12:42:41-09/22/2020", "exp_name": "DynaPPO_Agent_0.5_10_1", "model_name": "AdaptiveEns(MLP_hidden_size_100|MLP_hidden_size_200|CNN_hidden_size_100_num_filters_32|linear_regression|random_forest|nearest_neighbors|lasso|bayesian_ridge|gaussian_process|gradient_boosting|extra_trees)", "landscape_name": "RNABinding_T['GAACGAGGCACAUUCCGGCUCGCCCGGCCCAUGUGAGCAUGGGCCGGACCCCGUCCGCGCGGGGCCCCCGCGCGGACGGGGGCGAGCCGGAAUGUGCCUC', 'GAGGCACAUUCCGGCUCGCCCCCGUCCGCGCGGGGGCCCCGCGCGGACGGGGUCCGGCCCGCGCGGGGCCCCCGCGCGGGAGCCGGAAUGUGCCUCGUUC']_L14", "rounds": 10, "sequences_batch_size": 100, "model_queries_per_batch": 1000}
sequence,model_score,true_score,round,model_cost,measurement_cost
UCUUGGGGACUUUU,,0.27879076194752395,0,0,1
GGAAGGCGCCCAUU,0.0,0.3972399212272465,1,1000,100
AGAUUAGAAGCACU,0.0,0.18290705215173125,1,1000,100
GUUGUUGUAGAAGU,0.0,0.15795811329179404,1,1000,100
CGGGGGGACGCUAU,0.0,0.4957661887824092,1,1000,100
UGGAAAGGCGGGUU,0.0,0.4011519589769667,1,1000,100
UCCACGAGACAGAU,0.0,0.21402197950445107,1,1000,100
CAACCACGUAGGGU,0.0,0.3418237430149991,1,1000,100
GAUCGGGAGGACGU,0.0,0.37695433764503,1,1000,100
UCACAGGAGGUCGU,0.0,0.313791811891313,1,1000,100
CAAGUACUGAAGAU,0.0,0.1023864963473114,1,1000,100
GUGACAUCUUCAUU,0.0,0.16034160896817112,1,1000,100
GAGGUAAUUCUCUU,0.0,0.31614940104449374,1,1000,100
CAACUACUUGAAGU,0.0,0.08632383971526994,1,1000,100
UGUAGUUUAGGCUU,0.0,0.2518987619155886,1,1000,100
CGGAGGACGUCCAU,0.0,0.4006856116490218,1,1000,100
UGAGCGCCCAGGAU,0.0,0.3232221522214182,1,1000,100
AUAUGCACCUAGAU,0.0,0.16049705387723967,1,1000,100
AGUACCAAUCUGAU,0.0,0.22099110696000857,1,1000,100
CCGGAGGAACAGUU,0.0,0.25057748618608844,1,1000,100
UCUUGGGGGCCCAU,0.0,0.5968314289190118,1,1000,100
UACUGUUGGGCGUU,0.0,0.3693893373234676,1,1000,100
CAGAAGCGAGACAU,0.0,0.23573247513827406,1,1000,100
UCGAAGCAGCUCUU,0.0,0.2675987139656975,1,1000,100
GAAAUGAAUCCGAU,0.0,0.15627413310389787,1,1000,100
CCCUUAAAGAUGCU,0.0,0.22785659809345976,1,1000,100
AGCCCAACAUAUCU,0.0,0.26029280092860685,1,1000,100
AGAAAUAGACCCUU,0.0,0.2225973722848191,1,1000,100
UCGACAACAAGGGU,0.0,0.21057628302937897,1,1000,100
CUUAACUGAAGGCU,0.0,0.1788913848744202,1,1000,100
AGACUAAAAGAUUU,0.0,0.09531374554099624,1,1000,100
UUUCGAACGAGGCU,0.0,0.35806775934415075,1,1000,100
GGUAACACCAACGU,0.0,0.2631944396720788,1,1000,100
GGAAGAGCCAAGCU,0.0,0.33568366079834,1,1000,100
UCGAUAACUCCUUU,0.0,0.18570506742090917,1,1000,100
UGGCAAGCAGCCCU,0.0,0.36024398658867285,1,1000,100
GUAGAUUGCUGCUU,0.0,0.2815369557819274,1,1000,100
AGUCGUUGAAAACU,0.0,0.15093717724927436,1,1000,100
AGUAACUUGCAUUU,0.0,0.17518661346854292,1,1000,100
AAGACCGGCAAUUU,0.0,0.293687575034858,1,1000,100
CCUUGCUCUAUACU,0.0,0.2752932568854897,1,1000,100
CCCAACCACUAGAU,0.0,0.22363367101974826,1,1000,100
GACCCAUGCGCGCU,0.0,0.5112070792436709,1,1000,100
AAGGGGUAUGGGAU,0.0,0.39195478050702776,1,1000,100
CGGCCAACCCGCAU,0.0,0.4409977172246076,1,1000,100
GAUUUUAUUGGGGU,0.0,0.25855699300556645,1,1000,100
CACUACUUAUUUGU,0.0,0.11204999947621919,1,1000,100
UCCUGAGGGCUCAU,0.0,0.4036390781276379,1,1000,100
CUUGGUCCGAGACU,0.0,0.3383262248580797,1,1000,100
GCGGUCGAAGGAAU,0.0,0.336434985120856,1,1000,100
CUAUGAUGAGAGAU,0.0,0.14518571489673515,1,1000,100
AUGGAAAUAGAUAU,0.0,0.1158584103543876,1,1000,100
AGACGGAACUGGCU,0.0,0.3826280699515864,1,1000,100
AAUUCUGGUAAUGU,0.0,0.30324745796319297,1,1000,100
CGAUCAGGGGACAU,0.0,0.27213254345828547,1,1000,100
AAGUAUGGUUUCGU,0.0,0.26135500197437467,1,1000,100
GGAAGAUGGGUAGU,0.0,0.29337669831160607,1,1000,100
CGGAGGCGCCAUAU,0.0,0.4149347432833887,1,1000,100
GUAGGUGGAUUAGU,0.0,0.2568211981774112,1,1000,100
GGUUGAUGCAAGCU,0.0,0.31262598107088135,1,1000,100
UUACAGUAUUAUUU,0.0,0.07163427672670894,1,1000,100
ACAACGCGGACGGU,0.0,0.5658201184931434,1,1000,100
GUGGAGUCAAGGUU,0.0,0.3197764491989036,1,1000,100
AAUGGUUGCUCCGU,0.0,0.37721341232876227,1,1000,100
ACAUCAAAAAGGCU,0.0,0.1807308225721243,1,1000,100
CCACAACCCUAACU,0.0,0.18834763148064887,1,1000,100
GGGAAAAAGCGACU,0.0,0.2723397904068736,1,1000,100
GAUUGAACCUGCGU,0.0,0.34863741901404555,1,1000,100
GAGAAAGGACGAGU,0.0,0.25195057655584757,1,1000,100
AAGUCCGAGUAUAU,0.0,0.2829100592465717,1,1000,100
UUGCCACUAUAGAU,0.0,0.19166379611729134,1,1000,100
GGAUACAACUCUAU,0.0,0.1832697568572002,1,1000,100
GGACCUACAAUGCU,0.0,0.342264177519378,1,1000,100
AGGUGCGGAGAGGU,0.0,0.45804485782778276,1,1000,100
UGGUAUUGUACAUU,0.0,0.17655971038574467,1,1000,100
GAGAGGAUGCUGGU,0.0,0.3166675504119583,1,1000,100
GAGGGGGUUGUCCU,0.0,0.4948076306061902,1,1000,100
GGAUGUUGCGUCUU,0.0,0.32057958816167853,1,1000,100
UUGUAUAGACUUAU,0.0,0.11565114425761751,1,1000,100
ACAGGGGAACGGGU,0.0,0.40071152447258784,1,1000,100
GCACAAUCCUGUUU,0.0,0.3785347006590018,1,1000,100
GAGUGCCUCCGAAU,0.0,0.38814638562685644,1,1000,100
ACUGAAUAUAGGGU,0.0,0.2047729926946228,1,1000,100
CGCGAUGUACGUCU,0.0,0.28259916942843466,1,1000,100
CUCGGUCGAUCGGU,0.0,0.34635757250758703,1,1000,100
UUUGCAAGCCUAAU,0.0,0.24793492212634877,1,1000,100
UAGACAAAAGGGUU,0.0,0.20482480758195468,1,1000,100
GAAGGUGCAGGGGU,0.0,0.44726734203949653,1,1000,100
UAACGCAUCCCACU,0.0,0.27508598424127706,1,1000,100
AGGGAAUUUGCGGU,0.0,0.3324711327308768,1,1000,100
UCGCGGGAACGGAU,0.0,0.4869576558722146,1,1000,100
AUCAAAUAAGAGAU,0.0,0.08616839165601659,1,1000,100
AUAGGUGUCCAACU,0.0,0.25723570467532697,1,1000,100
GGCAUUUUUAGUGU,0.0,0.23695013369384982,1,1000,100
GGGCACUAUUGGGU,0.0,0.40685161928998625,1,1000,100
AAAAAAGAGCAAGU,0.0,0.17782917752828262,1,1000,100
GUGAUGUAAUGCAU,0.0,0.1653676687042879,1,1000,100
GAGACAGAUUCGUU,0.0,0.2568730002169309,1,1000,100
AGGAUGAUCCACUU,0.0,0.24697633825450527,1,1000,100
GCGUGGGAAGUAGU,0.0,0.4149347432833887,1,1000,100
AGGGGACGGUCGUA,0.47012265076803383,0.4503244125971519,2,2000,199
GCGACGCUGGCCUU,0.4550596450997651,0.47472930657330126,2,2000,199
GACGGCGAGCGGAU,0.445700594960493,0.5156890936018541,2,2000,199
GGGCGUUGGCCUUU,0.44410802541787087,0.455505936637592,2,2000,199
ACUGGCGGAGGGAC,0.44096740796561446,0.4957661887824092,2,2000,199
UCUUGAGGCGGGGG,0.43836281721019726,0.5260002751570806,2,2000,199
GAGUGGUGCGGGAU,0.42256357669536276,0.4282512316531148,2,2000,199
GCCCGCGCGUUCUA,0.4225401331146099,0.5225545847353052,2,2000,199
UCCGCACCCCCGUU,0.4216825207400465,0.5537213143746176,2,2000,199
GGGGGUUGCACCAU,0.42102616740168847,0.45408101803854295,2,2000,199
AGGAGUGAGCCUUU,0.4199930985629737,0.44462476537901746,2,2000,199
CCGGGGCGGUGAAU,0.41782500569056263,0.43058289329397803,2,2000,199
UCGGGGGCAGCAGU,0.4162999645894083,0.5219845950319573,2,2000,199
AGUCAGCCCACGGU,0.4124767321770639,0.32542429437751835,2,2000,199
ACAGGCCCUGGGCG,0.4124589398833376,0.5927639336594837,2,2000,199
UCCUCGCGGAGCGG,0.41066719781620153,0.5200156121538655,2,2000,199
UCCCGCAGCACUAU,0.4096181086343851,0.37420814381062656,2,2000,199
UACGGAACGGCUAU,0.4085771647722681,0.3372640238123119,2,2000,199
UAUGGGGUACCCCA,0.4057357780128035,0.47491064069832334,2,2000,199
AACGGCGGUCAGAG,0.405693948611284,0.33431057042858087,2,2000,199
GCGUCGGGUGGGAU,0.4053482235371005,0.5620894279633304,2,2000,199
AGGUGGGGGUACCU,0.4052429196232154,0.5550426027048572,2,2000,199
UGUGCUGUGCCCCU,0.4038398277742557,0.48309742016201407,2,2000,199
GCAGGCGCCGCAUU,0.4035853654534292,0.4903774565838906,2,2000,199
CAGCCUAGCCCGAU,0.40279601423855205,0.3177297514577262,2,2000,199
ACUACGCACGCCGC,0.3997498086155657,0.3342069406539171,2,2000,199
GGCCACGGGCUCAU,0.3977401532949862,0.4759469394332525,2,2000,199
ACGGGAUCGUGCCU,0.39765829595258345,0.4957661887824092,2,2000,199
UGGCAUGUGGCUGU,0.3960901949149875,0.39907934632421127,2,2000,199
GAACCUUGGGCAAU,0.39568112762211477,0.313765899067747,2,2000,199
AGGUGGGACUUGCC,0.3956283275585799,0.40928691070551326,2,2000,199
GAGUGCGCGAACCU,0.39527114481251063,0.3337924210611163,2,2000,199
AAGUGCGCGGUUUC,0.39446262809433663,0.3809181900350092,2,2000,199
AAAGCGCUCCCUAU,0.3911348673223058,0.3709178856971804,2,2000,199
GCUAGAGGGGUCCU,0.38937733262151375,0.506595544906579,2,2000,199
UCAUGUGUCGGCCU,0.38924850588520554,0.3784828729238577,2,2000,199
CAUCGAGUCUGCGU,0.38816717871892004,0.3876282362593919,2,2000,199
UUCGGUCGGAGGAA,0.38807690698113273,0.3517981324412498,2,2000,199
GGCGGGUGCGAGGG,0.3857057047345953,0.5398348615030222,2,2000,199
AUGGGUCGUUGGGU,0.3822467166623967,0.42882119615498415,2,2000,199
CGCAGACGGACACU,0.38190044712322146,0.3610471129507084,2,2000,199
CCUCCACCCGUUAU,0.3816089628255208,0.3496219157094551,2,2000,199
GGAGGGCUCCGUUC,0.3804788236667013,0.600847057652886,2,2000,199
AACGCUUCCUCUGU,0.3801396908304435,0.3918252615164104,2,2000,199
GCGACGCUCUGUUA,0.37958215259430733,0.3745190205338784,2,2000,199
ACUUGCACCCCCUU,0.37903846456250134,0.386021958333842,2,2000,199
CCGUCCUGGGGUGC,0.37870741591832496,0.5871160753859836,2,2000,199
GCGCCUGGUCUCUC,0.37847024583881894,0.46967732771324877,2,2000,199
GAUGCUUCCCGCUU,0.378053647296203,0.3657104745287988,2,2000,199
UCCGCUCUGUCAGU,0.37802495948029474,0.35311942077148933,2,2000,199
CCGCGCAUCUCCUU,0.37774383867296885,0.45900341600400174,2,2000,199
GGCAGCGGUAGUUU,0.3770544644338469,0.304361486744105,2,2000,199
GGCCAUUCCUGUAU,0.37657910497544417,0.42032352687315633,2,2000,199
AAACGGGUGCUUAU,0.37604084018453543,0.3370049491285796,2,2000,199
GGGAGCAGGAGCCA,0.3758305784430351,0.45656815028409925,2,2000,199
GAAUGAGGAGGCGU,0.3740032182014108,0.3170043551416734,2,2000,199
GGGCCUACGAUUGA,0.37325691146182666,0.38651422057336504,2,2000,199
GGCGCCUCGUUGGU,0.37233182401994686,0.48874527843551396,2,2000,199
CACUGUAGGACCUU,0.3722277402235787,0.29881728394089335,2,2000,199
UAUCCACUGUGGCU,0.369510967972293,0.27746947361728447,2,2000,199
UAGGGACCCUUGCU,0.3693071580451275,0.45573908589701884,2,2000,199
GCAACGUCGCGGUU,0.36822376922659367,0.43237051585727737,2,2000,199
UCCGGACGCUGAGA,0.368012420567345,0.40734384323314543,2,2000,199
GAUCGGGCAUUGCG,0.367554053068419,0.36913026263973536,2,2000,199
GGCCUGAAGGGGUC,0.3666978522798175,0.5135646663088397,2,2000,199
AGCACCCGGGACCG,0.3664547081755561,0.42376921729493155,2,2000,199
AGGGGGCAACCUUU,0.365300612704037,0.4715167654109529,2,2000,199
AGCCAAUCCAGCGU,0.3642431128180153,0.3438186256217718,2,2000,199
GGCUGACAUGGGGU,0.3640836690748858,0.46965142540241006,2,2000,199
AGGAUAGGGGCAAG,0.3637758583909125,0.4163337616596111,2,2000,199
AGAGCGGUUCGGUU,0.3626728657328016,0.3666431434890641,2,2000,199
UCGCCGACAGCCGU,0.3618716597391134,0.4035095329472502,2,2000,199
GUGGGGUUGUGCAA,0.3617253002392083,0.5155854381315659,2,2000,199
ACACCGAAGUGCGU,0.3613953201749738,0.3341032977843682,2,2000,199
GUGCGCCUCCUUCG,0.3610996376589508,0.46643889684080103,2,2000,199
UAGUGUGAAACGGU,0.3599096509867386,0.2963819668297418,2,2000,199
GCUCCGCCAGUCUU,0.35753895333652674,0.4218002344168399,2,2000,199
CUGCCACGCGUGCA,0.3572333566595443,0.4309455851516347,2,2000,199
AACGCGGGUGGAAG,0.35704291790371673,0.4548323166654344,2,2000,199
UAGAUGAGGGCUGA,0.35654040699156714,0.35016596738775835,2,2000,199
CAAGGAGGCAAGAU,0.3564286636237413,0.2876770379985865,2,2000,199
AGGAUUGGUGGGGU,0.35632504134063714,0.3953486814900228,2,2000,199
UACUGUGGCUGAGU,0.3544276866962723,0.3194655593807665,2,2000,199
ACUACUGACCCGGU,0.354398833468162,0.2795420862700399,2,2000,199
UACGGCCACGUGUU,0.3539976580724014,0.44102360435254917,2,2000,199
AUCUUGGCGUCGGG,0.3538405030556478,0.40394996794577487,2,2000,199
AAGCCCUUGAGAGU,0.35367027533357637,0.3355282289841567,2,2000,199
UGGCGCCAGUUCUA,0.35336131164009954,0.3548552286945297,2,2000,199
GCUGUGAGCAGGCG,0.3531700193231479,0.3983539500081585,2,2000,199
GCAGACCAGACUGG,0.3529020146214949,0.255758984530904,2,2000,199
CUCGGAGGACCUCG,0.3517134208620207,0.426204521311198,2,2000,199
GCCCCCUAUGUGUU,0.351642607464256,0.4925795730443663,2,2000,199
ACACGUCCUGGAAU,0.350763950090703,0.3005012641287895,2,2000,199
GUCCGAUUGGGCCU,0.35069823053219973,0.562918467148932,2,2000,199
UGAGCCUUGGGUCU,0.3506445128471116,0.38656602261288464,2,2000,199
CAGGGUACGUGUUG,0.35052750521130926,0.3502695971624221,2,2000,199
UUCCAGCUGCCCGU,0.3501400015031278,0.4715167654109529,2,2000,199
GAAGAUCCCACGGU,0.3499605164894115,0.2645934454475618,2,2000,199
AGACGAGCAGCACC,0.34932183388428756,0.28065610195606683,2,2000,199
GCUCGGGGGCGUUU,0.5458243283843335,0.5927639336594837,3,3000,298
UGCGGGCCGGGGAA,0.529026901421367,0.6205627029230034,3,3000,298
ACCCCGCGGUGUGG,0.5106063118643612,0.6007952687082515,3,3000,298
GGCGCGCCGUCGGU,0.5080757437252373,0.523228153316214,3,3000,298
GCCCAGCCGUGCCG,0.5013975451532549,0.5455863500453317,3,3000,298
ACCCCCGUCGCCGU,0.49581556445174485,0.5585660074955723,3,3000,298
GGGUCCCGGCGUGU,0.49516355309124266,0.6620924544534257,3,3000,298
GCGCGGGCUUUCGU,0.49234098726442976,0.6009766280347524,3,3000,298
GCGUGCCCAGGGGC,0.4920392240851008,0.5305858935943031,3,3000,298
GUGCGCGCGAGCAG,0.48186664706489557,0.47690554900072046,3,3000,298
AGGCCCAGGCCCCU,0.4780473549370774,0.5611308697871115,3,3000,298
UCCCGGGUAGCCGG,0.47626928409542874,0.5907431618367573,3,3000,298
GGCAGGGAUGCGUU,0.4642023683229411,0.3542334495524013,3,3000,298
GCCGCUUUCGCGCU,0.46036480063961727,0.5672450370921924,3,3000,298
GCUCGGGUAUCCCU,0.45833534331051123,0.4912323844913,3,3000,298
CCACCCCGGCUCGC,0.45726753868840375,0.5303009039989927,3,3000,298
UCCCCCGCGCACCU,0.4562417623822949,0.5690585745670699,3,3000,298
GCCGCCUUCCGUAU,0.4538744363980402,0.47651691653586126,3,3000,298
GGGGGGUUGGUUUU,0.45149225426308953,0.4499617338343803,3,3000,298
CUCCCCGUGCGUCU,0.44538393569371526,0.5385654135086662,3,3000,298
GGCCGACUUGCUCU,0.44217560146208484,0.4366452454646543,3,3000,298
UCUGGUUCUUGCCG,0.435282677851996,0.5084090571799776,3,3000,298
GAGGCGACGCCUUU,0.43478664009425705,0.4015146634353628,3,3000,298
UUUCCCGCUCGGGU,0.4346824816072825,0.5216218900794154,3,3000,298
UGCUCUGCUCGCUU,0.4337480211611931,0.4158156102041345,3,3000,298
ACUCCGCCCCUGUU,0.4318811775562261,0.5297827546315281,3,3000,298
GCGACGGUUGUGAG,0.4262521962391483,0.39773215826529074,3,3000,298
UCGUGACGCCUCGU,0.42400397732627315,0.4284066508665588,3,3000,298
GGAACGGUGGUGUC,0.4229454356900293,0.3754776044057219,3,3000,298
GCGGAGCUUCGCGU,0.4227145452321112,0.6035414494477698,3,3000,298
CCGAAGGUGGGGGG,0.4220271683033836,0.5227100039487493,3,3000,298
UCCGGGCCACUUUU,0.4211415121300313,0.3976026261797883,3,3000,298
GAUUCGCCCCCGGU,0.42101849135871894,0.5480475663910184,3,3000,298
UCUUGGGCAAGGGG,0.41986674633365867,0.4201162542289437,3,3000,298
AGUGACUGGCGCUU,0.4192050577389201,0.3217972467172543,3,3000,298
GUCCCAGCGACUGU,0.4187305359227362,0.38260217022290544,3,3000,298
GGGAGCUCCGUGAU,0.4182033810019439,0.587375150069716,3,3000,298
GACCCUGCGACUUU,0.4180453472847229,0.3892085866726243,3,3000,298
AGGGUUGAGCGGGA,0.4169271603189318,0.5012585764512161,3,3000,298
UUCAGGCACGGUUC,0.4166996035238628,0.37863831783292623,3,3000,298
AACCCCCCCCCACG,0.4162318108580476,0.5007922422181562,3,3000,298
GGAGCGUGCUCUUU,0.41589774921518785,0.38703236994082957,3,3000,298
ACCGCGCCACGAUU,0.4157216951049314,0.4176291350782725,3,3000,298
UCGGUUCUGGGCAG,0.4151534290833037,0.44965081881476454,3,3000,298
CCGCAGCGCUGCUU,0.4145866086773787,0.4054266880901979,3,3000,298
AUCUCUAGGGGGCC,0.41381368799811885,0.510093050462759,3,3000,298
GCUGCCUUCGGACU,0.4094209016122436,0.4544437229910847,3,3000,298
UCGGAUGGCGGUUU,0.4084662170980735,0.44757823185763357,3,3000,298
AAGCCCUGGGUCGU,0.4078047106836015,0.4927609333591586,3,3000,298
CAGGCCACGCCCAU,0.40734077368188354,0.41102271862855366,3,3000,298
GGCGGAGAGAUUGG,0.40602886688952783,0.33822259508341596,3,3000,298
GAGCCGUCCUUUUC,0.40583811037954215,0.3382744228185601,3,3000,298
CCUGGCACUUCCUU,0.40549741709119025,0.38799092811704855,3,3000,298
UGUUAGGCUCGGCU,0.40544617766040786,0.3857628836501097,3,3000,298
AGCUGCUAUGGUUU,0.40495221519824454,0.2641011958087781,3,3000,298
UCGCUGUAUGGGCA,0.4048550748215441,0.4231215227470794,3,3000,298
GGGGGCCAGGAUUU,0.40364974385032754,0.5307413389975173,3,3000,298
AUUCUGGGUGGUCU,0.4035838103646671,0.39151435909753396,3,3000,298
GGCACCACGCCAUC,0.402740375399356,0.38402708832780874,3,3000,298
UCUCGGAGUCGUAU,0.4026199819540653,0.2719770859484775,3,3000,298
UGGCCAGGCAUGGU,0.40205148808311203,0.41361346755388856,3,3000,298
GCUGGGGUCGAUAU,0.4017630801796532,0.4337436193219217,3,3000,298
CCGCGUCCCUGAGA,0.4016552205922553,0.48763124965460203,3,3000,298
CAUAGGGAGGGGGC,0.4014381702541076,0.4761283249495236,3,3000,298
GCCUGGCUAUGUUU,0.40075920004503957,0.3574977927542694,3,3000,298
AUAGCUCCGCGUGU,0.400485052325206,0.5469594273202056,3,3000,298
AGGACGUCCCCCUU,0.3999693364970695,0.420375328912676,3,3000,298
CCAGCCGCGUCAUU,0.39963352009725156,0.3852965620177893,3,3000,298
UCGGCACGACGGCU,0.39926704534936985,0.4795998894043553,3,3000,298
ACCUAGGACGGUCA,0.39895862167679685,0.35565835505656523,3,3000,298
ACUUCUUCCCCUCC,0.3973694595621322,0.3493628410257228,3,3000,298
AAGGCGUUUGGUCU,0.3965174779416343,0.37223917402741996,3,3000,298
GGUAGCAUGGGAUC,0.3961753664122909,0.3383262248580797,3,3000,298
UUGUGGGAGCUUGU,0.39617316144648357,0.37721341232876227,3,3000,298
GUGGAUGUGCUGUG,0.3949906570970318,0.4095459853892456,3,3000,298
UACCUGCGCCUUCU,0.39495690345292966,0.3933797117068162,3,3000,298
GGCACGUUGACGAU,0.39487343277385983,0.37182465443461915,3,3000,298
UGCUCAACCGGGAG,0.3945171467944275,0.4059448374576624,3,3000,298
ACCCCUCUGUUGUU,0.3943520217170602,0.3879391260775289,3,3000,298
UACUGUGGGAGUGA,0.393875698258864,0.32063139020119813,3,3000,298
UACCCGCCCGACUC,0.39324841973379315,0.41599695692989597,3,3000,298
AGUCUGCUGGCUGU,0.39312653942866627,0.3783792431491939,3,3000,298
CCCGGGCCUUUUAU,0.39259875829771085,0.41071182881041657,3,3000,298
UGGGGCUAAAGGGG,0.39213383824362896,0.4848850427253134,3,3000,298
AGUACAGCGUCCCU,0.39180958308212493,0.3478861077864147,3,3000,298
UCGUCGAUGGCAGG,0.39131526276531853,0.29083776402653017,3,3000,298
UCGGGAGGCAAGCU,0.39098340985682184,0.4492881138622227,3,3000,298
AAAGGGUGGACGAA,0.3907996852982672,0.4095459853892456,3,3000,298
ACCUGUCGACGUGU,0.39072500863681886,0.44726734203949653,3,3000,298
UUCUGCAGUGCGAG,0.3890212152921954,0.32068321793634225,3,3000,298
GUGGCCGCGAUACU,0.38899578967667686,0.3730423129901949,3,3000,298
GGGCCUGUACUCGU,0.38585047597774885,0.490817865392645,3,3000,298
GUCUAGGCCCUCGU,0.38489995093931717,0.48664676605407764,3,3000,298
GCGCUGACAGUCCU,0.38376984606841247,0.4215152574222689,3,3000,298
GUCCAGUCGACCAA,0.3835959487876181,0.27736585644336004,3,3000,298
GAUCGAUCCGUGCU,0.3828177439153102,0.4213857405196636,3,3000,298
UGUGCCCGGAUUCU,0.38235454796291,0.41612650211028357,3,3000,298
AGCCCCCACAUGUG,0.38226357823247925,0.4557650113213243,3,3000,298
GAUCUCUCGCCUGU,0.38039237692249883,0.33868894241136094,3,3000,298
UCGGGGUGGACGGU,0.5469677649513024,0.544057801177473,4,4000,397
CGACGGGCGGGGCU,0.5247305040919296,0.6190859691895496,4,4000,397
UCGAGGGUGGCCGU,0.5163016626417345,0.4873203346349862,4,4000,397
GGUUCCGCCGGGUC,0.5090075200226141,0.6289308165117162,4,4000,397
UCGUGCGCCGCUGU,0.5088583490618843,0.4680451495648722,4,4000,397
ACGUGGGGCGUGAU,0.4999822998050653,0.477967737445749,4,4000,397
GUCGCCGGCGCAGU,0.4965157372349933,0.4395468968088656,4,4000,397
CACGGCCGGUGGCU,0.4943122983686994,0.46553214119824743,4,4000,397
ACGGCUGGCAGGCU,0.48774597219576954,0.41962400459016,4,4000,397
AGCGCGGGGUUCAU,0.4868172879716503,0.6133345068370105,4,4000,397
GGGAACGCCGGCGC,0.48432398667351767,0.4858954422257074,4,4000,397
GACGCUUCGCGCGA,0.4832318272836497,0.5388763033268033,4,4000,397
GGAAGCGCCGGGAU,0.48195151627001476,0.4418267433153241,4,4000,397
ACCGGGACGCGAGU,0.4788028643344863,0.43744838442742917,4,4000,397
GCCUGGGGCUAUGG,0.47490405792996665,0.4634336414175504,4,4000,397
UGUCCGCCGCCUUU,0.4745891024906208,0.45519504681945494,4,4000,397
UAGAGUGGGGCCCG,0.47261075009135567,0.5621412430977353,4,4000,397
GUCCCCCUCGGUAU,0.4723305992007438,0.4500653379134196,4,4000,397
UGCGAGGCUCGCCU,0.4722019626903906,0.49903054507916234,4,4000,397
UCCUCACUGCGGGU,0.46494235546976187,0.4332772850888619,4,4000,397
AUGGUUGCCCGGGU,0.46337372336647137,0.4297797543312031,4,4000,397
UAUCGCGUGCCGCG,0.461390412354396,0.45397736256825466,4,4000,397
CCCGUUGGCCGGUA,0.45914894139009094,0.5762349555186581,4,4000,397
UCCGCCGAGCACGU,0.45834605470506323,0.3904262452282001,4,4000,397
AGGACGAGCGGGGG,0.456980297555254,0.5542394637420822,4,4000,397
ACGGUGCCGCACAU,0.4507155877454668,0.4095459853892456,4,4000,397
UUGCGCGGUACCGA,0.44992264700649004,0.47130950586162534,4,4000,397
CCGGUCGAUGCGGU,0.44988418125542434,0.49628433814987377,4,4000,397
GAUCCCCGCUUCGG,0.449188236555935,0.43485764810283367,4,4000,397
UCUGCGAGCUCGCU,0.44865693401127155,0.4070070511041697,4,4000,397
GGUACCCCCGACGG,0.4466976310345152,0.5170621970664984,4,4000,397
UGAAGGGCGUGGCU,0.4466291647512508,0.4071624960132382,4,4000,397
AGAGCCGCGUGGAA,0.44659668731925173,0.5038493641670606,4,4000,397
AGAGCCCCUUGGCU,0.44526300950697134,0.42667086863914294,4,4000,397
UGAGGUCCGAGGGU,0.44087439569729686,0.38239492327431723,4,4000,397
GGUGUGGCGCGAUU,0.43873667503102115,0.47690554900072046,4,4000,397
GCCGUACGCGAGGA,0.4386765452487255,0.46073924962266655,4,4000,397
GCCGAACUCCCCUU,0.43600357274927387,0.3928615623393516,4,4000,397
ACAUGCGCGACGCU,0.4352503911415062,0.35565835505656523,4,4000,397
GCCGCCCACACGAU,0.43274261738362013,0.38672146752195313,4,4000,397
UCGGAUCGGUGGGC,0.4314776574950467,0.44358846664408824,4,4000,397
GCGACUUCGCUUCU,0.42948222490986465,0.3059936517975964,4,4000,397
CCGGCUACCCUGGU,0.4294438394804055,0.5530218046923607,4,4000,397
CCGGAGAGGUCGCU,0.4287530065743071,0.3701924762862426,4,4000,397
UUGGCCCGAUCGCU,0.427996733544304,0.44198221392001713,4,4000,397
AUCUCGUCGUCCGA,0.4276812878670861,0.41529746083666985,4,4000,397
UCGGAGGUUCCUGC,0.4275259056112312,0.48675037013311684,4,4000,397
UGGUCGCUGUGCAU,0.42562759670754,0.46138693107563367,4,4000,397
AGAGGUCGGCUGAC,0.4248909710283135,0.3769025225106253,4,4000,397
CCCGAGCUUCGUCG,0.42446424779548586,0.41721460288473233,4,4000,397
ACGAGUGUUGGGGG,0.4237377283975701,0.42397647684425915,4,4000,397
UUCAUGCGGCCGUU,0.4220719390157463,0.4030431987141905,4,4000,397
GACGCUGAGGUCCU,0.4219005300849545,0.4040017825860339,4,4000,397
UAGGGCACCUGUGU,0.42116164160156266,0.5227100039487493,4,4000,397
GGAGGGGCGUUUUU,0.4200262741239292,0.42128208504937537,4,4000,397
ACACGCUCGGAGGU,0.4198195878856475,0.38799092811704855,4,4000,397
ACCUGUCGCGUCUU,0.4196338473149314,0.4284066508665588,4,4000,397
ACGCGGCCUAUGUU,0.41937428365510354,0.44851088772301384,4,4000,397
AACUGGCGAGGGUG,0.4188122376854823,0.4199607967191358,4,4000,397
UCCGCGCUAAGGGA,0.41555208700659535,0.5119324881604631,4,4000,397
ACGGAUGGCAGGCC,0.41382318563829196,0.4798589640880876,4,4000,397
UUUUCGCUUCCCGU,0.41378472032113534,0.4204271440470807,4,4000,397
AUAAGGCGGGCAGU,0.41344416345226653,0.4001933751051232,4,4000,397
CACUGCCUCCUCGC,0.41313515977600296,0.43226687348187426,4,4000,397
UCCCCGAUGCUUCU,0.41313480481429155,0.3851411171087207,4,4000,397
AAUGUGGGGCCUAU,0.41290817562172893,0.502864854376766,4,4000,397
GGCGAACUUGCGCG,0.4113796937353171,0.4752733708523439,4,4000,397
GUCGAACGGGCUUG,0.411061644394431,0.38503748733405696,4,4000,397
ACUGUUCGGCCUUU,0.41052042794560367,0.4140280002415745,4,4000,397
UUUUCGGCACCGGA,0.4104872851728916,0.37516672768247006,4,4000,397
UGCCUGUGCCUUCU,0.40973060220100316,0.4325777628058656,4,4000,397
UCGUGGACCGGACU,0.4082399826351324,0.48338240975732444,4,4000,397
ACGCGAGCCAGUAU,0.40800423059713825,0.4176291350782725,4,4000,397
AGUUGGCUGGUUCU,0.40792117168887176,0.39744718127071976,4,4000,397
AUGGAAGGGGGCUA,0.40653138241969106,0.492242783991694,4,4000,397
GGCGCUCUUGCAGU,0.4056946169205509,0.4062298144522334,4,4000,397
GUGCGCUACUCGAU,0.40457961737853076,0.32734144952046595,4,4000,397
GUCGGUGACCUUGU,0.40430541951082616,0.39597044803141174,4,4000,397
UCGGCGAAGGGUUG,0.40428500115279326,0.3754776044057219,4,4000,397
AAGUGCUGGAGUGU,0.4038649371036431,0.4337954344563264,4,4000,397
AUGCGGCUUGUGAU,0.4032755279338322,0.37472629317809114,4,4000,397
CGAGGCUCCUCAGG,0.4001903185594449,0.37141013484181834,4,4000,397
CCCUGCUACCCGAU,0.39969788803852757,0.3780165512915372,4,4000,397
GAAGCAUGCCUCCG,0.39859575593751845,0.4306088061175441,4,4000,397
CUGUUGCAGGGCCU,0.397147722623917,0.48182794696617925,4,4000,397
GUGGGUUUACGUGG,0.396890361346629,0.41234400695879314,4,4000,397
ACGGGCUGACACUG,0.39665075929882687,0.39752491082255687,4,4000,397
UCUGGCACUAGGGA,0.3959736388188449,0.36913026263973536,4,4000,397
GCUAGUGCUGGUAU,0.39589192552510005,0.3321602429127397,4,4000,397
CGCACUCAGGCUCG,0.39360569616924895,0.4475264167232288,4,4000,397
ACUCCUCAGCGUUU,0.39346464112464163,0.3529121612221618,4,4000,397
CGACGCUAGGUGUU,0.39184036686442686,0.27182164103940903,4,4000,397
GCUCGGUUACGUAG,0.3916613219231575,0.32674557010701855,4,4000,397
AACUCGUGCCCAGU,0.3897182150395268,0.3821617357185265,4,4000,397
GAUUCGUGCGGAGU,0.3894054655612332,0.43643798591532673,4,4000,397
ACUUUUCGGGUCGU,0.38619377829959173,0.391203469279397,4,4000,397
AUAUCCUCGCUUCG,0.3856630587034757,0.3262792484746981,4,4000,397
UAGCGGACCGCACU,0.38546144118679876,0.37003703137717403,4,4000,397
GGUCGCAUUGAGGG,0.38544369663059014,0.32337759713048675,4,4000,397
GCUCUCGCCCGCGG,0.5713480075069237,0.6325319618611416,5,5000,496
AAGGGCCCUCGUGG,0.5445375922935534,0.6434908379642202,5,5000,496
UUCGGCGGGGCCUG,0.5422716651987234,0.6321951728084695,5,5000,496
ACCCUUGCGGGGCA,0.5391242649431447,0.5728669437516167,5,5000,496
CCGCGACUCCGCGU,0.5289584758018709,0.5630739115638548,5,5000,496
UCCACCCCCGGCCC,0.5230669166632502,0.4843409784462708,5,5000,496
CGCCCGGCGGUCAU,0.5182152245780989,0.47801955159186227,5,5000,496
CACGGCUGAGGCGG,0.5108133489471469,0.46537668319429376,5,5000,496
ACGCCAGGAGGGGG,0.5064511257458969,0.5294718910031613,5,5000,496
GCCGCGUCCGACCC,0.5015943622996744,0.5206633319031965,5,5000,496
UGGUCCCGCUGCGU,0.5010156345783907,0.587375150069716,5,5000,496
GCCCCUGCGGAGGU,0.4991067974778847,0.629371235833198,5,5000,496
ACGUGUGCCGCGGC,0.49763625207912215,0.4705582072347339,5,5000,496
GGGCGCAUGGCUGU,0.4958337365199251,0.4634336414175504,5,5000,496
AGGGGACGGGUCUA,0.4883657148187107,0.5082795381893603,5,5000,496
UAGGGGGGGUGUUU,0.48818634746028894,0.44457295024461274,5,5000,496
CCCCACGCCGUGGA,0.4839041657502573,0.5130983320757798,5,5000,496
ACCCGUGGGCUCAU,0.4823284362607958,0.5117252286111356,5,5000,496
GGCAGGCCGCUGAC,0.47742914920933466,0.45465098254041225,5,5000,496
GCGGUGUCGCUGUU,0.4763962661818937,0.45320015161194294,5,5000,496
GCCCCAGCGCCAGU,0.47585303155582814,0.5211296409347775,5,5000,496
AUCCGGGGGUGAGU,0.47363288635912615,0.5728669437516167,5,5000,496
CCGGCGUCUCCCUU,0.4725129259954905,0.49633615328427855,5,5000,496
GGGAGUCGGCUGGU,0.47067729552296195,0.47288986887559714,5,5000,496
UCGCGGUCCUCCAU,0.4699183808224341,0.42768124194976664,5,5000,496
CGCGACCCCGGAGU,0.46626076760033597,0.4492881138622227,5,5000,496
GACGCUGGCUCGAC,0.465797320345116,0.40182555325349983,5,5000,496
GGCGUCGAGCGUUU,0.46524712217468955,0.42032352687315633,5,5000,496
UAGCCGCGGCUCUU,0.4599615216549926,0.40669616178017837,5,5000,496
AUGGCCGGCCACCU,0.4592859192560925,0.4869576558722146,5,5000,496
UGUGCGGGCAUGGU,0.45795705897652456,0.5287464558965989,5,5000,496
UACUGGGUGGCGGC,0.45777807050077546,0.46099832430639887,5,5000,496
UAUGGGAGGCUCCA,0.4547348947418422,0.5011549723721769,5,5000,496
AAUGAGCGGGCGGA,0.4529538586118713,0.4795998894043553,5,5000,496
GGCUUCCCGGGUAA,0.45199690116917524,0.4829419757470913,5,5000,496
GUAGCGGGCUUCGU,0.45186283377674064,0.4634336414175504,5,5000,496
GCCCUGGCCUCUUU,0.45095506733561025,0.5027353353861487,5,5000,496
GCGCGGCAGCAUCU,0.4462483016976193,0.44726734203949653,5,5000,496
GGGCGUGGUUGUUU,0.44599126135368683,0.3976544408200473,5,5000,496
AGUGCGGCCAGCAU,0.44470417750932223,0.4136652826882933,5,5000,496
GGGCCGACGUCGUU,0.442708880060147,0.5319330716346419,5,5000,496
AAGCGGGCCGACAC,0.4366521551971255,0.5095230859608897,5,5000,496
AAGUCAGCCGCCCU,0.4365590645318702,0.37630665619206294,5,5000,496
GGGCAGACUCGGCU,0.43368231434194593,0.4628118365797975,5,5000,496
GCCGGUGCACAGCU,0.43182008067313055,0.3956336433016966,5,5000,496
CCACGAGCCCGACC,0.4314555617702768,0.3780165512915372,5,5000,496
AUGUCGUCGCUCGU,0.4309687870311324,0.3421346454338755,5,5000,496
CCCCGGAAUCGGGU,0.43092697146166326,0.46586890713745294,5,5000,496
CGGGCAGAGUCCAA,0.4301040668910047,0.4690296331653966,5,5000,496
ACGAGGUGCCUGGA,0.4292025769589991,0.43581620627905265,5,5000,496
CCCUCCACCGGUUU,0.4291434832502038,0.38799092811704855,5,5000,496
GCGCAGCUUUGGGU,0.4287121879889325,0.42866572555029103,5,5000,496
CGGUCGGGGCUUUU,0.4278610330263548,0.4816725277527353,5,5000,496
GCGACGGCCAUCGU,0.4264980207893822,0.43242233099168215,5,5000,496
AUCGUCGCUAGCGU,0.42627506376432356,0.32247082789890225,5,5000,496
CCGCGGGUGUUUAU,0.42352594378551983,0.405478515825342,5,5000,496
CCCCGAGCGUACGU,0.4233475533884151,0.5211296409347775,5,5000,496
GCCGCGUGGUCAUU,0.42160332759525576,0.4876830647890068,5,5000,496
GGCACGGUUUGGGU,0.4214744059018035,0.43918416665484505,5,5000,496
AAAGCCCGUGCGUU,0.42043335109677105,0.4725789790574601,5,5000,496
CGCUCCAUGCCCCU,0.41976388711702667,0.5041602277954275,5,5000,496
GAGGGUAACCGGCU,0.4182752793339646,0.4593661461580223,5,5000,496
GCUCAUGCUGGCUU,0.41773551787217145,0.4669570336075262,5,5000,496
GCGCCUUAUCCCCU,0.41742247337866456,0.4335363597725942,5,5000,496
AUUCCCUGUCGGUC,0.4172504841971864,0.42597134635614664,5,5000,496
AAGUACGCGGGCUC,0.4172348838897747,0.42351014261119935,5,5000,496
UAGUCGGAGGGUUC,0.4168445246837108,0.3852447342826451,5,5000,496
ACUCGGUGUUCCUA,0.4159246710725334,0.34102061665296357,5,5000,496
AUGGAGGCCAGUCG,0.41591434388091847,0.3859960712059004,5,5000,496
AGCUUUCGGGCGUU,0.41469387155924325,0.440142776222313,5,5000,496
UAGACCGCGGUGCU,0.4140368295944037,0.3740008711664139,5,5000,496
GUCUGUGGAGCCUA,0.4138687547510095,0.4606355941523783,5,5000,496
AUACGCCUGCUGGG,0.4138380653098227,0.375840308864118,5,5000,496
GGGCGACAACCGCU,0.411110024794728,0.4389251050659979,5,5000,496
AACUCGGUCGCUGU,0.41043826614173246,0.33964751318831926,5,5000,496
ACGUGGUGUAGGGU,0.409524143190023,0.41270671191133496,5,5000,496
UUCGUGAUCGGGUA,0.4089588297363169,0.3677053571355714,5,5000,496
GGCAUAGCGGGAGA,0.4079079805780332,0.4377074591111615,5,5000,496
GCCGGGUAGCACAU,0.40758211150569035,0.43529805482357603,5,5000,496
CAGCCGGUUGCGUU,0.40712990364982693,0.3996752257376587,5,5000,496
UCAACUGCGCGGCU,0.4069689434362266,0.46195688248261785,5,5000,496
GGGGUUCGAAGCGU,0.40661910325384754,0.5007922422181562,5,5000,496
UUCGUUGGCGGAGU,0.40641117626895606,0.3421864474733952,5,5000,496
ACGGAGCAUCGUCA,0.4061268305007544,0.36972614205318277,5,5000,496
GAGUCCGCCCUUUU,0.4050397557179677,0.37620302641739917,5,5000,496
UAGGUGGACGGGAU,0.404487143577325,0.5334875197370357,5,5000,496
UCUUCAUCCCGUCG,0.4027559722011126,0.3771615971943575,5,5000,496
ACUGCCGUUCUUCU,0.4016449832118254,0.3196728320249792,5,5000,496
AAACGGGCUCCGUU,0.40091256822019394,0.522450929265017,5,5000,496
GGACGUGACUCGCU,0.4000359731083571,0.3652700400244199,5,5000,496
UCGCCUCAGACGGU,0.3992010118251969,0.3994420638774924,5,5000,496
GGGGUUGAGCCAAG,0.39881173636871914,0.5235649580459291,5,5000,496
UACGCCGAGAGUCU,0.39723353601206113,0.3479897375610785,5,5000,496
CGCGGUACAGGGUU,0.39661084826632886,0.45597225826991244,5,5000,496
ACGCCUGUACCCUU,0.39567421188097474,0.3324711327308768,5,5000,496
CCAUGAACCGGCCU,0.39558604595939245,0.3695447822325362,5,5000,496
GUAUCCGUCCCCGA,0.39552543797350276,0.44097181540791464,5,5000,496
CUCCCCGGAGAGCU,0.3939335084723451,0.4118258575913286,5,5000,496
UGUGGAAGGAGGGU,0.39083291504662887,0.4165928363433434,5,5000,496
UGGGGGCGAGCGGU,0.5600325045657051,0.6561337063617887,6,6000,595
GCGCGACGCGCGUU,0.5466114902880223,0.5092380963655793,6,6000,595
GCGCGUGCCCCGUU,0.5455303084587297,0.6789841627482718,6,6000,595
GCCCCUCCGAGGGG,0.5303195400238623,0.6160547988547209,6,6000,595
GUUUGCGCGCGCGU,0.5300067156794905,0.5523482109099733,6,6000,595
GAGUGGCCCCGGUU,0.5292086231772609,0.4822942811992391,6,6000,595
GCGGAGGCCGGUCA,0.5259210417087077,0.5957692152725045,6,6000,595
GGGACGCCGCCGUU,0.5212982812217316,0.5753281862870736,6,6000,595
CCCCUCCUCCCGGC,0.5088552874288584,0.5161554026334352,6,6000,595
AUCGGUGGGUGGGA,0.5081430472929415,0.4884862037517817,6,6000,595
GGCGGAGCUGCGUC,0.5072954751322267,0.4417749543706896,6,6000,595
UUCCGUGCGUGCGU,0.5044674196356341,0.5524000260443781,6,6000,595
AGUGCGCGGGCUUU,0.4907209513895734,0.549135669747625,6,6000,595
GCCCGCCACUGUCG,0.49033041129332294,0.4612573989901312,6,6000,595
CGGGGGCAGCUUGU,0.4891527394655258,0.542218363479769,6,6000,595
GGUCCGUCCCUGCU,0.487200771911149,0.5717270514503756,6,6000,595
GCGCGGGGAAUCGU,0.4854040226552211,0.6224021406207076,6,6000,595
GUGCGCGACGGCAU,0.48366745701381986,0.4795998894043553,6,6000,595
AGCGCUUCUCCCCG,0.48353958693686944,0.4483813708204085,6,6000,595
CCUGCACAGGGGCG,0.4820032046553159,0.5529440903234207,6,6000,595
AGCUCGUGGGGACG,0.478730960843579,0.5388763033268033,6,6000,595
UUUGCCGUGGCCGA,0.4779019391401215,0.4386660303822656,6,6000,595
AAGCGGAUGCGGGG,0.4776163761552173,0.5451200148239803,6,6000,595
AUCAGGGCGCGCUU,0.4765012236450407,0.40695523646391063,6,6000,595
UCGCGGACGAGGCC,0.4747792188420103,0.5592655171778294,6,6000,595
UGGGGCAACGUCGU,0.47342880805204823,0.4930717969875254,6,6000,595
CUGCGCGGGACCAG,0.4731346163890942,0.5975827275459031,6,6000,595
ACGCGGGUUAGGCG,0.47273871471744017,0.48573999682249314,6,6000,595
CGGUGGCUUCGUGU,0.46906530612161673,0.5604313349033758,6,6000,595
ACAGGGGCCCGAUC,0.4679110884872394,0.5010513169018885,6,6000,595
UCCGUCGGUCCUGA,0.467237535658929,0.47345983337746644,6,6000,595
ACUUGGGGCUUGCG,0.46648520184245357,0.45234521060964833,6,6000,595
GCCGGGUCGAGAGA,0.4660832053869095,0.5165181327874558,6,6000,595
CGCGGUCUAGGCCG,0.4638876689390134,0.4676047407561178,6,6000,595
GUUCGAGUCCGCCA,0.46143088011796507,0.41439069160508546,6,6000,595
ACCGGGUAGGCGUU,0.4609171168586673,0.4316191920289072,6,6000,595
GAUGGGAUGGCCUG,0.4598956170668521,0.4750919853360728,6,6000,595
UGCGGGAGCUGACG,0.4589012788245497,0.4647549045463112,6,6000,595
AACCUGGAGGCGGA,0.4577554593798775,0.3892085866726243,6,6000,595
UCCCCGUUUCCGGU,0.4575829627503726,0.49796833143265506,6,6000,595
GGAGCCCAGGGCUU,0.45739389630434407,0.47522153051646043,6,6000,595
GGUGGGUACCCAGG,0.45528239371604406,0.43205961393254666,6,6000,595
GGCGGGAUCGCUUU,0.4521473705164782,0.41822501449171995,6,6000,595
GAUCCGUCCCCCUC,0.4432129910624177,0.43988370153858075,6,6000,595
GCGGUUGCUGAGGU,0.4429736956092631,0.3461502998633744,6,6000,595
GUCUGUCGUGCCCU,0.4415534482970692,0.4915950894438418,6,6000,595
GAUGAGCACGGCGG,0.4412777337681114,0.3433522908945662,6,6000,595
UGGCUACCGCUCUG,0.43989693230244165,0.41203310453991676,6,6000,595
GCGCGACGCCUACU,0.43921552711053913,0.44035003577164056,6,6000,595
AGUCGUCUCGUGCG,0.438995326143775,0.45941796129242707,6,6000,595
ACGUGGACGGCUGU,0.43873902419383953,0.4877348799234115,6,6000,595
AGCCCGUUGACGCU,0.43572984797504544,0.4418785584497289,6,6000,595
GCGGGUCCUCGAAU,0.4326299299517237,0.5261038792361199,6,6000,595
CCUUCCUGCCGGAU,0.4274449076540021,0.45799304269337804,6,6000,595
CCUCCUUUCCCGCU,0.42426093858134434,0.43115285779584733,6,6000,595
UCACCACCUCCGGU,0.4231017913782509,0.347782478011751,6,6000,595
AGGGCUGGCGAACU,0.4215031666581268,0.46848556888635384,6,6000,595
GAGUGUCCGAGGCU,0.41940996685009413,0.32459524259117734,6,6000,595
ACACGGUGGUCCUU,0.41918107808776417,0.4258159145419632,6,6000,595
CGGGGUAGGAGUGU,0.4185968417772587,0.435116722786566,6,6000,595
ACGCGGGUUUGAGA,0.4166500221075308,0.3952450391146196,6,6000,595
UGGCAGGUCCACCU,0.41641256503915186,0.4100123327171905,6,6000,595
CCCAUGGGCCUCAC,0.41582102975941637,0.4660761928765507,6,6000,595
CCCUCCUGGAGGUU,0.4156873685871453,0.3934315137463358,6,6000,595
GCGCGAACUAGCGA,0.41518308556447436,0.3919029784675081,6,6000,595
CGUCCACUCGCGUU,0.4142451808752362,0.43918416665484505,6,6000,595
UCGGGGCAGUACUU,0.41240182951020665,0.34298958643617017,6,6000,595
CGUCCGUCCCCAUA,0.41119437202898,0.5051706272958214,6,6000,595
ACAGGGGGGAGAUU,0.4111215805697078,0.37490765299873774,6,6000,595
UCGGUAACGGGGAC,0.4110254001941427,0.3932760688372673,6,6000,595
UGGUUGAUGUGGGG,0.40929835020975985,0.41330257822989724,6,6000,595
GUGGUAGCGUCCUU,0.4084038220598637,0.3597258372212082,6,6000,595
UACGGCGCAGGACU,0.4078862656038808,0.4311010426614426,6,6000,595
GAGUGCAUGUGGGU,0.406765205629524,0.39734355149605605,6,6000,595
GUGGGUCCAGGUAU,0.405953552535231,0.4181990995801419,6,6000,595
CUGUGCCAUGCUGU,0.4057021413625906,0.3913070990540607,6,6000,595
UCGGCGAUGGUGUU,0.40490285786305114,0.36475189065695535,6,6000,595
GACGGUACCUGCAU,0.40475337126432376,0.37902693720290037,6,6000,595
GUGCUGCCGGUUAU,0.4041804188041948,0.3914366311395632,6,6000,595
CCCUAGCACGCGGU,0.40371574378210767,0.4380183489292986,6,6000,595
GUCUGUCCCGUAGG,0.402940098857543,0.4324741461260869,6,6000,595
UGUGUGGGAUGCUU,0.402460487585426,0.42032352687315633,6,6000,595
GCUCAACGGCGUAG,0.4019523336948648,0.33695313448832054,6,6000,595
UCCUUAGCCGACCA,0.40019976314449773,0.29311762362787375,6,6000,595
GGUUCUCGCAUGCG,0.39825695692248697,0.45970295088773744,6,6000,595
AACCCUUCGCGCAU,0.39801271613489336,0.4930717969875254,6,6000,595
ACUGCGAAGGCGAC,0.3973508725409781,0.3851411171087207,6,6000,595
ACUUGCCGGAGGAU,0.39704053580982923,0.42032352687315633,6,6000,595
GAGACCAUCCGCUG,0.3961430908533308,0.368508483497607,6,6000,595
AGCCCUUCGCCAUC,0.3958995057634046,0.3960740778060755,6,6000,595
GAGAGCUUGGCCAU,0.3957571429609429,0.33679768957925205,6,6000,595
ACUCUUGUCCCCGU,0.39518048294913216,0.5003518334094019,6,6000,595
GCGAGCAGGAGAGA,0.39485439483070633,0.4499617338343803,6,6000,595
UCGGUUUGUCCGAU,0.394681468394615,0.43086788080127636,6,6000,595
CGAUGACACGGGCU,0.3946678178700136,0.3423937201176078,6,6000,595
UGCGUUGUGGCUAU,0.39379847220487063,0.3745190205338784,6,6000,595
GGUUGUCUCCGAGU,0.39321113211823466,0.418250927315286,6,6000,595
AGAGGCGAUGGUCC,0.39282612039088094,0.36337880028719616,6,6000,595
AUUUGCGGAGCCUU,0.39238871252995666,0.3887940670798235,6,6000,595
CCCGCGGGCCGACU,0.5512271059833764,0.6383870691712418,7,7000,694
ACCCGCGUGGCCUG,0.5385623305616414,0.6124277385937176,7,7000,694
UCGUCGGCCGCCGC,0.5375956523785771,0.5462340436048924,7,7000,694
ACUGCGGCCCUCGU,0.5353994284054703,0.532399432057472,7,7000,694
GGAGGUGGGCCCUG,0.5323139481312342,0.5735923788581792,7,7000,694
UGUUGGGCCCCCCU,0.5264814385905849,0.5496797340266676,7,7000,694
GCCGGAGGCUCGCC,0.5200677297686321,0.5213887156185097,7,7000,694
CCGGCUGGCGUCCA,0.5124667369815846,0.5766235597057351,7,7000,694
ACUGACGCGGCGGA,0.5054877080765763,0.5092380963655793,7,7000,694
CGGGGAAGGGCCCU,0.49956351004031563,0.5849916732944479,7,7000,694
UGCACCAGGCGCGC,0.49511197453048295,0.4040535977204387,7,7000,694
GGCGUAGCGCCCUU,0.4931496758822707,0.4583039325115151,7,7000,694
GGACGGCCCGCUUU,0.49129657438957886,0.48814939902206655,7,7000,694
GGGUAUCGCCGCGU,0.4886024132128267,0.48874527843551396,7,7000,694
CGCCCUGUCGCCAC,0.4884389215127346,0.45804485782778276,7,7000,694
GCGGCUGUCAGGCG,0.48827794315178163,0.44584242344044744,7,7000,694
CGAGCUGCCCGGCU,0.4881081566353441,0.4431998467799684,7,7000,694
CGGACCCCCGUCCA,0.4820194705650479,0.6665226284757254,7,7000,694
GGCGGCUCUCUCCA,0.4806025912056146,0.4764132736663123,7,7000,694
ACGUGGCGUCUGGA,0.47894245220418413,0.4112299781778812,7,7000,694
UCGGCCCUUCUCCU,0.4763553590943289,0.42739626495519567,7,7000,694
GGCGCUAGACGCGC,0.47624424395051645,0.43099742548751824,7,7000,694
CGAGUCUCGGGGCC,0.4732157128120279,0.4829419757470913,7,7000,694
CGGCUCGGGUCUCU,0.47292313996459,0.5750691116033414,7,7000,694
GCAGGGGGCGUAUG,0.4706443846266774,0.49846058057729303,7,7000,694
AGGACGGUGGCCAU,0.46906957925260695,0.5082795381893603,7,7000,694
UUUGUCCUGGGGGC,0.4607340145426363,0.5366482457649793,7,7000,694
GCCUUGCUACCCGU,0.4606680724231692,0.4483813708204085,7,7000,694
CAGUCCCGUUGCGC,0.4603110776563747,0.4634854303621849,7,7000,694
UCGCGGCACGCAGU,0.4585215342978521,0.34920738351591485,7,7000,694
UCGCCUCUGGCGUU,0.45830211845444585,0.5005590929587294,7,7000,694
UGUUCCUCCGUCCG,0.456778855350502,0.4977092567489228,7,7000,694
GGUCAGGCGGCACU,0.45643897277089607,0.4077842751553665,7,7000,694
UUGCACCUGGCCGC,0.45452003354950976,0.4345726585075233,7,7000,694
GGCCGAGGAUUCGU,0.4542144601676797,0.3823430955391731,7,7000,694
CCUGCAGGGCCACA,0.4531289581452169,0.49574030165446764,7,7000,694
UACGUAGGGGGCCU,0.45294702111459334,0.6035414494477698,7,7000,694
AACGCGGGUGAGCC,0.4510151919481376,0.5912872261158,7,7000,694
CUGGGGGUCUGGUU,0.4483536427107997,0.5727892398954041,7,7000,694
GUGGCCACUGCCCU,0.44707043283716913,0.40532305831553406,7,7000,694
GAGGGGCUCUGUCU,0.4465639885392701,0.5415706951216871,7,7000,694
AUUUCGCCGCGGAU,0.44609317140034427,0.42032352687315633,7,7000,694
UGCCGUCCUGAGGU,0.4455577003929935,0.4095978131243897,7,7000,694
GCCAUAGUGCGGUG,0.44452574143054263,0.44436569069528514,7,7000,694
GACCCGGAACCGGU,0.4444181417112884,0.3780165512915372,7,7000,694
AUCCUGCGUGGGAU,0.443671743927012,0.5687994998833377,7,7000,694
UACCCCCCUUGUGG,0.44245948038312227,0.44817409817619586,7,7000,694
AGAGCUAGGGGCCC,0.4392425880200264,0.5129428866725656,7,7000,694
AGCUGCUUCCUGGC,0.4382877622201808,0.3557101827917094,7,7000,694
UAGUGUGGCGCCAU,0.43761029832288073,0.40770656029228086,7,7000,694
AGAGAGUGCGCCCG,0.4361881042623305,0.34889649369777787,7,7000,694
CCGUCUGCGGUCUU,0.4350990873515693,0.548177111571406,7,7000,694
GAAGUCCGGCGGUU,0.43508357823108945,0.4634336414175504,7,7000,694
GGGGCUUUGCGUUU,0.4346360772644699,0.61701335703094,7,7000,694
GGGAGCUGAGGGAU,0.4341812818498444,0.3745190205338784,7,7000,694
GGUAUACCCGGGCA,0.43289611160316327,0.4455833487567152,7,7000,694
GGGUACACGGCGCU,0.4322354527405093,0.44335531738466144,7,7000,694
GCGGCACUGCACCA,0.4307948349997314,0.3552438354637644,7,7000,694
AGCUCGAGUUGGGC,0.429718514026031,0.4154010775164485,7,7000,694
AUCCUCCUCUGCCU,0.4294132429431479,0.38317214732551413,7,7000,694
UACUCCCGGGGUUU,0.4292755614996143,0.44547970638131207,7,7000,694
GCGGUGCGUGAGUU,0.42572278116873746,0.40516761340646557,7,7000,694
UGGGAGGUGAGUGC,0.42407401445069903,0.4698845872625763,7,7000,694
AGUUCGGGGUAGCU,0.4220304753086075,0.379855976388502,7,7000,694
CUUCGCCUUGGGAA,0.42086373784712156,0.365321867759564,7,7000,694
GACGCAGACGCGUU,0.4208604558790838,0.32260037307928985,7,7000,694
AGACCAGCACGGGU,0.420810369751338,0.37918238211196886,7,7000,694
AGACCCUCCGACGA,0.42015374769298097,0.4035354609537135,7,7000,694
UGGAUCGGCACGCC,0.41969678335511007,0.380218680846898,7,7000,694
CCGGGUAGCGUAGU,0.4191457984050625,0.38454523769527327,7,7000,694
UACGUCGACGCCGU,0.41901923207415714,0.3839752736875497,7,7000,694
UCGUUGUCCCCUGA,0.418801998385378,0.384234348371282,7,7000,694
CGUGCGACUCUGCU,0.41821746720469033,0.46882237361606904,7,7000,694
GCCUCCCCGACACU,0.41791445503498004,0.40441630217883473,7,7000,694
AUUCCGGCCAACGG,0.4169632185590578,0.4257640868068191,7,7000,694
CGGAACACGCGGAG,0.4144892620365016,0.40695523646391063,7,7000,694
GGGCACGCCCUAAU,0.4125328583106443,0.4680192346532941,7,7000,694
UUGCGCUUGGGAUC,0.41207881838953464,0.37843107088433803,7,7000,694
UCCCCAAGUGCCCU,0.4120490248660714,0.389415859316837,7,7000,694
AGCGGGUUACGUCU,0.4112784937996703,0.37892330742823654,7,7000,694
CAGCAGGCUCGAUG,0.41115386595719833,0.32089046488493045,7,7000,694
GACAGGCGGAUCCU,0.40432398321587454,0.36931162246038196,7,7000,694
AGAGCCCACGUCGU,0.40413367142508505,0.387187801755013,7,7000,694
UUCCCUCCUGACGU,0.40385481569176473,0.3737417964826816,7,7000,694
ACGGCAAGCGGUAC,0.40199599683322795,0.3365386148955197,7,7000,694
UGGGCUCACUCCUU,0.40146934690648683,0.46664613118864984,7,7000,694
UCUUGUGGGGUGAU,0.40101356178092484,0.39560775617375504,7,7000,694
UAGGUCUUCCGCAU,0.39949843417685693,0.38457114000611203,7,7000,694
GGAGAGUUGGCGGU,0.3994652908489461,0.3541298197777376,7,7000,694
GUACCCCUUUGGGU,0.39897418820527697,0.37970053147943345,7,7000,694
CUCAGGCUCCUUCC,0.39879512720108456,0.42749990782474456,7,7000,694
GCUGGGAGCAUCUU,0.3985620429697475,0.35729053320494186,7,7000,694
UGCGUCGCACACGU,0.3984099603474731,0.3006048939034533,7,7000,694
UAGGGCUGACACCC,0.3975155209797885,0.4080951670615156,7,7000,694
CUGGAUGAGGCCCU,0.3974385462433318,0.4307901528433056,7,7000,694
GGAGGCUUUCGGAU,0.39694798363883943,0.4271371902714634,7,7000,694
UCAUGACCGAGCGG,0.39687720569225265,0.3394402536389918,7,7000,694
UCAACUGCCGCGCU,0.3967223481978686,0.4622159571663501,7,7000,694
GAUAGGGCACCGUU,0.3949306240152746,0.3960740778060755,7,7000,694
GCGGCUCCCGCGGG,0.5855935929584033,0.7087000483642295,8,8000,793
GGCCGGGCUGCGGA,0.5697199871844276,0.6590612579288269,8,8000,793
CCCCGGCUUCGGGG,0.5690765303347236,0.6020129267696815,8,8000,793
GCGCCCGCGCCGAU,0.5666335058262107,0.5988003856073332,8,8000,793
CCGGUGCGCGGCUG,0.5575541684742664,0.539420367605846,8,8000,793
GCCUGGGCGCUCGU,0.5475485217436897,0.5262593498408129,8,8000,793
CCUGCGUCCGGCCU,0.5303321084091284,0.6364440127057469,8,8000,793
CGGCGUCGGAGCGU,0.5234700473156771,0.44864044550414084,8,8000,793
GGAGGGGCGGCUGU,0.5180026169030516,0.5825822972846448,8,8000,793
GCGGGUGUCCGUAU,0.5165734181634488,0.5208187511166404,8,8000,793
UCCCCGGCGGCUUU,0.5131194706025886,0.5062846298869632,8,8000,793
AGCCCACCCCGGCU,0.5082611931070848,0.4825533558829714,8,8000,793
CGGCGCUACGGGCU,0.5081571704776117,0.5007922422181562,8,8000,793
UCGCUCGGGUUCCU,0.5019695902763106,0.49988549917634206,8,8000,793
GGGGAGAGGUGCGA,0.49982589432382535,0.46877055848166427,8,8000,793
AGGGGGGGUCACCU,0.498718850121616,0.5631257266982597,8,8000,793
AGGGGUGUCCUCCU,0.49542112442286645,0.44314803164556366,8,8000,793
GCGGGCAUGCUGCU,0.49422305027904745,0.47812318186067176,8,8000,793
CCGCGGCUUCUGGU,0.4918099956126543,0.4682006201695652,8,8000,793
GCGUGUCCCUGUGG,0.49133743611207653,0.551778246408104,8,8000,793
CCCUGGGGCGCAAU,0.4905889676294324,0.46491034896123395,8,8000,793
GCCGCCCGAUGGUG,0.49034401957459395,0.4260231614905514,8,8000,793
UCCGGGGGAGCUAC,0.48831278066117606,0.5170362821549204,8,8000,793
UGGGCCCCCCCUAU,0.487607828018752,0.5369850504946944,8,8000,793
UGUGCCCUGGGUGU,0.4872424311321022,0.4661279818211852,8,8000,793
UUGCGCCAUGGGCG,0.48662099138379117,0.47198309964401264,8,8000,793
GCGUGUGGUCUCCU,0.4852762153507144,0.5390576374518254,8,8000,793
AGGCGCCGGCCAUU,0.4850154553092665,0.4645476440086922,8,8000,793
AAGGGCGGUCCUGU,0.4810574600097298,0.5334875197370357,8,8000,793
CGGUAACCCCGGGG,0.4803002386487999,0.5166476517780731,8,8000,793
GUUGCUUCGGGCCU,0.47287543249357045,0.4446765805134222,8,8000,793
UGGGCCCUUCUGGA,0.4715739934469922,0.5229172634980769,8,8000,793
GUCCGUCGCUCGGU,0.4671953553586712,0.46739748120679026,8,8000,793
GACGGUUGUGGGCU,0.4663065527442187,0.4561018029561543,8,8000,793
ACGCGCUGUCCUGA,0.46511442315291174,0.46882237361606904,8,8000,793
AGACGGGCUGCGUU,0.4632835425719953,0.43084196797771035,8,8000,793
CGGGGCGCUCCAAU,0.46134080926006354,0.5361819115319195,8,8000,793
GGGGUGCGUUGUAC,0.46033946642121365,0.44457295024461274,8,8000,793
CCGACCGGCUGGAU,0.4587556245853355,0.458796181656153,8,8000,793
GCGGCGCUUUGCAC,0.45567704877535464,0.4634336414175504,8,8000,793
UUGUGGGGGUCUUC,0.45525896715177205,0.5739032424865459,8,8000,793
UCCGGGCUCACUCU,0.4504320836980672,0.45312243466084523,8,8000,793
GACCGUGCGAGGAU,0.45014854113879776,0.46195688248261785,8,8000,793
UCCUGGCCCUCUCC,0.4495870839815231,0.45856300719524734,8,8000,793
GCCCCGUCAUGGUA,0.4491938989125238,0.4942894812387256,8,8000,793
GCGCUCUGGUGUUU,0.44818315335857395,0.3904262452282001,8,8000,793
CCGCGAGUUGCCUA,0.4479620459468775,0.43226687348187426,8,8000,793
CCGGACAGCUGCGU,0.44537940349704097,0.450039450785478,8,8000,793
GCCAUGACGCGGAG,0.44271597684623687,0.45957340570734984,8,8000,793
GAUCGUCGCCUCCC,0.44261030172302823,0.4112817933122859,8,8000,793
CUUGGACGUCGCGU,0.4419622462895071,0.40415722749510247,8,8000,793
UCUCGCUCUGGCAU,0.44134621833307747,0.41361346755388856,8,8000,793
UCGUCGCCCAGAGG,0.4409944213041612,0.3291290594830259,8,8000,793
GUGGUCGGUGUGUU,0.4404185413721164,0.42301789297241565,8,8000,793
UGAGGGGCUCGAUU,0.4403342004435925,0.42286244806334716,8,8000,793
GCCGAGGCUUUGCU,0.44031601164289286,0.44726734203949653,8,8000,793
GGUGCGACGGGAUU,0.4401597734193293,0.49846058057729303,8,8000,793
UGGCACACCCGGUU,0.4396198803326577,0.5173212717502307,8,8000,793
GAGAGGAACGGGGG,0.4384173589226494,0.4508166748366749,8,8000,793
UGUAGAGGCCUGCG,0.4351772240066589,0.38255036818338584,8,8000,793
ACUUCGGGCGGAAU,0.43455676180818675,0.47812318186067176,8,8000,793
CGUCGCCUGCCUAU,0.4340435590327732,0.3613580153695848,8,8000,793
GGGCUCCGGUACAU,0.4337619350799614,0.49856421084610253,8,8000,793
GCUGGAGUAGCCGU,0.43348300405464624,0.47325254763836866,8,8000,793
GGGUCGUGAUGUCG,0.43287033941281655,0.48035123942249575,8,8000,793
CAGGGAUACCGGCU,0.431860113139437,0.43918416665484505,8,8000,793
ACGACCGCAGGCCU,0.4308095403884115,0.43363997694651857,8,8000,793
GAACGAGUCCCCGG,0.4307216418308604,0.41900223854291685,8,8000,793
GGAACCGCGGCCAU,0.42944952898062255,0.49118057034518675,8,8000,793
AUGUGCGCUCGUGU,0.4271772324663582,0.4163596744831771,8,8000,793
GCGAUAGUGCCCGU,0.42491066053388077,0.4115149677731915,8,8000,793
UCGCUGGCCAUUAG,0.4240267099773588,0.3405542824199037,8,8000,793
UGGAGACGGUCGAG,0.4230397218138016,0.34482901153313483,8,8000,793
UUUGCUGUCGCGGU,0.4228833120232064,0.3744672184943588,8,8000,793
GUAGGCCGUGUCUU,0.4222278934538422,0.3849338575593932,8,8000,793
GUUUCCUCGGCCGU,0.42207325164223136,0.3868769124310217,8,8000,793
GACUGCGCUCGUAC,0.42154599905784274,0.3517981324412498,8,8000,793
CCGACUCGCAGCCU,0.4212580113996567,0.42247385438899754,8,8000,793
CAUCGGCGCGAUGA,0.4200555668784968,0.3610471129507084,8,8000,793
GUCACGAGCAGGCG,0.4199240301412025,0.37039973632971585,8,8000,793
CAAUCUGUGCGCCG,0.4197175823509977,0.3932242541970083,8,8000,793
UCGCCCUUUCGUCU,0.419052231798638,0.43910647539937187,8,8000,793
AGCUGGCUUUGCGU,0.4183664408627548,0.47690554900072046,8,8000,793
CCGCUGUUGUUGCU,0.41826565030065765,0.3493628410257228,8,8000,793
CGUACGGCUUGGGU,0.4181831992920351,0.38006323593782954,8,8000,793
AAACCCGGGUUCGU,0.4181004411469139,0.37472629317809114,8,8000,793
UCCUCGUGUUUGCG,0.4180321529406285,0.4231215227470794,8,8000,793
GCGAGCCCAGCGUU,0.41800209404652894,0.5119324881604631,8,8000,793
ACGGCACCGAGAGA,0.41690369313864845,0.3323156878218082,8,8000,793
CGGAGAGCCUCCAU,0.4162546606354113,0.4571380885961983,8,8000,793
GAUCCCUGGUUGGU,0.41474811569729864,0.35988128213027676,8,8000,793
GUGGCCCGAACGGU,0.41377032837781813,0.4539255736236202,8,8000,793
UCCCGCUUCGUUUG,0.4127689546453085,0.37135830710667417,8,8000,793
AUGCGGAGGUCAUC,0.41131507978642984,0.4014628357002187,8,8000,793
ACGCGGCUUAUGCA,0.41030155151596903,0.43615300892075576,8,8000,793
UCGCCGUGCUAUAG,0.40763500042424206,0.3799078041236461,8,8000,793
CAAGUGCAGGGGAG,0.4074194650824925,0.41752550530360877,8,8000,793
ACCGGGGCGAAAGA,0.40653610999987244,0.40374270790230166,8,8000,793
UCGGCUUUGGAGGU,0.4063385728178008,0.3957632010828236,8,8000,793
GCUCCCGCGUGCGU,0.5740448677976635,0.6545274536377176,9,9000,892
CGGUGCCGGUGCCG,0.560796191368228,0.5168031223827662,9,9000,892
GGUGGAGCGCGCCG,0.5574777667410439,0.5012585764512161,9,9000,892
CCGGGCGGGUCGUU,0.5463925657419635,0.6777664784970714,9,9000,892
UCGGCCCUGCGGCU,0.5448520220364109,0.5897068631018282,9,9000,892
GGGGGCUCCGGUAC,0.5282529090560052,0.6951504107350766,9,9000,892
GCCGCGGGCCAUCU,0.5136513548223702,0.520766962172006,9,9000,892
GGGGGGGGAUCGAU,0.5123694595730106,0.477967737445749,9,9000,892
UCCGGGUGGUGACC,0.5016342341719693,0.4498062632296873,9,9000,892
AUCCGGUCCGCCGU,0.49716116983979547,0.5307931793334009,9,9000,892
AGAGCCCCCCGCAG,0.496783158851685,0.5153781785822383,9,9000,892
GCGGCGCCAUGAGG,0.4956184289064529,0.409856887808122,9,9000,892
AGGCGGCGGCUAGC,0.49309781117574153,0.45524686195385966,9,9000,892
CGGGCAGCCGGUAC,0.4925070934555147,0.5880487700418735,9,9000,892
GGACGGAGCGGCGU,0.49110082837552566,0.5347570191226407,9,9000,892
CCUGACGGCGCCGU,0.48895366400053486,0.4360752809627849,9,9000,892
CUUGCGGUGUGGGA,0.4881929734445711,0.4876830647890068,9,9000,892
GUCGAACGCGGGCG,0.4855007747624054,0.5034348188786353,9,9000,892
UGGGGCCGAGAGGA,0.48481893698106965,0.4794962853253161,9,9000,892
CCCGCUCCGGACGU,0.48405536475030353,0.5765976342814296,9,9000,892
GCUAGCCGAGGGCG,0.48352115541202834,0.4064889017367051,9,9000,892
GGAGCCGGUGGCAU,0.4823144643791431,0.4715167654109529,9,9000,892
CGUUGGGGGCUGUU,0.4740451999278238,0.5307931793334009,9,9000,892
UCCCGGUUGCCAGG,0.4735734761399497,0.4257640868068191,9,9000,892
UCGGUGAGCGGGUC,0.472698632713659,0.47283805374119237,9,9000,892
AGGGACCGGCCCUU,0.47259731319854537,0.5905876912320643,9,9000,892
CGGGGGGCAACGUU,0.4697227733395546,0.5765976342814296,9,9000,892
ACCCGCGAUCCGGA,0.46873397897824987,0.5356119470300501,9,9000,892
UUUCCGGUGCUCGG,0.46702552257193136,0.4537182878845224,9,9000,892
GCCCCCUCCGUUUU,0.4663837712302141,0.5603536310471633,9,9000,892
CUCGGUCUGCGCAA,0.46064308839940454,0.5565711253829455,9,9000,892
CGCUGGGCAACGGG,0.45756026102123293,0.4854550072271827,9,9000,892
GUCGGCAGGGUCAU,0.4572520481362833,0.42936524733914166,9,9000,892
AUGUUGCGGGUGCG,0.4556011852047151,0.3866178377472894,9,9000,892
CCCAGGCGUGGUGU,0.4552444494951021,0.4429407720962361,9,9000,892
UGCGGAGUCCCUCU,0.4529219123979164,0.47348574828904455,9,9000,892
GCGGGAGUAGGGAA,0.4518498873123756,0.3864105777038161,9,9000,892
CGCCGACAGCGCUC,0.4509458365124267,0.3868250972966169,9,9000,892
AGGGUAGCGCUCGU,0.4508526671887245,0.4055303309597468,9,9000,892
CUGCGUGAGGCUGU,0.450598932983241,0.514963684685062,9,9000,892
GGGUGAAGCGCGCA,0.4505442934632799,0.4701436619463086,9,9000,892
AUCCGGCCGCCAUU,0.45009886335903726,0.5023985306564336,9,9000,892
GCACGGUGGUCUCU,0.4475104670818782,0.5144714093506539,9,9000,892
AGUCGGAUGGGGUU,0.44519139763913085,0.5529699905462474,9,9000,892
GGCGCCCUGCUUAU,0.4425315742962822,0.4795998894043553,9,9000,892
CGUUGCCGAGGCAG,0.4421115687090137,0.3677053571355714,9,9000,892
GGGGUCGUGAGAGG,0.44203328442559764,0.4606874344882618,9,9000,892
AGCGGCUCGUCCAU,0.44188781298114643,0.5293423458227737,9,9000,892
CCGCUCUGGAGCUG,0.44129263869122753,0.4064889017367051,9,9000,892
GUCGCACUGCUGGG,0.44045226990484593,0.3816954140862061,9,9000,892
GGCUCUUUCGCGAG,0.4396828932676666,0.4798848920945508,9,9000,892
AACGCCCGGACCUU,0.4395748073202432,0.44470248233011517,9,9000,892
GCGACGCGCACUCG,0.4387258809575078,0.39047806036260485,9,9000,892
GUACCUUGCGGCCU,0.437535533787738,0.4064370870964461,9,9000,892
CCGGGGCUUGGAUU,0.43654968099090297,0.45224158034083883,9,9000,892
CGUUCGGGUUGUCG,0.43613027177565006,0.3998824852869862,9,9000,892
UAGGGGAACUGGGG,0.4354671509155216,0.43242233099168215,9,9000,892
GUGGUCUGGCACCA,0.4348076789233679,0.4912064695797219,9,9000,892
GCCGCCAGAUGCUA,0.43402020138938696,0.36151346027865333,9,9000,892
CUCCCGGUGUUCUU,0.43400484397494943,0.3619020670478881,9,9000,892
UCCGGUCCCUCUUU,0.4330861789859938,0.4638481353147267,9,9000,892
CGCGGCCUCCAUCC,0.430756754134729,0.47822681212948126,9,9000,892
AACCUGCACCCCGG,0.42971505409235855,0.44490975497432783,9,9000,892
GGUCGCGUCUUCUG,0.42901204943242793,0.38058138530529406,9,9000,892
UACCAGCCCUGCUC,0.42889227931566065,0.44936584182019357,9,9000,892
AGAGGCAGGCGUCU,0.42870970615312876,0.40913146579644477,9,9000,892
ACCUUGGGUCCAGU,0.42774305051212125,0.3719282842092829,9,9000,892
UCCGGAGCUCCUUU,0.426956771602626,0.4412826790362815,9,9000,892
UCGCCUGGGAACUA,0.42654257716937727,0.3896749340005693,9,9000,892
GGGACGUUGGCCUU,0.42556439712266314,0.43330318531168854,9,9000,892
CGUGUGUUUCGCCG,0.42466359780412544,0.4014628357002187,9,9000,892
UGCCUGGCAUGGAC,0.4230712182105802,0.48571408191091503,9,9000,892
CUCAGCCCGAGGGU,0.42186482497640815,0.3703479211953111,9,9000,892
GACACCGCCGCUGU,0.4209414524856375,0.41568608020664405,9,9000,892
CCCGUCAGGUGAGU,0.4204906559865731,0.45457324198170207,9,9000,892
GGGGAGAACGGGAA,0.42032269296578556,0.4297279391967983,9,9000,892
UUGACGCGGUGGAU,0.42008093866084595,0.38255036818338584,9,9000,892
AGGGGUCUAGCGAC,0.418662167900871,0.5065437045706955,9,9000,892
GUGUCCACUUGGGG,0.41552901352699145,0.44325166191437315,9,9000,892
GGGAUGUGCCCACC,0.41432084752558573,0.5118806730260583,9,9000,892
ACCGGUUGACGUGU,0.4142089952274093,0.41781048229817974,9,9000,892
UGGCCCCGCAAUGU,0.41262085328670783,0.5550426027048572,9,9000,892
GGAGUACCUGGGUG,0.41127992259245466,0.3917475335584396,9,9000,892
UUGUCUGCUCUGGC,0.41011814945991976,0.40330227339792274,9,9000,892
GGGGCCAGGUUUAU,0.40916969679081755,0.45312243466084523,9,9000,892
GCGUAUCGGAUCGG,0.4091057948790304,0.39387193564997536,9,9000,892
CCGGCUAGCCCACU,0.4090452430411503,0.5172953568386527,9,9000,892
ACUGCGCCUACGUU,0.40815835840796294,0.3745190205338784,9,9000,892
CCAGCAACCGCCCC,0.40598345557575427,0.43537578486955886,9,9000,892
AUGUCUCCCGCUGU,0.4058739365588657,0.41091908885388984,9,9000,892
GUGCCAGGUCAGGU,0.40495023107935957,0.347782478011751,9,9000,892
CCUGGUGCAAGUGG,0.40480900177157253,0.3814363394024738,9,9000,892
GUACCCCCAGCCGU,0.40450113905124957,0.46379632018032196,9,9000,892
UCUACUUGGCGCCC,0.40433688496649395,0.3326783922802043,9,9000,892
UAGCAGUGCCUCCC,0.4043105021364434,0.3852965620177893,9,9000,892
GAAUCAGGGCCGCU,0.40323104688480527,0.37843107088433803,9,9000,892
AGGGUCCUUUGCCU,0.40247474653877074,0.4702472922151181,9,9000,892
UCAGUCGGCCCUAU,0.4018259224098646,0.40130740388603525,9,9000,892
GCGCGCACCAUUCA,0.401806958180133,0.3296731237620686,9,9000,892
UUGGGGGCCGCGCA,0.576525414347909,0.7247886176963005,10,10000,991
GCGAGGGCGGCGCU,0.5742607732916923,0.5765976342814296,10,10000,991
GGGCCCGGUGCCGU,0.5675410846302678,0.6237234289509471,10,10000,991
CCGGGUGCCGCGUA,0.566137444866857,0.6045518479598724,10,10000,991
GGGGCUAGGCGCGG,0.5491000297150304,0.6854869237277024,10,10000,991
GCCGCGACUGGGCU,0.5483595158534199,0.529368235532873,10,10000,991
ACGGGCGGGCUCAU,0.5448392254381186,0.5634366165163966,10,10000,991
GCCCUGUGGCCGCU,0.5405126098302577,0.5570115593931786,10,10000,991
CUCCCGCGUGUGCU,0.5202729050421718,0.5594986916387349,10,10000,991
GGCACCUGGCGGGC,0.5126513338720935,0.6406410269558924,10,10000,991
UUGGGGCUUCCCCU,0.5106581517104309,0.48980746688054244,10,10000,991
GGGUGGGCGUCAGG,0.5090198220904402,0.4749365661226288,10,10000,991
CAGCCCGCGCGCUU,0.5089256847244102,0.5583846628578228,10,10000,991
CGGAGGCCGUCGGA,0.506920636102717,0.4845741538954679,10,10000,991
UCCCCCUCCCAGGG,0.5023926130894819,0.47488472578674523,10,10000,991
CCGAUCCCGGCCCU,0.49852050623062133,0.5180207552427174,10,10000,991
ACCCCGCUCGCCUU,0.49193682381206916,0.5083313533237651,10,10000,991
GGGGCGGUACCUCU,0.4905461471150711,0.4915173619800168,10,10000,991
AACUCGGUGCGGCC,0.48954293584650843,0.4642885693249599,10,10000,991
AGUCUCGCGUGGGU,0.4843495236465434,0.6334646460043042,10,10000,991
GCGGACGGGUGAGU,0.4832930114130788,0.653905674989735,10,10000,991
GGCUCGCGCUUCCU,0.48293482661227394,0.5479439371105004,10,10000,991
CCUGAGUGCCGGCG,0.4810010329272689,0.46084285370170586,10,10000,991
CCACCCGGCCAGCC,0.4757721914485426,0.4300906567500795,10,10000,991
CCGGGAGCGGGAAU,0.47108746228772824,0.4898333923048479,10,10000,991
GGCGCCUUUGGUGC,0.4681286911166317,0.44620512839298926,10,10000,991
GAGGGAGUGCGGUU,0.46624960975337226,0.4177327648529363,10,10000,991
GGGCCACCCCUUCU,0.4645278426666234,0.537425485493219,10,10000,991
UCCCAAGCCGGCUC,0.4625337384508671,0.4242355515279914,10,10000,991
GGCGCUCGCCUACU,0.4624282619329323,0.4708690708631007,10,10000,991
CGUGGGGGAUCUGU,0.4593455662756563,0.587375150069716,10,10000,991
UUGGGCCGUAGGGU,0.45505204250210607,0.4759987545676573,10,10000,991
ACCCUCCGGGAUCU,0.4541180170110085,0.40099651406789816,10,10000,991
GACGCGAGCGCACU,0.45343372233222395,0.35122818103426556,10,10000,991
CCCCGCUGUGUUCA,0.4520942928607635,0.505377886845149,10,10000,991
UGUCGGCGUCUCCU,0.4513319185975506,0.44314803164556366,10,10000,991
GGACCCGACCCGCA,0.4495884884659662,0.5200415270654436,10,10000,991
GGUCGGCCGUUUGU,0.44921934708915856,0.4730194009610996,10,10000,991
ACUGCCACCGGUGA,0.44882519561674067,0.3637415047455922,10,10000,991
GGCUGGGCCAGAUA,0.44707467185110944,0.5119843032948679,10,10000,991
CCCCAGCUGUCCGU,0.4456569770574334,0.4551432064835714,10,10000,991
UUGCGUGGCAUCGG,0.44483642311319915,0.40669616178017837,10,10000,991
AGUCCUCGCCCUGU,0.44322868802186266,0.4669570336075262,10,10000,991
ACGAGGGCCUCAGG,0.4423145451066229,0.4715167654109529,10,10000,991
GUGGCUGCAGGUCU,0.44201597248688174,0.3675499122265029,10,10000,991
GACAAGGCGGGGGU,0.4415872859369811,0.5092380963655793,10,10000,991
CACUCCGCAGGCCU,0.4387144023097627,0.46260457703047003,10,10000,991
GUGUCGUCCGCGAU,0.43562209734756124,0.4999372881209766,10,10000,991
GUGGAUUGGGGGCU,0.43546838280079436,0.5875047204515823,10,10000,991
UUUGGCAGCGCCGU,0.4347590295320677,0.3964885973988763,10,10000,991
UCGACGCGGUGACG,0.4344412430599955,0.3554511081079771,10,10000,991
AGGCCUUGCGUCAU,0.4340321377233877,0.5200156121538655,10,10000,991
AGACCUGGAGCCCU,0.43287109021723424,0.41019367944295204,10,10000,991
CGGCCACGACCGAU,0.4311996325217654,0.39496006212004864,10,10000,991
AGCACUGUCGCCGU,0.42718370217794527,0.3736122643971791,10,10000,991
ACAUCUCGCCCCGU,0.4240320450938431,0.4629413660831423,10,10000,991
UCGGGUCGGGUAUA,0.4237636712149862,0.4925277579099615,10,10000,991
AGCGGGAUACCGGU,0.4236096989902814,0.43923600699072857,10,10000,991
UUGAGCCCCGACGU,0.4234414287486012,0.45535046603289897,10,10000,991
GAGGGGUCACCACU,0.42330663043425104,0.4282512316531148,10,10000,991
CCGCGGUCUUCACU,0.4226979282323155,0.39692903190325524,10,10000,991
CGCCCAGCUCUCCU,0.4221865322741595,0.40229188748655964,10,10000,991
GGCCCUUCUUGCUU,0.42176170962957216,0.416307846748033,10,10000,991
UGGAUCCUGUGUGG,0.42047869506552465,0.519497462786401,10,10000,991
CCUCCCCACUCGCU,0.4203277706955949,0.3759439517336669,10,10000,991
ACCCUCAGUGGGAC,0.4195402782433952,0.42900253028000623,10,10000,991
GGGGCUACUCUGUU,0.419385886042735,0.45035032750872994,10,10000,991
GAUUGCGGGGCAGU,0.4192459303358846,0.4341840412255612,10,10000,991
CGGAUGUGCAGCCG,0.4182761305875061,0.4341322260911564,10,10000,991
GAAGGCCCAUGGCG,0.41739535298509856,0.4502725974627471,10,10000,991
AUGCCUGUGCUGCU,0.41716586839584807,0.41270671191133496,10,10000,991
CGGGGAGAGACGUU,0.4167826939185259,0.37664344782689296,10,10000,991
CGUACUGGGGCUAU,0.4165443569177759,0.4418785584497289,10,10000,991
GGCGUGUCGAUGGC,0.4163965175219008,0.40685161928998625,10,10000,991
GGUGUUUCCCUGGU,0.41567999275457757,0.3641042092039882,10,10000,991
UUGCCUUCCGCGAU,0.4150859680040414,0.4774236983681851,10,10000,991
ACCUCCUUUCCGGC,0.41420938597318424,0.3832757644994385,10,10000,991
GAUGCGUGCGAGUC,0.4138134793210777,0.39159207604863167,10,10000,991
AACUCCGCCCACCU,0.41262142998108786,0.3866178377472894,10,10000,991
UGCAUGCCGGUCUU,0.4123874768079429,0.36454464370836714,10,10000,991
GCGGGGCUACAGAA,0.41150710306926885,0.47053228181042844,10,10000,991
CUUUGUCGCCUCCC,0.4113791383010998,0.42856212147125183,10,10000,991
ACGGCGCCUCUAUU,0.4105640278932494,0.42343241256521646,10,10000,991
UCCCAGACCCGUUA,0.40816746338364884,0.33089078231764435,10,10000,991
ACUGUUCGACGCGG,0.40776646465154237,0.5334875197370357,10,10000,991
UAUGGAUCGCCCGU,0.407641441849749,0.39537456861796433,10,10000,991
CCACCGACUGGUGU,0.40754445512169185,0.3356318587588204,10,10000,991
GGAGCUGUCUGUGU,0.4043085742819291,0.4651435234221396,10,10000,991
GUAGGUCUCCGGAU,0.4041759534516977,0.3931206370230839,10,10000,991
UCUUCAUCCCCCCU,0.4024471121587996,0.36573638735236486,10,10000,991
UCACCUUCUUGGCC,0.40209777046302736,0.29816957679230177,10,10000,991
UAUGCGCCCGAUCU,0.4019638413788987,0.36832713627769975,10,10000,991
UGCGUUGUCUGUGG,0.401741875598708,0.3972399212272465,10,10000,991
UACCAUGGGCCCUU,0.40144532474222167,0.43537578486955886,10,10000,991
UGCAGGGCAUCGAA,0.3997682637560295,0.3513318108089294,10,10000,991
AGGAGUUCGUGCUU,0.39933028239006674,0.3849338575593932,10,10000,991
GCGCAGUCUGUUGU,0.3990466183253892,0.33034671803860166,10,10000,991
GGCGCAUCUAGGCU,0.3977793312021479,0.4822942811992391,10,10000,991
GAUUUGGCGUGGCU,0.39771548542345936,0.34472539435921046,10,10000,991
