{"run_id": "13:18:20-09/22/2020", "exp_name": "Random_mu=1", "model_name": "LandscapeAsModel=RNABinding_T['GAACGAGGCACAUUCCGGCUCGCCCGGCCCAUGUGAGCAUGGGCCGGACCCCGUCCGCGCGGGGCCCCCGCGCGGACGGGGGCGAGCCGGAAUGUGCCUC', 'GAGGCACAUUCCGGCUCGCCCCCGUCCGCGCGGGGGCCCCGCGCGGACGGGGUCCGGCCCGCGCGGGGCCCCCGCGCGGGAGCCGGAAUGUGCCUCGUUC']_L14", "landscape_name": "RNABinding_T['GAACGAGGCACAUUCCGGCUCGCCCGGCCCAUGUGAGCAUGGGCCGGACCCCGUCCGCGCGGGGCCCCCGCGCGGACGGGGGCGAGCCGGAAUGUGCCUC', 'GAGGCACAUUCCGGCUCGCCCCCGUCCGCGCGGGGGCCCCGCGCGGACGGGGUCCGGCCCGCGCGGGGCCCCCGCGCGGGAGCCGGAAUGUGCCUCGUUC']_L14", "rounds": 10, "sequences_batch_size": 100, "model_queries_per_batch": 1000}
sequence,model_score,true_score,round,model_cost,measurement_cost
UCUUGGGGACUUUU,,0.27879076194752395,0,0,1
UCUUGGGGACGUUC,0.3192064846970342,0.3192064846970342,1,1001,101
UCUUGGCGAUCUUU,0.2587642530490397,0.2587642530490397,1,1001,101
UCUUGUGGAAUUUC,0.2155505213307213,0.2155505213307213,1,1001,101
UCGUGGGCACUUUG,0.39255067252121456,0.39255067252121456,1,1001,101
UCUUCGGAACUUCU,0.2504220412770199,0.2504220412770199,1,1001,101
UCAUGUGUACUUGU,0.24062899648851865,0.24062899648851865,1,1001,101
UUUUGGGGACUCUU,0.3461502998633744,0.3461502998633744,1,1001,101
UCUUUGGGACUGUU,0.23324535598760288,0.23324535598760288,1,1001,101
UUUGGGGGCCUUUU,0.5415706951216871,0.5415706951216871,1,1001,101
UCUUGGGUUCUUUU,0.27736585644336004,0.27736585644336004,1,1001,101
UCGUAGGGUCAUUU,0.310553383601023,0.310553383601023,1,1001,101
CAUUUGGGACGUUU,0.2617695215671755,0.2617695215671755,1,1001,101
UCUUCGGGACUUUU,0.2666919578289982,0.2666919578289982,1,1001,101
ACUUGGGGACUUUU,0.2760963832475253,0.2760963832475253,1,1001,101
ACUUGGGAACUUUU,0.21000631852750967,0.21000631852750967,1,1001,101
ACUUGGAGACCUUU,0.20832232573887405,0.20832232573887405,1,1001,101
UCUUUUGGGCUUUU,0.2979105021085695,0.2979105021085695,1,1001,101
UCUGGGACACUUUU,0.22948875684658154,0.22948875684658154,1,1001,101
UCUUGGGGUCUUAU,0.3878354963028652,0.3878354963028652,1,1001,101
ACUUGGGCACUUUU,0.2871329863202832,0.2871329863202832,1,1001,101
UCUACGGGACUUUU,0.2640493937692585,0.2640493937692585,1,1001,101
UCUUUUGGACUUUU,0.21635366029349626,0.21635366029349626,1,1001,101
UCUUAGUGACUUUG,0.18342520151919584,0.18342520151919584,1,1001,101
UCUUAGGGACAUUU,0.27482690955754474,0.27482690955754474,1,1001,101
UCUUGGGGCCUUAU,0.45234521060964833,0.45234521060964833,1,1001,101
UCUCGGGGACUAUU,0.3192064846970342,0.3192064846970342,1,1001,101
UUUUGGUGACUUUU,0.2217424181876394,0.2217424181876394,1,1001,101
UCCUGGGGACUUUG,0.3689748177306668,0.3689748177306668,1,1001,101
UCUUGGGGAUUUUG,0.25195057655584757,0.25195057655584757,1,1001,101
UCUGGGCGACUUUU,0.37524444254555567,0.37524444254555567,1,1001,101
UCUGGGAGCCUUCC,0.4313601173451749,0.4313601173451749,1,1001,101
UCUAGGGAACUUUU,0.2113794154447114,0.2113794154447114,1,1001,101
CCUUGGGAACCUUU,0.3095429845947748,0.3095429845947748,1,1001,101
UCUUGGUGACUUAU,0.20207861374755123,0.20207861374755123,1,1001,101
UCUUGGGCACUUUU,0.2775213013524286,0.2775213013524286,1,1001,101
UCUUGGUGGCUUUU,0.2827546143375032,0.2827546143375032,1,1001,101
UAUUUGGGACUGUU,0.2508365608698207,0.2508365608698207,1,1001,101
UCGUGGGGACAUUU,0.42032352687315633,0.42032352687315633,1,1001,101
UCUUGGCCACUUUU,0.2507847331346766,0.2507847331346766,1,1001,101
ACUUGGGGACUUCU,0.3420310025643266,0.3420310025643266,1,1001,101
UCACGGGGACUUUU,0.3272896343860612,0.3272896343860612,1,1001,101
UCUUGCGGCCUUUU,0.35900042830441614,0.35900042830441614,1,1001,101
UCUCGGGGAUUUUU,0.28158877091633217,0.28158877091633217,1,1001,101
UCUUGGGAAGUUUU,0.17396896146040974,0.17396896146040974,1,1001,101
UCUUCGGGACCUUU,0.29855820925716103,0.29855820925716103,1,1001,101
GCUUGGGGACUUUC,0.40099651406789816,0.40099651406789816,1,1001,101
UCUAGGGGACUUUG,0.30715948261802806,0.30715948261802806,1,1001,101
UCUGGGGGACUUUC,0.3637415047455922,0.3637415047455922,1,1001,101
CCUGGGCGACUUUU,0.4004524497888555,0.4004524497888555,1,1001,101
GCUUGGGGACUCUU,0.45123118182873634,0.45123118182873634,1,1001,101
UCUGGGGGACUGUA,0.4284066508665588,0.4284066508665588,1,1001,101
UCGUGGGGAUUUUA,0.3799078041236461,0.3799078041236461,1,1001,101
UCUCGGGGACUCUU,0.3892604144077685,0.3892604144077685,1,1001,101
UCUUGGGUACUUGU,0.2785835023981964,0.2785835023981964,1,1001,101
GCUUGGGUACGUUU,0.32063139020119813,0.32063139020119813,1,1001,101
UCUAGGAAACUUUU,0.13166198587879063,0.13166198587879063,1,1001,101
UCUUAUGGACUUUU,0.20842595551353782,0.20842595551353782,1,1001,101
UCAUGGGGACUUAU,0.2734538191877856,0.2734538191877856,1,1001,101
ACUCAGGGAGUUUU,0.2172345078189872,0.2172345078189872,1,1001,101
UGUUGGGGACUUUA,0.31254826620779574,0.31254826620779574,1,1001,101
UCUUUGGGACUUUA,0.2274938936350637,0.2274938936350637,1,1001,101
UCUCGGGAACUUGU,0.3041542140998923,0.3041542140998923,1,1001,101
UUUUUGAGACUUUU,0.12220574884665292,0.12220574884665292,1,1001,101
UCUUGGGGGCUAUU,0.4540291777026594,0.4540291777026594,1,1001,101
UCUUGCGGACCUCU,0.4047531069085499,0.4047531069085499,1,1001,101
UCUCGGGGCCUUUU,0.4735375372336791,0.4735375372336791,1,1001,101
UCUAGGUGAAUUCU,0.22632803711900756,0.22632803711900756,1,1001,101
UCGUGAGGACGUUU,0.4149347432833887,0.4149347432833887,1,1001,101
UCUUGGCGACUUUC,0.25327185228534776,0.25327185228534776,1,1001,101
UAUUGGGGACUAUU,0.2599819116046155,0.2599819116046155,1,1001,101
UGUCGGGGACUUUU,0.3488446916582582,0.3488446916582582,1,1001,101
GCUUGGGGCCUUAU,0.5300159552822039,0.5300159552822039,1,1001,101
UCUCGGUGACUUUU,0.25174331700652003,0.25174331700652003,1,1001,101
UCUUGGGGACUUGC,0.3799078041236461,0.3799078041236461,1,1001,101
CCUUGGGGACUUAU,0.33938843850458694,0.33938843850458694,1,1001,101
UCUUGAGGACGAUU,0.2976514274248372,0.2976514274248372,1,1001,101
UCUUGCAGACUUUU,0.2329862813038706,0.2329862813038706,1,1001,101
UCAUGGCGACUUUU,0.24117304816682195,0.24117304816682195,1,1001,101
UCGAGGGGAGUUUC,0.36643589654047604,0.36643589654047604,1,1001,101
CCAUGGGGUCUUUU,0.42159298746825175,0.42159298746825175,1,1001,101
UAUUGGGGACCUUU,0.3515390577575175,0.3515390577575175,1,1001,101
UCUUGGAGACUUUU,0.15332066662528174,0.15332066662528174,1,1001,101
UCUUGGCGCCGUUU,0.39236930009982857,0.39236930009982857,1,1001,101
UCUAGGGUAGUUUU,0.23182043788269957,0.23182043788269957,1,1001,101
UCUUGGGGCCUUUC,0.44959900368035977,0.44959900368035977,1,1001,101
UCCUGGGGACUUCU,0.39052987500286385,0.39052987500286385,1,1001,101
UCUUCAGGACUUUU,0.20435847334889484,0.20435847334889484,1,1001,101
UCUUGGGGUCUUAC,0.3878354963028652,0.3878354963028652,1,1001,101
UCCUGGGGACUUUC,0.3526530865384295,0.3526530865384295,1,1001,101
ACUUGUGGAUUUUU,0.24249433649706148,0.24249433649706148,1,1001,101
UCCUGGGGACUUCU,0.39052987500286385,0.39052987500286385,1,1001,101
UUUUGGGCACUUUU,0.2775213013524286,0.2775213013524286,1,1001,101
UCUUGGGGAAUUUC,0.24117304816682195,0.24117304816682195,1,1001,101
UCUUGGAGACUGUU,0.24562914364814226,0.24562914364814226,1,1001,101
UCUUGGCGACUAUU,0.2560180592146363,0.2560180592146363,1,1001,101
UCUAUGGGACUGUU,0.27169210895390655,0.27169210895390655,1,1001,101
UCUUUUGGCCUCUU,0.3258129011467531,0.3258129011467531,1,1001,101
UCUCGGGGACUCUU,0.3892604144077685,0.3892604144077685,1,1001,101
UUUUUGAGACUUUU,0.12220574884665292,0.12220574884665292,1,1001,101
UCUGGGGGACAUUU,0.3459430403140469,0.3459430403140469,1,1001,101
UCUUGUGGAUUGUG,0.24920438272144413,0.24920438272144413,2,2002,201
UCCUGGGGACUCUG,0.4390287474414011,0.4390287474414011,2,2002,201
UCAUGACGAGUUUU,0.19526493750143192,0.19526493750143192,2,2002,201
ACUUGGGGACUUGU,0.3394920813741359,0.3394920813741359,2,2002,201
UCUUAGGGACUUUG,0.2445151214146728,0.2445151214146728,2,2002,201
UCUUGAGAACUUGU,0.15236209560125052,0.15236209560125052,2,2002,201
ACUUGGGAACGUUU,0.2118457436244744,0.2118457436244744,2,2002,201
UCUCGCGGAUUUUG,0.35296398895730596,0.35296398895730596,2,2002,201
UCUUGUGGAAUAUC,0.2155505213307213,0.2155505213307213,2,2002,201
UCAUGGGGAUUUAU,0.27070761225849704,0.27070761225849704,2,2002,201
UCGUCGGGUCAUUG,0.3685603112327511,0.3685603112327511,2,2002,201
UCUUGGGCGCUUUU,0.3056827750743445,0.3056827750743445,2,2002,201
UGUUGGAGACCUUU,0.29459435686718183,0.29459435686718183,2,2002,201
UCUUGGGUUCUUUG,0.27736585644336004,0.27736585644336004,2,2002,201
CCUUGGGAACCUUA,0.31218554865451453,0.31218554865451453,2,2002,201
ACUUGGGCACUUGU,0.33679768957925205,0.33679768957925205,2,2002,201
UGAUGCGGACUUCU,0.3488446916582582,0.3488446916582582,2,2002,201
UCUAGGUGAUUUCU,0.19938423480047968,0.19938423480047968,2,2002,201
UCAACGGGACUUGU,0.27075943999364116,0.27075943999364116,2,2002,201
UCUGGGGGACAUUA,0.3380153481348278,0.3380153481348278,2,2002,201
UGAUUUGGACUGUU,0.22612079017041942,0.22612079017041942,2,2002,201
ACUCGGGAGCUUGU,0.323325781996082,0.323325781996082,2,2002,201
UGAUGGGGCCUUUC,0.44965081881476454,0.44965081881476454,2,2002,201
UAUUGGGUUCUUUU,0.2760445681131205,0.2760445681131205,2,2002,201
UCGCGGGGGCUAUU,0.6439571721972801,0.6439571721972801,2,2002,201
UUUUGGCACCGUUU,0.34959600288588905,0.34959600288588905,2,2002,201
UCUCUUGGGCUUCU,0.3606844210930517,0.3606844210930517,2,2002,201
UAUCGGGGCCUAUU,0.46296728099472034,0.46296728099472034,2,2002,201
UCUCGGGGACUGUG,0.3892604144077685,0.3892604144077685,2,2002,201
ACUGCGGGACUUCU,0.42296609093289605,0.42296609093289605,2,2002,201
UCAGGGGGUCUUUU,0.4634336414175504,0.4634336414175504,2,2002,201
UCUCGGAGACGCUU,0.2735056338280446,0.2735056338280446,2,2002,201
ACUUUGGAACUUGU,0.23145774602504293,0.23145774602504293,2,2002,201
UUUCGGGGCCUUUU,0.4695736974444392,0.4695736974444392,2,2002,201
UCUGGGCGUCUUUU,0.3467720790055027,0.3467720790055027,2,2002,201
ACUUGGAUACCUUG,0.22759752340972747,0.22759752340972747,2,2002,201
UCUGGGGCACUGUA,0.42835484882703917,0.42835484882703917,2,2002,201
UCUCGGUGACUUAU,0.25174331700652003,0.25174331700652003,2,2002,201
UUUUUAAGACUUUU,0.10192016199071513,0.10192016199071513,2,2002,201
UUUUGGGGAUUUUG,0.25057748618608844,0.25057748618608844,2,2002,201
UCACGAGGACUUUU,0.27467146464847625,0.27467146464847625,2,2002,201
ACUUGGGUGCUUGU,0.3198023641104817,0.3198023641104817,2,2002,201
ACUCGCAGACUUUU,0.2856044510414555,0.2856044510414555,2,2002,201
UCCAGGGUAGUUUU,0.24555142014960196,0.24555142014960196,2,2002,201
UCUUGAGGACCUCU,0.2937134899464361,0.2937134899464361,2,2002,201
UCUGGCGGACAUUU,0.4284066508665588,0.4284066508665588,2,2002,201
ACUUGAGGGGUUUU,0.3124446233382468,0.3124446233382468,2,2002,201
UCUUCGGGCCCUUU,0.432318688616279,0.432318688616279,2,2002,201
UCUUGGCGCCUUUC,0.320735033070747,0.320735033070747,2,2002,201
UCUUCAGGAGUUUA,0.13873473680864223,0.13873473680864223,2,2002,201
GCUUGUGGACUAUA,0.3342069406539171,0.3342069406539171,2,2002,201
UUUGGGGACCCUUU,0.4309455851516347,0.4309455851516347,2,2002,201
UCUUCGGGCCUUUU,0.3621611417316204,0.3621611417316204,2,2002,201
UCUUUUUGACUUUU,0.10476998887350364,0.10476998887350364,2,2002,201
UCUUAGUGACUUUU,0.13889018801808045,0.13889018801808045,2,2002,201
UGUCGGAUACUUCU,0.3218490487567739,0.3218490487567739,2,2002,201
GCUUGGGUUCUUUU,0.3475752053675383,0.3475752053675383,2,2002,201
UCUUCUGGACUCUU,0.3417201258410747,0.3417201258410747,2,2002,201
UCUCUGUGACUUUU,0.2476240197074723,0.2476240197074723,2,2002,201
UCGUGGGGACGUUC,0.4715167654109529,0.4715167654109529,2,2002,201
UCUAGGCCACUUUU,0.2493080124961079,0.2493080124961079,2,2002,201
UCUUGGGGUCGUAC,0.3637415047455922,0.3637415047455922,2,2002,201
UCUUGGCGGCUAUC,0.3192064846970342,0.3192064846970342,2,2002,201
CCAUUGGGUCUUUA,0.31021657887130794,0.31021657887130794,2,2002,201
UCUUCCAGACUUUU,0.1789950211965265,0.1789950211965265,2,2002,201
ACUUCGGGACCUUU,0.29550111300388116,0.29550111300388116,2,2002,201
UCUAUGGGACUUUU,0.24407469951103328,0.24407469951103328,2,2002,201
UCAUGAGGACUUAU,0.22347822611067975,0.22347822611067975,2,2002,201
UAUUGGGUACUAUU,0.22093927922486445,0.22093927922486445,2,2002,201
UCUCGGGGAAUUUC,0.28158877091633217,0.28158877091633217,2,2002,201
UCUUGGGGGCUUGC,0.4863617764587672,0.4863617764587672,2,2002,201
UCCGGGAGACUUUU,0.30868804359248025,0.30868804359248025,2,2002,201
UCUUGGGCACUUUA,0.27482690955754474,0.27482690955754474,2,2002,201
UCGUGGACACUUUG,0.32602017379096576,0.32602017379096576,2,2002,201
UCUAGGGUUCUUUU,0.2814333260072637,0.2814333260072637,2,2002,201
CCAUAGGGUCUUUU,0.31021657887130794,0.31021657887130794,2,2002,201
UCGGGGGGACAUUG,0.3852965620177893,0.3852965620177893,2,2002,201
UAUUGGGUACUAUU,0.22093927922486445,0.22093927922486445,2,2002,201
UCUCGGCCAAUUUU,0.27956798599872085,0.27956798599872085,2,2002,201
UCGUGGGGAUGUUA,0.42301789297241565,0.42301789297241565,2,2002,201
GCUUGGGUAAGUUU,0.31418043126128714,0.31418043126128714,2,2002,201
UGUUGGUGACUUAU,0.24249433649706148,0.24249433649706148,2,2002,201
UUUGGGGACCCUUU,0.4309455851516347,0.4309455851516347,2,2002,201
UCUAGGGUAGUUAU,0.23720920837758208,0.23720920837758208,2,2002,201
CCUGGGCCACUUUU,0.36353424519626465,0.36353424519626465,2,2002,201
UCUUCAGGACUUCU,0.23474799153774967,0.23474799153774967,2,2002,201
UCUCGCGGAUUUUG,0.35296398895730596,0.35296398895730596,2,2002,201
UUGGGGGGCCUUUU,0.5415706951216871,0.5415706951216871,2,2002,201
UCGUGGGGACAUUG,0.42032352687315633,0.42032352687315633,2,2002,201
GAUUGCGGCCUUAU,0.31671936554636304,0.31671936554636304,2,2002,201
UCGAGGGGACAUUU,0.3258647162811579,0.3258647162811579,2,2002,201
UCUAGGUGAAUUGU,0.20757100796380068,0.20757100796380068,2,2002,201
UCCUUUGGCCUCUU,0.35840454889096873,0.35840454889096873,2,2002,201
UCUGGUCGACUUUU,0.2966928566478788,0.2966928566478788,2,2002,201
UCUUGCGGCCCUCU,0.4619050673482131,0.4619050673482131,2,2002,201
UCCUGGCGACUUCU,0.33526915430042437,0.33526915430042437,2,2002,201
GCUUGGGUAUGUUU,0.29495706132557786,0.29495706132557786,2,2002,201
UCUCUGGGAUUUUU,0.21941074394603677,0.21941074394603677,2,2002,201
UCUCGGCCAAUUUU,0.27956798599872085,0.27956798599872085,2,2002,201
UCUUCAAGACUUUU,0.10329325890791685,0.10329325890791685,2,2002,201
CCUGGGCCACUCUU,0.4143647918764045,0.4143647918764045,3,3003,301
UCCGGGACACUUUU,0.2861226004089201,0.2861226004089201,3,3003,301
UCAUGGGGAUCUAU,0.2994908651225413,0.2994908651225413,3,3003,301
UCAUGGCGACUGUU,0.3242843658679254,0.3242843658679254,3,3003,301
CAUUUGUGACGUUU,0.1712227610785637,0.1712227610785637,3,3003,301
UCCUGCAGACUUUU,0.30842896890874794,0.30842896890874794,3,3003,301
UCCCUUGGGCUUCU,0.42698174536239486,0.42698174536239486,3,3003,301
CCAUAGGUUCUUUU,0.21925529903696822,0.21925529903696822,3,3003,301
UCUGGGGGACUUCC,0.42159298746825175,0.42159298746825175,3,3003,301
UCUGCGCCACUUUU,0.32602017379096576,0.32602017379096576,3,3003,301
GAUUGCCGCCUUAU,0.3077294597206368,0.3077294597206368,3,3003,301
UCUUGGGGCGAUUC,0.37252416362273033,0.37252416362273033,3,3003,301
UGUCGUGUACAUUU,0.21941074394603677,0.21941074394603677,3,3003,301
CAUUUGGGACGCUU,0.30513871079530186,0.30513871079530186,3,3003,301
UCUUCGUGACCGUA,0.3089989203157322,0.3089989203157322,3,3003,301
UCGCGGGGGCUAUG,0.6439571721972801,0.6439571721972801,3,3003,301
GCAUGGGGACUUAU,0.39200660824217193,0.39200660824217193,3,3003,301
CCUGGGCCACUUUC,0.36353424519626465,0.36353424519626465,3,3003,301
ACUUUGGAACUUAU,0.15357974130901403,0.15357974130901403,3,3003,301
ACUUGGAUACCUGG,0.2715625663556767,0.2715625663556767,3,3003,301
UAAUGGGUUCUUUU,0.2760445681131205,0.2760445681131205,3,3003,301
GCUAGGGUACGUUU,0.32602017379096576,0.32602017379096576,3,3003,301
UCUCGGGCACUUUA,0.3124964384726515,0.3124964384726515,3,3003,301
UCUGGGGACCCUUU,0.4309455851516347,0.4309455851516347,3,3003,301
UUUUGGCGAUCUUU,0.24920438272144413,0.24920438272144413,3,3003,301
UCGUGGCAACAUUG,0.2716143940908209,0.2716143940908209,3,3003,301
ACUUGGGGACCUUU,0.3515390577575175,0.3515390577575175,3,3003,301
CAUUGGGGUCCUUU,0.45783759827845527,0.45783759827845527,3,3003,301
UCUUCGGCACUUUU,0.2680132461592377,0.2680132461592377,3,3003,301
UGGUUUGGGCUGUU,0.38677329525709725,0.38677329525709725,3,3003,301
UCUUAGUGAAUUUU,0.11977043500922269,0.11977043500922269,3,3003,301
UUUGAGUGAUUUUC,0.12933031793755767,0.12933031793755767,3,3003,301
UCUUGGGGGCUUGG,0.49444490045216966,0.49444490045216966,3,3003,301
UUUUGGUGACUCUU,0.2640493937692585,0.2640493937692585,3,3003,301
UCCAGUGGACGCUG,0.39876846960095935,0.39876846960095935,3,3003,301
UGGUGGGGACUAUU,0.3650627930758317,0.3650627930758317,3,3003,301
UCCCGAGGACUUUC,0.3650109653406876,0.3650109653406876,3,3003,301
UUUAGGGGCCUUUU,0.4483813708204085,0.4483813708204085,3,3003,301
UCUAGGUGACUUUU,0.20207861374755123,0.20207861374755123,3,3003,301
UCUUGGAGACAUUU,0.16430545505778066,0.16430545505778066,3,3003,301
AUUUUGAGACUUUU,0.12357884903757593,0.12357884903757593,3,3003,301
UCUCCGGGACUGUG,0.3658659194378673,0.3658659194378673,3,3003,301
UCUUGGCGGCUUUU,0.31910285492237045,0.31910285492237045,3,3003,301
UCCUUUGGCGUCUU,0.29506067849950224,0.29506067849950224,3,3003,301
UCUAGGAGACGCUU,0.20461755433299683,0.20461755433299683,3,3003,301
GCUUCAUGACUUUU,0.2252658360732397,0.2252658360732397,3,3003,301
GCUGGGAGCCUUCC,0.4818797873020628,0.4818797873020628,3,3003,301
UCUAGGUGAGUUCU,0.320735033070747,0.320735033070747,3,3003,301
UUUUGGGGACUCCU,0.417473690169204,0.417473690169204,3,3003,301
CCUUAGGGACAUUU,0.27482690955754474,0.27482690955754474,3,3003,301
UCUAGGAAACUUCU,0.168217492560428,0.168217492560428,3,3003,301
UUUUGAAGACUUUU,0.10192016199071513,0.10192016199071513,3,3003,301
UCUUAGAGACUUUU,0.11153184695856977,0.11153184695856977,3,3003,301
UCUUGGAGACUGUG,0.2349034298993756,0.2349034298993756,3,3003,301
UGUUCGUGACUUAU,0.28855789182444713,0.28855789182444713,3,3003,301
UCCCUUUGCCUCUU,0.3762548284569188,0.3762548284569188,3,3003,301
UCUAGGAAACUCUU,0.1588648757288631,0.1588648757288631,3,3003,301
UCUGGGCGUCUUUG,0.386021958333842,0.386021958333842,3,3003,301
UCUUGGGGGCUUGG,0.49444490045216966,0.49444490045216966,3,3003,301
UCUGAGUGACUUUG,0.2139183497297873,0.2139183497297873,3,3003,301
UGUCGGACACUUCU,0.33342971660272025,0.33342971660272025,3,3003,301
ACUCAGCGAGUUUU,0.2953715809183787,0.2953715809183787,3,3003,301
UCCUGGGGACAUUG,0.3434559211633757,0.3434559211633757,3,3003,301
UCUGGGCGUCUAUU,0.34254915193179125,0.34254915193179125,3,3003,301
UCGUAGGGUCAUUG,0.310553383601023,0.310553383601023,3,3003,301
UACUUUGGCCUCUU,0.3258129011467531,0.3258129011467531,3,3003,301
UGUCGGUGACUUAU,0.26980085612179766,0.26980085612179766,3,3003,301
GCAUGGGGACUUAU,0.39200660824217193,0.39200660824217193,3,3003,301
UUUUUAAGACGUUU,0.13202469688462926,0.13202469688462926,3,3003,301
UAUUGGUUACUAUU,0.15210302091751823,0.15210302091751823,3,3003,301
ACAUAGGAACUUGU,0.21122396448234604,0.21122396448234604,3,3003,301
GCUUGGGGCCUUUC,0.5272697483529154,0.5272697483529154,3,3003,301
UUUUGGUCACUUUU,0.2155505213307213,0.2155505213307213,3,3003,301
UCAUGGGGACGUUC,0.33262659024068464,0.33262659024068464,3,3003,301
UCUUUAGGCCUCUU,0.33120165904089627,0.33120165904089627,3,3003,301
UGUUGGUCACUUAU,0.2113794154447114,0.2113794154447114,3,3003,301
UCUUUCAGACCUCU,0.22687210794549278,0.22687210794549278,3,3003,301
UCGUGGGAACUUGG,0.3715655797508869,0.3715655797508869,3,3003,301
ACGUGGGGAUUUUA,0.3960740778060755,0.3960740778060755,3,3003,301
UCUCGGGUACUCUU,0.2987654562057492,0.2987654562057492,3,3003,301
UCUAGAGAAUUUAU,0.08616839165601659,0.08616839165601659,3,3003,301
UCGAGGGUAGUUUU,0.25560353962183546,0.25560353962183546,3,3003,301
UCCCGGGGACUCUU,0.44167129890040135,0.44167129890040135,3,3003,301
UCCAGGAUAGCUUU,0.237727351444677,0.237727351444677,3,3003,301
UCUUGGGUUCAUUU,0.25881606768929877,0.25881606768929877,3,3003,301
GCUCGGUGACUUCU,0.3283000202974243,0.3283000202974243,3,3003,301
UUUUGCGGAUUUUG,0.2829100592465717,0.2829100592465717,3,3003,301
UCUAGGGUAGUCAU,0.29648559660440554,0.29648559660440554,3,3003,301
UCUUCAGCACUUCU,0.21824491312560512,0.21824491312560512,3,3003,301
UCUGGCCGACAGUU,0.33330017142233265,0.33330017142233265,3,3003,301
UAUCGGGGACUUUU,0.31112333500800726,0.31112333500800726,3,3003,301
UCAUGGGGACUUUU,0.27477510751802514,0.27477510751802514,3,3003,301
UUUUGCGGAUUUUG,0.2829100592465717,0.2829100592465717,3,3003,301
UAUUGGGGACCUUG,0.38799092811704855,0.38799092811704855,3,3003,301
ACUUGCAUAGCUUG,0.2197734484044328,0.2197734484044328,3,3003,301
UCUGGAGGACAUUU,0.2906823065167222,0.2906823065167222,3,3003,301
UCUCGGCCAAGUUU,0.3280150307021139,0.3280150307021139,3,3003,301
UAAUUGGGACCGUU,0.29252174421442634,0.29252174421442634,3,3003,301
ACCUGGGAACGUUU,0.24783129235168497,0.24783129235168497,3,3003,301
UUUGCGGGCCUUUU,0.44242262272877153,0.44242262272877153,3,3003,301
UCUUGGGGCCUUGU,0.528098787538517,0.528098787538517,4,4004,401
GAUUGCCUCCUUAU,0.3454507906752632,0.3454507906752632,4,4004,401
GCUUCGGUUCUUUU,0.35021778202801734,0.35021778202801734,4,4004,401
CCGUGGGGACAUUU,0.4957661887824092,0.4957661887824092,4,4004,401
GCUAGGGGCGAUUC,0.39703266167791895,0.39703266167791895,4,4004,401
UCAUGGGUUCAUUU,0.2808374596887014,0.2808374596887014,4,4004,401
GCUUGAGGCCUUAU,0.3537153001849368,0.3537153001849368,4,4004,401
UCUUUGGGUCGUAC,0.3208386628454108,0.3208386628454108,4,4004,401
UCUAGGUAACUUUU,0.15591142209805925,0.15591142209805925,4,4004,401
UCUUAGGGACUCUG,0.31456903803052194,0.31456903803052194,4,4004,401
CGUCGGAGACCUCU,0.4040017825860339,0.4040017825860339,4,4004,401
UCUUGGAGACUUAU,0.15332066662528174,0.15332066662528174,4,4004,401
UCUUGGCUACUUUC,0.24967071744864971,0.24967071744864971,4,4004,401
ACUUGGGAGCUUGU,0.2896719206053592,0.2896719206053592,4,4004,401
UCGCGGGGACUGUG,0.5334875197370357,0.5334875197370357,4,4004,401
UGUUGCCGACUAUU,0.2532200502458281,0.2532200502458281,4,4004,401
GCUUGGGGCCUUAC,0.5300159552822039,0.5300159552822039,4,4004,401
UCUAGAGGACUUUC,0.21122396448234604,0.21122396448234604,4,4004,401
UCCUGCCGACGUCU,0.40319864362325897,0.40319864362325897,4,4004,401
UCUUGCAGACUAUU,0.2329862813038706,0.2329862813038706,4,4004,401
UCUGGAGGACAUUA,0.2827546143375032,0.2827546143375032,4,4004,401
UCUUAGAGACCGUU,0.22617260530482416,0.22617260530482416,4,4004,401
UCUGCGUGACUUUG,0.36749809758624385,0.36749809758624385,4,4004,401
UCUCUGUGAUUUUU,0.2476240197074723,0.2476240197074723,4,4004,401
UAUUGGUGACUUAU,0.1872336092471794,0.1872336092471794,4,4004,401
UCUGGACGUCUUUU,0.33425875529417615,0.33425875529417615,4,4004,401
GUUGGGGACCCUUU,0.4634336414175504,0.4634336414175504,4,4004,401
UGGUUUGGGGUGUU,0.3580936721677168,0.3580936721677168,4,4004,401
UAUUUGCAACUAUU,0.14617019219688987,0.14617019219688987,4,4004,401
ACUUGAGGACCUUU,0.2605777779231778,0.2605777779231778,4,4004,401
UCGGGCCGACAGUU,0.4211266658359313,0.4211266658359313,4,4004,401
GCUUCGUGACCGUA,0.3719800993436877,0.3719800993436877,4,4004,401
UCUUGGUGCAAUCU,0.2665883280543344,0.2665883280543344,4,4004,401
UAUAGGUUACUAUU,0.1331387191180987,0.1331387191180987,4,4004,401
UUUUGGGGACGCUU,0.31254826620779574,0.31254826620779574,4,4004,401
CAUUGGCGUCCUUU,0.3059936517975964,0.3059936517975964,4,4004,401
ACUCGCAGACUUCU,0.29881728394089335,0.29881728394089335,4,4004,401
UCUGGCCGACAUUU,0.33330017142233265,0.33330017142233265,4,4004,401
UCUUAGGGUCUUAU,0.2841795198416671,0.2841795198416671,4,4004,401
UAUUGCAGACUUUU,0.17772555405398854,0.17772555405398854,4,4004,401
UAUUUGGUAAUAUU,0.15357974130901403,0.15357974130901403,4,4004,401
UUUUGGGGAAUUUU,0.23979994470217764,0.23979994470217764,4,4004,401
UCGUUAGGCCUCUU,0.37933782702103735,0.37933782702103735,4,4004,401
UAAUGGGUUCCUUU,0.3473679584189502,0.3473679584189502,4,4004,401
CAUUUGUGACGUUC,0.19319233139611902,0.19319233139611902,4,4004,401
CAGGGGACACUGUA,0.3473679584189502,0.3473679584189502,4,4004,401
UCUUUGGGCCUUUC,0.3529121612221618,0.3529121612221618,4,4004,401
UCUCAGGGAGUUUU,0.22353004124508447,0.22353004124508447,4,4004,401
CCUUGGGGCAUUUC,0.3486892341484503,0.3486892341484503,4,4004,401
GCUUGGGCAUGUCA,0.368223506503036,0.368223506503036,4,4004,401
UUUUGAAGUCCUUU,0.19964330948421194,0.19964330948421194,4,4004,401
UCUAGAGUUUUUUU,0.13202469688462926,0.13202469688462926,4,4004,401
UCGUAGCGUCAUUG,0.2508365608698207,0.2508365608698207,4,4004,401
UCUCUUGGGCUCCU,0.4361270960971897,0.4361270960971897,4,4004,401
CCUAGCAGACUUUU,0.25866063587511534,0.25866063587511534,4,4004,401
GCUUGGGUGCUUUU,0.38117726471874147,0.38117726471874147,4,4004,401
UCUUGGUGACCUAA,0.2694381516634016,0.2694381516634016,4,4004,401
UCUGGGAAACUUUU,0.19827021256701022,0.19827021256701022,4,4004,401
UCUGGGGGACUUUU,0.3637415047455922,0.3637415047455922,4,4004,401
UCGUGUGCACUUUG,0.2788425770819287,0.2788425770819287,4,4004,401
UCUCGCGGAUUCUG,0.40394996794577487,0.40394996794577487,4,4004,401
UCUCGGCCAGUUUU,0.29182223502631516,0.29182223502631516,4,4004,401
UCUUGGGGCCUUCG,0.4985901257576806,0.4985901257576806,4,4004,401
UCGGGAGGACAUUU,0.3417201258410747,0.3417201258410747,4,4004,401
UCUAAGCCACUUUU,0.19029069265264703,0.19029069265264703,4,4004,401
UCGUGGGUACAUUG,0.32850729294163694,0.32850729294163694,4,4004,401
UCUUGGUGAGUUCU,0.31809246901100735,0.31809246901100735,4,4004,401
UCUUGGGGACUUUA,0.28550080817190665,0.28550080817190665,4,4004,401
UCUGAGGACCUUUU,0.2564584871715726,0.2564584871715726,4,4004,401
UUUGGGUGCCUUUU,0.35550291014749674,0.35550291014749674,4,4004,401
CCUUGGGGGCUUCG,0.6046554782286819,0.6046554782286819,4,4004,401
UCAUGGGGAUCGAG,0.3582491170767853,0.3582491170767853,4,4004,401
UCUUAGGGUCUUAU,0.2841795198416671,0.2841795198416671,4,4004,401
ACUUGAAGACAUCU,0.14010783372584396,0.14010783372584396,4,4004,401
UCUUGGAGGCUUUU,0.2829100592465717,0.2829100592465717,4,4004,401
UCUUUGGAAUUGUU,0.20746737164169435,0.20746737164169435,4,4004,401
UCUGAGCCACUUUU,0.27482690955754474,0.27482690955754474,4,4004,401
GCCUGGGUUCUUUG,0.3759439517336669,0.3759439517336669,4,4004,401
UGGUUCGGGCUGUA,0.43532396973515414,0.43532396973515414,4,4004,401
ACGUGGGGACCUUU,0.5078132039563005,0.5078132039563005,4,4004,401
AUUGGCGACCCUUU,0.3538707450940053,0.3538707450940053,4,4004,401
UCGUGCCCACAUUG,0.3094652676436771,0.3094652676436771,4,4004,401
CAUUGGCGUCCUUU,0.3059936517975964,0.3059936517975964,4,4004,401
UAUCCGGGACUGUU,0.33241931759647203,0.33241931759647203,4,4004,401
UUCCUUGGGCUUCU,0.3717210246599554,0.3717210246599554,4,4004,401
UCAACGGGACGUGU,0.31254826620779574,0.31254826620779574,4,4004,401
UCUUGAGGACUUUU,0.23029188950898677,0.23029188950898677,4,4004,401
ACUGGGGCACUUGU,0.43628255360699764,0.43628255360699764,4,4004,401
UCCUGGGGACUGUC,0.3742599458501462,0.3742599458501462,4,4004,401
UGAUGGGGCCUUCC,0.48568815648660957,0.48568815648660957,4,4004,401
UGGUUUGGGGUGUU,0.3580936721677168,0.3580936721677168,4,4004,401
CCUUCAGGACUUUU,0.25866063587511534,0.25866063587511534,4,4004,401
UCCUGGGGACUUAU,0.34076154196923125,0.34076154196923125,4,4004,401
GCUAGGGAACUUUU,0.28555262330631137,0.28555262330631137,4,4004,401
UCUGGGGGACUUUU,0.3637415047455922,0.3637415047455922,4,4004,401
UCUCGGCGGCAAUC,0.36353424519626465,0.36353424519626465,4,4004,401
UCUGGAGGCCAUUU,0.3417719278805944,0.3417719278805944,4,4004,401
CCGUGGGGACAUUU,0.4957661887824092,0.4957661887824092,4,4004,401
CCUUGGGCACCUUU,0.3633269851527914,0.3633269851527914,4,4004,401
CCGUGACGAGUUUU,0.30430967160970024,0.30430967160970024,4,4004,401
UGAUGGGGCCUGCC,0.5340575094403838,0.5340575094403838,5,5005,501
GGUAGAGGCGGUUC,0.389415859316837,0.389415859316837,5,5005,501
UACUGGGGAGUUUU,0.33635725507487313,0.33635725507487313,5,5005,501
GCCUGGGGACUUAU,0.3731459301641193,0.3731459301641193,5,5005,501
UCACCGGGACGUGU,0.3852965620177893,0.3852965620177893,5,5005,501
CAUAUGUGAUGCUU,0.19689710910236594,0.19689710910236594,5,5005,501
UCUUGGGGGCUUUU,0.4675010852858295,0.4675010852858295,5,5005,501
UGGCUCGGGCUGUA,0.47680189353043223,0.47680189353043223,5,5005,501
UAUUGGGGGCCUUU,0.5415706951216871,0.5415706951216871,5,5005,501
UUUAGGGUAGUUUU,0.23182043788269957,0.23182043788269957,5,5005,501
UCUUGGGGACUUCU,0.34472539435921046,0.34472539435921046,5,5005,501
UCUUCGGAACUUCC,0.28011205027776354,0.28011205027776354,5,5005,501
UGAUGUGGCCUUCC,0.3122891915240634,0.3122891915240634,5,5005,501
UCUUGGAGCCUUCC,0.32951767885300004,0.32951767885300004,5,5005,501
ACUUGGCUACUUUG,0.24254615163146623,0.24254615163146623,5,5005,501
UCCCGGGUCCUUUU,0.4361270960971897,0.4361270960971897,5,5005,501
CCUUAGGGCAUUUC,0.26749509679177313,0.26749509679177313,5,5005,501
UGAUGUGGCCUUCC,0.3122891915240634,0.3122891915240634,5,5005,501
UCGUGGGGAUUCUA,0.42835484882703917,0.42835484882703917,5,5005,501
UCCUUUGGCCUCAU,0.34477720949361523,0.34477720949361523,5,5005,501
UGUUUUGUAAUAGG,0.16614489275548477,0.16614489275548477,5,5005,501
ACUUGGGGAGUUUU,0.3020297994076172,0.3020297994076172,5,5005,501
UUAUGGGGACUUUU,0.27340200405338083,0.27340200405338083,5,5005,501
UCUAGGAGAAUUCU,0.1805235564753542,0.1805235564753542,5,5005,501
UCCCGGGGUCUCUU,0.5235131429115243,0.5235131429115243,5,5005,501
GAUUCAGGACUUCU,0.2361210884549514,0.2361210884549514,5,5005,501
UCUUGUUACAAUCU,0.17148183576229603,0.17148183576229603,5,5005,501
UCUAGGCGACUUUU,0.24798672416586837,0.24798672416586837,5,5005,501
UCUUGGGGACUUCU,0.34472539435921046,0.34472539435921046,5,5005,501
UCUUAGGGACAUUA,0.25866063587511534,0.25866063587511534,5,5005,501
UCUUGGCGACUUUU,0.25327185228534776,0.25327185228534776,5,5005,501
UCUAGGGGCCUUUU,0.4483813708204085,0.4483813708204085,5,5005,501
CAGGGGGCACUGUA,0.5307931793334009,0.5307931793334009,5,5005,501
UCUUCGUGACUUUG,0.24070672653450148,0.24070672653450148,5,5005,501
UCUUCAGAACCUGU,0.22109473043430267,0.22109473043430267,5,5005,501
UCUUGGUGACUGUG,0.305009168197072,0.305009168197072,5,5005,501
ACUGGGGCUCUUGU,0.49457447083403605,0.49457447083403605,5,5005,501
GCUUGGGUGGUUUU,0.3933797117068162,0.3933797117068162,5,5005,501
UCUUGGGGACUGUC,0.3138695419372959,0.3138695419372959,5,5005,501
UCUUGACGACUUUC,0.14935682053567223,0.14935682053567223,5,5005,501
ACUUGGGGCCUUCG,0.49726883742744105,0.49726883742744105,5,5005,501
UCUUUAGGACUCUU,0.23733874046308456,0.23733874046308456,5,5005,501
ACGUGGGAACCUUU,0.4266190535047382,0.4266190535047382,5,5005,501
UGAUGUGGCCUUCC,0.3122891915240634,0.3122891915240634,5,5005,501
UCUCGGCGACUUUC,0.3002939914845769,0.3002939914845769,5,5005,501
UCGUCGGGUCACUG,0.3864105777038161,0.3864105777038161,5,5005,501
CCUUGGGAACAUUA,0.21005812711447186,0.21005812711447186,5,5005,501
UUUUGGCGAUCUAU,0.25459314061558724,0.25459314061558724,5,5005,501
UCCUGGGGUCUCUG,0.5001704887716525,0.5001704887716525,5,5005,501
UGUGGCGGACAUUA,0.35687601361214105,0.35687601361214105,5,5005,501
UCUUUGGGACUGAU,0.24539597524053344,0.24539597524053344,5,5005,501
ACUUGAAAACAUCU,0.0974122547722478,0.0974122547722478,5,5005,501
UCUGAGCACCUUUU,0.25316823511142333,0.25316823511142333,5,5005,501
UUUGGAUGCCUUUU,0.3113306076522199,0.3113306076522199,5,5005,501
UCUUUUGGACUUGU,0.2590751423730311,0.2590751423730311,5,5005,501
GGUUGGUGACUUAU,0.31073472823877246,0.31073472823877246,5,5005,501
UCUCGGGAAUUUGU,0.22490313161484365,0.22490313161484365,5,5005,501
UCGUGGCGUCAUUG,0.28265098456283944,0.28265098456283944,5,5005,501
UCGUGUCCACAUUG,0.2913559133939947,0.2913559133939947,5,5005,501
UCUCGGGUACUUUU,0.25591442894582683,0.25591442894582683,5,5005,501
UCUCGGUGACUCAU,0.27482690955754474,0.27482690955754474,5,5005,501
UCUUUUGGACUUGU,0.2590751423730311,0.2590751423730311,5,5005,501
UUUCGGGGACGGUU,0.4313083022107701,0.4313083022107701,5,5005,501
UGGUUCGGGCUGGA,0.5250416907910914,0.5250416907910914,5,5005,501
UGUUGGGGACCUUU,0.38260217022290544,0.38260217022290544,5,5005,501
UGUCGGACACUUUU,0.3062268267526478,0.3062268267526478,5,5005,501
UCAUCGGGACUAGU,0.24005901938590996,0.24005901938590996,5,5005,501
UCUGGGGAACAUUU,0.27863531703845545,0.27863531703845545,5,5005,501
UCUUCGGGCGAUUC,0.3843897932803505,0.3843897932803505,5,5005,501
UCUCCGGGAUUUUU,0.27868713217286023,0.27868713217286023,5,5005,501
GGUUGGGUACUUUU,0.33482871979604545,0.33482871979604545,5,5005,501
UCUUGGUGGCCUUU,0.35819730194238053,0.35819730194238053,5,5005,501
GUUUGGUGACUUUU,0.23308991107853438,0.23308991107853438,5,5005,501
UCUUGUCGAUCUUU,0.21021357202354035,0.21021357202354035,5,5005,501
ACUUGGGUACUUGU,0.2785835023981964,0.2785835023981964,5,5005,501
UCACCGGGACGUUU,0.31671936554636304,0.31671936554636304,5,5005,501
UCUGGGGUUGUUUU,0.3097502446382481,0.3097502446382481,5,5005,501
UCGGGGGGACAAUA,0.3852965620177893,0.3852965620177893,5,5005,501
GCUUAGGGCCUUAU,0.4299870138805306,0.4299870138805306,5,5005,501
ACCUUUGGCCUGUU,0.30778127485504153,0.30778127485504153,5,5005,501
UCGUAGGGUCAUCU,0.3118746593305232,0.3118746593305232,5,5005,501
ACUUGAAAACAUCU,0.0974122547722478,0.0974122547722478,5,5005,501
UCUGGUCGAAUUUU,0.2553185626272645,0.2553185626272645,5,5005,501
ACUCAGCGGGUUUU,0.3544666114125676,0.3544666114125676,5,5005,501
UCUUCAGGGCAUUU,0.2452923454658697,0.2452923454658697,5,5005,501
UGUCGGGGACGUUU,0.35296398895730596,0.35296398895730596,5,5005,501
UCUUGGGGUAUUAU,0.27873895990800435,0.27873895990800435,5,5005,501
UCUGCGGCACUUUU,0.2840240880274837,0.2840240880274837,5,5005,501
UCCUGGAGACUUCU,0.24746857479840378,0.24746857479840378,5,5005,501
UCUUGGGCGCUUGC,0.41019367944295204,0.41019367944295204,5,5005,501
UCUUGGAGACUCUG,0.23378940766590617,0.23378940766590617,5,5005,501
UCUUGGCGGCCAUG,0.383871643912886,0.383871643912886,5,5005,501
UCAACGGGACAUGU,0.28881696650817945,0.28881696650817945,5,5005,501
UCCUGGGGACAAUG,0.3434559211633757,0.3434559211633757,5,5005,501
UCUUCGGGACUGUG,0.295967447236941,0.295967447236941,5,5005,501
UGAUGGGUUGCUUU,0.3073667552622407,0.3073667552622407,5,5005,501
UCUUGGGGACUUCU,0.34472539435921046,0.34472539435921046,5,5005,501
CCUGGGCCACUUUA,0.3661768218567437,0.3661768218567437,5,5005,501
UCUAGGAGACUUUU,0.13435637137330475,0.13435637137330475,5,5005,501
UUUUGGCUAUCUUC,0.3009675983618494,0.3009675983618494,5,5005,501
ACUUGAGGACCAUU,0.2434010926337608,0.2434010926337608,6,6006,601
UCUCGCGGCCCCCU,0.5609753991824185,0.5609753991824185,6,6006,601
UCCUGGGGAUCUAU,0.3366422446701835,0.3366422446701835,6,6006,601
GCUUCGUAACCGUA,0.3480415526954832,0.3480415526954832,6,6006,601
UCGUGGAGACUUUU,0.2802156674516879,0.2802156674516879,6,6006,601
UCUUGGGGGCUAAU,0.4540291777026594,0.4540291777026594,6,6006,601
ACCUGCAUAGGUUG,0.32503567709555625,0.32503567709555625,6,6006,601
UUGAGGGGACUCUU,0.3488446916582582,0.3488446916582582,6,6006,601
AUUUUGACAAUCUU,0.09699773202926214,0.09699773202926214,6,6006,601
UCUUCGGGACUUUG,0.28122607905867547,0.28122607905867547,6,6006,601
UCUCGGGGAAUUAC,0.28158877091633217,0.28158877091633217,6,6006,601
GCCAGGGUACCUUU,0.352808531447498,0.352808531447498,6,6006,601
ACAACGGGACAUGU,0.2861744024484397,0.2861744024484397,6,6006,601
UCUGGGCCACUUUU,0.3503214122968269,0.3503214122968269,6,6006,601
UAUUGGGGAUUAUU,0.23979994470217764,0.23979994470217764,6,6006,601
CCGUGGGGAGAUUU,0.4081210798850817,0.4081210798850817,6,6006,601
UCUUCAGGUCAUUU,0.18591232721730958,0.18591232721730958,6,6006,601
UCUAGGAGACGCCU,0.2628835503480875,0.2628835503480875,6,6006,601
UCUGGUGACCCCUU,0.4729934729546364,0.4729934729546364,6,6006,601
UUUUAGGGACUUUG,0.2445151214146728,0.2445151214146728,6,6006,601
UAUCGGGGCCUCUU,0.5355083429510108,0.5355083429510108,6,6006,601
CCUUAGGGUCUUUU,0.29601926237134574,0.29601926237134574,6,6006,601
CCUCGGUAACUUCU,0.23974814266265804,0.23974814266265804,6,6006,601
UCUUGGGAAGUUGU,0.22801204300252828,0.22801204300252828,6,6006,601
ACUUGGUUGCCUGG,0.31809246901100735,0.31809246901100735,6,6006,601
UCAUGGGUUGAUUU,0.3285331800695785,0.3285331800695785,6,6006,601
UCUUAGCUACUUUC,0.14458983548328774,0.14458983548328774,6,6006,601
UCUUGGAUACUUGU,0.20959178633396947,0.20959178633396947,6,6006,601
UAAUGGCUUCGUUU,0.36151346027865333,0.36151346027865333,6,6006,601
GCUCGGUUACUUCU,0.30451691855828833,0.30451691855828833,6,6006,601
CAGGGGACACUGAA,0.3069522356694399,0.3069522356694399,6,6006,601
UCGAGGCGACUCUU,0.32850729294163694,0.32850729294163694,6,6006,601
UCAAAGGGACGUGU,0.2640493937692585,0.2640493937692585,6,6006,601
CAGUGGGGACAUUU,0.34488083926827895,0.34488083926827895,6,6006,601
UCUCGGAGACUUAU,0.20720829695796206,0.20720829695796206,6,6006,601
UUUCGUGGCCUUUU,0.33521732656528025,0.33521732656528025,6,6006,601
CCUCGGUAACUUCU,0.23974814266265804,0.23974814266265804,6,6006,601
ACUUGGUAACGUUU,0.2200325230881651,0.2200325230881651,6,6006,601
UCUUCGUUACCGUA,0.3089989203157322,0.3089989203157322,6,6006,601
CCUUUGGGACUGAU,0.3016152798148164,0.3016152798148164,6,6006,601
UUGGGAUGCCUUUU,0.3274968813346493,0.3274968813346493,6,6006,601
UAUCUGCAACUAUU,0.18321794827023802,0.18321794827023802,6,6006,601
UCUUGGGACGAUUC,0.27340200405338083,0.27340200405338083,6,6006,601
GCUAGGGUACUUUU,0.27335017631823666,0.27335017631823666,6,6006,601
ACUUCGGCAUUUUU,0.2640493937692585,0.2640493937692585,6,6006,601
GAUUUUGGACUUGU,0.2836354681633638,0.2836354681633638,6,6006,601
UAGAGGGUAGUUUU,0.2331417262129391,0.2331417262129391,6,6006,601
UCUCGGUGAUUUUU,0.23948906797892572,0.23948906797892572,6,6006,601
GCCUCGGGACUUAU,0.42159298746825175,0.42159298746825175,6,6006,601
UCUUCAGGACAAUU,0.18855489127704927,0.18855489127704927,6,6006,601
ACUCGCAGACGUUU,0.3491037663419905,0.3491037663419905,6,6006,601
UGAUGGCGACUUUU,0.2384268543324185,0.2384268543324185,6,6006,601
UUUUGCGGAUUUUC,0.2829100592465717,0.2829100592465717,6,6006,601
ACUUGAGGACCAUU,0.2434010926337608,0.2434010926337608,6,6006,601
UCUUAUGGACUUGU,0.2113275942570098,0.2113275942570098,6,6006,601
UAUCGUGGCCUAUU,0.3142840484352115,0.3142840484352115,6,6006,601
UCGUGUUACAAUCU,0.20228587354395164,0.20228587354395164,6,6006,601
GCUUGGGAGCUUUU,0.3852965620177893,0.3852965620177893,6,6006,601
UCGACGGGACUGUA,0.3356318587588204,0.3356318587588204,6,6006,601
CCUGGGACACUUUA,0.27482690955754474,0.27482690955754474,6,6006,601
GCUUGGGUCUUUUU,0.3541816218172572,0.3541816218172572,6,6006,601
CCUGGGCCGCUUUU,0.4000379301960547,0.4000379301960547,6,6006,601
GCUUGCAUAGCUUG,0.27860940212687735,0.27860940212687735,6,6006,601
UUUGGGGGCCCCUU,0.6843728949467904,0.6843728949467904,6,6006,601
UCUGAGCGACUGUA,0.31868833532956964,0.31868833532956964,6,6006,601
UCUUUGGGCCUUUG,0.3727314105713185,0.3727314105713185,6,6006,601
CCUUGGGGACAUUU,0.3420828176987314,0.3420828176987314,6,6006,601
UCUGGGCGUUGAUU,0.33177163614350497,0.33177163614350497,6,6006,601
CUAUGGGGCCUGCC,0.48879709356991874,0.48879709356991874,6,6006,601
UGUCGGGGACGUUA,0.3543370793270651,0.3543370793270651,6,6006,601
UCUUGGAGCCUCUC,0.34060609706016276,0.34060609706016276,6,6006,601
AGGGUCGGGCUGUA,0.5755872609708059,0.5755872609708059,6,6006,601
UGUGGGGACCCUUU,0.5333321005235916,0.5333321005235916,6,6006,601
ACUUGGGAUCUUCU,0.24889349339745284,0.24889349339745284,6,6006,601
UCUAGGACACUUUU,0.18977254328518245,0.18977254328518245,6,6006,601
UCGUGGGGAUGUUC,0.42301789297241565,0.42301789297241565,6,6006,601
UGGUUUGUGCUGUU,0.3641042092039882,0.3641042092039882,6,6006,601
UCUCGCGGAUGUUG,0.4149347432833887,0.4149347432833887,6,6006,601
UCUUCGCGCCUUUC,0.36887118795600304,0.36887118795600304,6,6006,601
UCGCGGGGGUUAUG,0.5765976342814296,0.5765976342814296,6,6006,601
CCUGGGCGUCUUUU,0.35301579099682556,0.35301579099682556,6,6006,601
GCGUGGGUGGUUUU,0.5523482109099733,0.5523482109099733,6,6006,601
UCUUGGUGAAUUUU,0.2007055168303495,0.2007055168303495,6,6006,601
GCCUCGGGACUUAU,0.42159298746825175,0.42159298746825175,6,6006,601
CAUUUGUGACGGUU,0.25327185228534776,0.25327185228534776,6,6006,601
UGAUAGGGCCUUUC,0.3541816218172572,0.3541816218172572,6,6006,601
UAGAGGGUAGUUUU,0.2331417262129391,0.2331417262129391,6,6006,601
UUUUGGGCACUUCU,0.33679768957925205,0.33679768957925205,6,6006,601
UUUUGGGGACUCAU,0.32195267853143766,0.32195267853143766,6,6006,601
CCGUGGGGAUAUUU,0.4418785584497289,0.4418785584497289,6,6006,601
UCUUGUGGCAUAUC,0.26394576399459474,0.26394576399459474,6,6006,601
UCUCCGGGACUUUG,0.34568396563031456,0.34568396563031456,6,6006,601
UUCCUUGGGCCUCU,0.44716368656920824,0.44716368656920824,6,6006,601
UGUUGGACACUUGC,0.2991540755757233,0.2991540755757233,6,6006,601
UUUUGGUCACGUUU,0.2492561978558489,0.2492561978558489,6,6006,601
ACGUGGGAACUUGU,0.39876846960095935,0.39876846960095935,6,6006,601
GAUUCCCCCCUCAU,0.3641042092039882,0.3641042092039882,6,6006,601
UUUUGGGGACGCGU,0.39876846960095935,0.39876846960095935,6,6006,601
GCUUGGGAGCUUUU,0.3852965620177893,0.3852965620177893,6,6006,601
UCUAGAGGAUUUAU,0.1559632369853911,0.1559632369853911,6,6006,601
UCUUGGCCAUUUUU,0.2560698738548953,0.2560698738548953,7,7007,701
UUAGGAUGCGUUUU,0.2287633542301591,0.2287633542301591,7,7007,701
GGUUGCCGCCUUAU,0.42444281107731896,0.42444281107731896,7,7007,701
UAAUGGGUUCGUUU,0.2903455148818922,0.2903455148818922,7,7007,701
UGUUGAUCACUUAU,0.12547009532224224,0.12547009532224224,7,7007,701
UCGCGGGCACAUUU,0.41838045890664277,0.41838045890664277,7,7007,701
UCUUGGGAAGUUGG,0.29267718912349483,0.29267718912349483,7,7007,701
GCUGGGCGCCUUCC,0.5396276271551734,0.5396276271551734,7,7007,701
UGGUUAAGGGUGUU,0.28443859452539944,0.28443859452539944,7,7007,701
UCUGCGGACCCUUC,0.40190328280533694,0.40190328280533694,7,7007,701
UAUCGGCCAGUUUU,0.2836354681633638,0.2836354681633638,7,7007,701
UCUUUGGUACUGAU,0.2099026887528459,0.2099026887528459,7,7007,701
UCUUGGCGAUCUCU,0.28407589006700334,0.28407589006700334,7,7007,701
UUAUUGGGACCGUU,0.29938723534787753,0.29938723534787753,7,7007,701
CCAAAGGCUCGAUU,0.3009675983618494,0.3009675983618494,7,7007,701
UCUGGGGGACUGUU,0.42301789297241565,0.42301789297241565,7,7007,701
UCGUAGGGUGAUUU,0.30589002202293264,0.30589002202293264,7,7007,701
CCUUGGGGAUAUUU,0.2895164756962906,0.2895164756962906,7,7007,701
UCAGCGUGACUUUG,0.26241721562088194,0.26241721562088194,7,7007,701
ACUUGGGUACUUGC,0.31630484595356223,0.31630484595356223,7,7007,701
GCGAGGGUAGAUUU,0.37923419724637364,0.37923419724637364,7,7007,701
UCUUGGGCACUUUC,0.3098538744129119,0.3098538744129119,7,7007,701
ACUUGGAAACCUCU,0.259826466695547,0.259826466695547,7,7007,701
UCUUGUGGUCGAAU,0.28518991884791534,0.28518991884791534,7,7007,701
UAUUGGGGAUUUUG,0.25057748618608844,0.25057748618608844,7,7007,701
UUGUGGCGAUCUAU,0.26283173521368275,0.26283173521368275,7,7007,701
GCAUGGGUACUUAU,0.3479379229208195,0.3479379229208195,7,7007,701
CAGAGCAGACUUUU,0.18580869089520324,0.18580869089520324,7,7007,701
UCUUGUGGUCGAAU,0.28518991884791534,0.28518991884791534,7,7007,701
UCUGCGGACCCUUC,0.40190328280533694,0.40190328280533694,7,7007,701
UUUUGGGGACCCGU,0.4742111572058367,0.4742111572058367,7,7007,701
UUUUGCGGAUCUUG,0.31329957743542647,0.31329957743542647,7,7007,701
UAUAGGUUACGAUU,0.16974604068706795,0.16974604068706795,7,7007,701
ACUUGAGAGCUUUU,0.19938423480047968,0.19938423480047968,7,7007,701
UCGUAAGGCCUCUC,0.37933782702103735,0.37933782702103735,7,7007,701
UCUUGAGAACUAGU,0.09816357242378473,0.09816357242378473,7,7007,701
UCUUAUGGUCUUUA,0.210369016685536,0.210369016685536,7,7007,701
UUUGGGGCCCCGUU,0.6709009873636202,0.6709009873636202,7,7007,701
UGUGGGUACCCUUU,0.44283715492231174,0.44283715492231174,7,7007,701
UUUUGGUGACUCCU,0.3341551255195124,0.3341551255195124,7,7007,701
UCUCGGCGACUUUU,0.3002939914845769,0.3002939914845769,7,7007,701
UCUUAGUGUCUUAU,0.25195057655584757,0.25195057655584757,7,7007,701
UAUCCGGGACUGUG,0.3577309677093207,0.3577309677093207,7,7007,701
GCCCUUGGGCUUCU,0.5192124983925693,0.5192124983925693,7,7007,701
CGUGGAGUCCAUUU,0.3756848770499346,0.3756848770499346,7,7007,701
UCUUCAGGUCUUCU,0.2311468436061665,0.2311468436061665,7,7007,701
UGUUGUUGACUAAU,0.14951226544474072,0.14951226544474072,7,7007,701
UCGUUGACACCUUG,0.21808945561579723,0.21808945561579723,7,7007,701
UUUUCGGCACUUCU,0.33029490290419694,0.33029490290419694,7,7007,701
UCCUGGAGACUUAU,0.21951437372070054,0.21951437372070054,7,7007,701
CCGUGCGGAUAUUU,0.5388763033268033,0.5388763033268033,7,7007,701
AGGGUCGGGCUGCA,0.6240343187690841,0.6240343187690841,7,7007,701
UGGGUCGGGCUGUA,0.5865202221623065,0.5865202221623065,7,7007,701
ACGUUGGAACUUAU,0.2316131778392263,0.2316131778392263,7,7007,701
ACUUGGGCUCUUGU,0.39508960680629046,0.39508960680629046,7,7007,701
UCGGCAGGACCUUU,0.4030691136257685,0.4030691136257685,7,7007,701
CCUUGGCAACCUUA,0.2557071693964993,0.2557071693964993,7,7007,701
UCUUCGCGCCGUUU,0.37024429142064735,0.37024429142064735,7,7007,701
UGAAAGGGACAAGU,0.20207861374755123,0.20207861374755123,7,7007,701
UCUUGGCUUCUUUU,0.29031961465906553,0.29031961465906553,7,7007,701
UCUCGCUGAUUUUG,0.24915256808118513,0.24915256808118513,7,7007,701
UCUUUCAAACCUCU,0.18057537791012862,0.18057537791012862,7,7007,701
UCAGGGGGAGAAUG,0.3417719278805944,0.3417719278805944,7,7007,701
UCUUGGUGACGUAA,0.24645818888704069,0.24645818888704069,7,7007,701
UCUUCGCGCCGUUU,0.37024429142064735,0.37024429142064735,7,7007,701
ACUUGAAGGCAUCU,0.22632803711900756,0.22632803711900756,7,7007,701
UCUAAUGUACUUUU,0.1308070383290535,0.1308070383290535,7,7007,701
UCUUCAGGACGAUU,0.2532200502458281,0.2532200502458281,7,7007,701
ACUAUGGGACUUGU,0.2451887282919453,0.2451887282919453,7,7007,701
UGGUUUGGGGAGUU,0.38063320043969884,0.38063320043969884,7,7007,701
UGUUGCGAACUAUU,0.16435726994511254,0.16435726994511254,7,7007,701
UCUCGGAGACUUAC,0.20720829695796206,0.20720829695796206,7,7007,701
UUUUGGCAAUCUUU,0.22759752340972747,0.22759752340972747,7,7007,701
UCCGUUUCCCUCUU,0.38814638562685644,0.38814638562685644,7,7007,701
ACUUGGGCACCUUU,0.3218490487567739,0.3218490487567739,7,7007,701
UCUCGGGGUAUUAU,0.32052777302727375,0.32052777302727375,7,7007,701
UGUCGGGGACUAUU,0.3341032977843682,0.3341032977843682,7,7007,701
UCUUUAGGACUUUU,0.20298536988425056,0.20298536988425056,7,7007,701
UCUGCAUGAGUUUU,0.21402197950445107,0.21402197950445107,7,7007,701
UUUUGGUCACGUAU,0.24935982763051268,0.24935982763051268,7,7007,701
GCUUUGGGCCUGUC,0.43426175608864687,0.43426175608864687,7,7007,701
UCUGGGUGGCUUUU,0.391203469279397,0.391203469279397,7,7007,701
UCCUUUGGCCUCUC,0.35840454889096873,0.35840454889096873,7,7007,701
UACUGGGGACAUUG,0.2745678348738125,0.2745678348738125,7,7007,701
UUUUGGUGACUCCU,0.3341551255195124,0.3341551255195124,7,7007,701
UCUUGGGGGCCUGG,0.5698876137526715,0.5698876137526715,7,7007,701
ACGUUGGAACUUAU,0.2316131778392263,0.2316131778392263,7,7007,701
UCUCGGGGGCUUGG,0.5348606232016799,0.5348606232016799,7,7007,701
UCUUCGAGGCAUUU,0.3306835096734317,0.3306835096734317,7,7007,701
GCUUUGGGUCGUAC,0.40218824461701075,0.40218824461701075,7,7007,701
UCUUGGGGCCCGUC,0.5022690011530888,0.5022690011530888,7,7007,701
UCUUGGGGAUUCUG,0.32200449366584244,0.32200449366584244,7,7007,701
CCUUAGGGUCAUUU,0.2863557622690863,0.2863557622690863,7,7007,701
GCCCUUGGGCUUCU,0.5192124983925693,0.5192124983925693,7,7007,701
UUUUGGUCACGUAU,0.24935982763051268,0.24935982763051268,7,7007,701
GCUUGGGAACCUUU,0.37542580236620227,0.37542580236620227,7,7007,701
UCUUAUGGUCUUUA,0.210369016685536,0.210369016685536,7,7007,701
UGUCGGGGACCUUU,0.4242873666623962,0.4242873666623962,7,7007,701
UUUUGGCAAAGUUU,0.22912605868855518,0.22912605868855518,7,7007,701
ACUGGGCGACUUUU,0.38348302404876605,0.38348302404876605,7,7007,701
UGGUUUGUGCUGUA,0.35861182153518134,0.35861182153518134,8,8008,801
UGUUGGGGAGCUUU,0.4212043550033925,0.4212043550033925,8,8008,801
GCAUGGGGACUUAA,0.39200660824217193,0.39200660824217193,8,8008,801
UCACGGUGUUUUUU,0.19288144182505484,0.19288144182505484,8,8008,801
UGGAGGCGACUCUU,0.3105015558658789,0.3105015558658789,8,8008,801
GCUUGGCCAUGUGU,0.40537488605067823,0.40537488605067823,8,8008,801
ACUUUGGUAAUUGC,0.24106943099289757,0.24106943099289757,8,8008,801
AAUUGAGGACCAUU,0.22967011036685844,0.22967011036685844,8,8008,801
GCUAGAGGCCUUAU,0.33928480872992317,0.33928480872992317,8,8008,801
ACUGGGGUUGUUUU,0.3097502446382481,0.3097502446382481,8,8008,801
UCCCGGGUCUUUUU,0.3606844210930517,0.3606844210930517,8,8008,801
ACUUGGGGACGUUC,0.3179370241019388,0.3179370241019388,8,8008,801
UCGAGUGCUGUUUU,0.23044733441805532,0.23044733441805532,8,8008,801
GCGUGAGUGAUUUU,0.2701376608515128,0.2701376608515128,8,8008,801
GCAUGUGUACUUAU,0.20884047510633863,0.20884047510633863,8,8008,801
UCAACCGGCCAUGU,0.3771874974171842,0.3771874974171842,8,8008,801
UGUUUUGGGCUGGU,0.45206023361507736,0.45206023361507736,8,8008,801
ACUCGGGGACUACU,0.3179370241019388,0.3179370241019388,8,8008,801
ACUAGGGGCCCAUC,0.49566258470336994,0.49566258470336994,8,8008,801
UCGGCGUGUCUUUG,0.4106859138988385,0.4106859138988385,8,8008,801
ACUUUGGCUCUUGU,0.4071884109248163,0.4071884109248163,8,8008,801
UCUGGCAGCCUUCC,0.4580707706513488,0.4580707706513488,8,8008,801
UCUGAGCGACUCUA,0.29052686160765373,0.29052686160765373,8,8008,801
UCUCGGCCACUUUU,0.2941021072283982,0.2941021072283982,8,8008,801
UCUGUGCGUUGAUU,0.3381189779094916,0.3381189779094916,8,8008,801
CCUCGGCCACUCUU,0.3607880382669761,0.3607880382669761,8,8008,801
UGGUGUGGCCUUCC,0.4365934303302495,0.4365934303302495,8,8008,801
UCCUGUGGAUCUAA,0.3337924210611163,0.3337924210611163,8,8008,801
UGUUUUGGGCUGGU,0.45206023361507736,0.45206023361507736,8,8008,801
ACCCGCAGCCGUUU,0.4061780124127138,0.4061780124127138,8,8008,801
UCUGAGCACCUUCU,0.2939984774537344,0.2939984774537344,8,8008,801
GAGUGGGUGCUUUU,0.39480461721098015,0.39480461721098015,8,8008,801
UCUUGGGGACUUUC,0.29861001129668063,0.29861001129668063,8,8008,801
UCUGCAGACCCCUU,0.36840486632368263,0.36840486632368263,8,8008,801
UCUUUGAGCCUUUC,0.27213254345828547,0.27213254345828547,8,8008,801
UCCUUAGGCCUCUU,0.34467356662406634,0.34467356662406634,8,8008,801
UUAUAGGGACAUUA,0.25866063587511534,0.25866063587511534,8,8008,801
CCAUUGGGUCCUUA,0.3554511081079771,0.3554511081079771,8,8008,801
UGGUUCGAGCUGUA,0.3759439517336669,0.3759439517336669,8,8008,801
UCUGAGCGUCUAUU,0.2424425213626567,0.2424425213626567,8,8008,801
UCUUUUGGGCUUUA,0.3018743544985487,0.3018743544985487,8,8008,801
UCUAGAGGACGUCC,0.293687575034858,0.293687575034858,8,8008,801
GCUCGGUGACAUCU,0.2926253739890901,0.2926253739890901,8,8008,801
UCCGCGGGACUUUG,0.48498867299412296,0.48498867299412296,8,8008,801
ACUUGUAACAAUCU,0.15842445407229644,0.15842445407229644,8,8008,801
UCCCUUGGGCUUCC,0.43343270430230585,0.43343270430230585,8,8008,801
UACUUUGGCUUCUU,0.3129886750165501,0.3129886750165501,8,8008,801
UCUAGGAGACUUAU,0.13435637137330475,0.13435637137330475,8,8008,801
UCUUGUGGCCUUGC,0.4656098324537207,0.4656098324537207,8,8008,801
GCUACGUGAGUUCU,0.271536664044838,0.271536664044838,8,8008,801
UCUCAGGGUGUUUU,0.23192406765736334,0.23192406765736334,8,8008,801
UCUAGGAGACUUAU,0.13435637137330475,0.13435637137330475,8,8008,801
UCGAGUGCUGUUUU,0.23044733441805532,0.23044733441805532,8,8008,801
CCGUGAGGACAUUU,0.43918416665484505,0.43918416665484505,8,8008,801
CCUCCAGGACUUUU,0.3082216962645353,0.3082216962645353,8,8008,801
GCUCGGUGACUGCU,0.3859960712059004,0.3859960712059004,8,8008,801
UCGUGGACACUUUA,0.32602017379096576,0.32602017379096576,8,8008,801
CCUUGCAGACUAUU,0.3001903743106525,0.3001903743106525,8,8008,801
CAGAGGGGACAUUU,0.2841795198416671,0.2841795198416671,8,8008,801
ACUGCGGGACGUUU,0.4742111572058367,0.4742111572058367,8,8008,801
UCUUGGGGUCUUCC,0.4266190535047382,0.4266190535047382,8,8008,801
UCUUAGGGUCUUAC,0.2841795198416671,0.2841795198416671,8,8008,801
CCAUUGGGUCCUUA,0.3554511081079771,0.3554511081079771,8,8008,801
UAUUGGAGGCUUUU,0.2802156674516879,0.2802156674516879,8,8008,801
ACUUUGGUAAUUGC,0.24106943099289757,0.24106943099289757,8,8008,801
UGAUGUGGCCUCCC,0.3781201684654616,0.3781201684654616,8,8008,801
ACUUGAAAGCAUCU,0.14549660446779933,0.14549660446779933,8,8008,801
UUUUGGUGCAUCCU,0.31254826620779574,0.31254826620779574,8,8008,801
UCUCGACCAGGUCU,0.323636671814219,0.323636671814219,8,8008,801
UAUUGCGGAUUUUG,0.2829100592465717,0.2829100592465717,8,8008,801
UUUGGCGGAUCUUG,0.3519276902223768,0.3519276902223768,8,8008,801
UCUUAGGGACAAUA,0.1966898558534081,0.1966898558534081,8,8008,801
UGUCAGGGUGUUUU,0.26044824583767534,0.26044824583767534,8,8008,801
UCGCGGGGACUUUC,0.48996291129546526,0.48996291129546526,8,8008,801
CGUUUGUGAUGCUU,0.3286109101155613,0.3286109101155613,8,8008,801
UAUUCGGUACUAUU,0.23324535598760288,0.23324535598760288,8,8008,801
UUGUUGCACCGUUU,0.25790929895186004,0.25790929895186004,8,8008,801
UUUUGGUCCCGUUU,0.42296609093289605,0.42296609093289605,8,8008,801
ACUUGAAGGCAUGU,0.25057748618608844,0.25057748618608844,8,8008,801
CCUCGGGAACCUUU,0.35260127140402475,0.35260127140402475,8,8008,801
CCUGGGCCACUAUU,0.35692782874654577,0.35692782874654577,8,8008,801
UUAAGGGGCCUUUU,0.4483813708204085,0.4483813708204085,8,8008,801
AAUUUGCAACUAUU,0.14617019219688987,0.14617019219688987,8,8008,801
UCUAGGAGACUUAU,0.13435637137330475,0.13435637137330475,8,8008,801
ACUUGGGAGCUUCU,0.3461502998633744,0.3461502998633744,8,8008,801
UGUCGUGUAAAUUU,0.20207861374755123,0.20207861374755123,8,8008,801
CAUUGGGGUUCUUU,0.381021819809673,0.381021819809673,8,8008,801
AUUCUGUGAUUUUU,0.20060188050824318,0.20060188050824318,8,8008,801
CCUUAGGGUCUUUC,0.29601926237134574,0.29601926237134574,8,8008,801
UCGGCAGGACCUUA,0.40983096238381655,0.40983096238381655,8,8008,801
AUUGCGGGAAUUCU,0.3258129011467531,0.3258129011467531,8,8008,801
UAUCUGCAACUAGU,0.18321794827023802,0.18321794827023802,8,8008,801
UUGCUUGGGCUUCU,0.40415722749510247,0.40415722749510247,8,8008,801
UCUGGGAUGCUUCC,0.4103750240807015,0.4103750240807015,8,8008,801
UAUUUGCAACUAUC,0.14891639257873587,0.14891639257873587,8,8008,801
UUUUAGGGACAUUU,0.27482690955754474,0.27482690955754474,8,8008,801
AAUUGUGGCCUUUU,0.2748787372926889,0.2748787372926889,8,8008,801
GCUUGUGAGCUUUU,0.32526883686771046,0.32526883686771046,8,8008,801
CCGUGCGCAUAUUU,0.38545200692685777,0.38545200692685777,8,8008,801
AUUGCGGGAAUUCU,0.3258129011467531,0.3258129011467531,8,8008,801
UCUGCAGACCGCUU,0.30034581921972103,0.30034581921972103,9,9009,901
UCUUUAAGCCUUUC,0.20228587354395164,0.20228587354395164,9,9009,901
UCUUGAGAACUUGA,0.12541828043491035,0.12541828043491035,9,9009,901
AGUUGCCGCCUAAU,0.32490614501005377,0.32490614501005377,9,9009,901
ACGUGGGAAGCUUU,0.3745190205338784,0.3745190205338784,9,9009,901
UCUUGAUGCCCAAA,0.25327185228534776,0.25327185228534776,9,9009,901
GAUUCUGGACUUCU,0.33728992612315056,0.33728992612315056,9,9009,901
UCAAGGGGACGUGU,0.35296398895730596,0.35296398895730596,9,9009,901
UAAUGGCUGCGUUU,0.32063139020119813,0.32063139020119813,9,9009,901
AGGGUUGGGCUGUA,0.5216996306381256,0.5216996306381256,9,9009,901
UGUUCGCGCCGUUU,0.4273444498207909,0.4273444498207909,9,9009,901
UCUUGGGGCCAUGC,0.4660761928765507,0.4660761928765507,9,9009,901
UAUAUGCAACUAAU,0.12420062187933459,0.12420062187933459,9,9009,901
CCAUUGAGUCCUUA,0.21738995272805572,0.21738995272805572,9,9009,901
UCUUGACGACUUUU,0.14935682053567223,0.14935682053567223,9,9009,901
UCAUUGGGACCGUU,0.3295953937160857,0.3295953937160857,9,9009,901
UUAUGGUCACGUAU,0.28109653437243365,0.28109653437243365,9,9009,901
CAGGGGACACUGGA,0.36083986600212026,0.36083986600212026,9,9009,901
UUUCGUGUACAUUU,0.22347822611067975,0.22347822611067975,9,9009,901
UUGUUUGCGCUGUU,0.3799078041236461,0.3799078041236461,9,9009,901
UAUUGCGGACCGUG,0.35651330915374496,0.35651330915374496,9,9009,901
ACUUCGGGACUGCU,0.3203205134779462,0.3203205134779462,9,9009,901
UCUUCGCGCCGAUU,0.43084196797771035,0.43084196797771035,9,9009,901
UCCCGCCUUCUUUU,0.3370049491285796,0.3370049491285796,9,9009,901
UCCUGGGGGCAUUA,0.4740556866011436,0.4740556866011436,9,9009,901
UCUUACGGUCUUAC,0.22679438444695255,0.22679438444695255,9,9009,901
UCUAGGAGACGCCC,0.27676997702991263,0.27676997702991263,9,9009,901
UAUUCGGGCCUUUU,0.35687601361214105,0.35687601361214105,9,9009,901
UCUUGUGAAUUGUG,0.22511040425905632,0.22511040425905632,9,9009,901
UCCUGGCGAUCUAU,0.32459524259117734,0.32459524259117734,9,9009,901
AAUUAUGGCCUUUU,0.26125137219971095,0.26125137219971095,9,9009,901
UCUUUGGGACUGGU,0.31687481045543153,0.31687481045543153,9,9009,901
UGGUUUGGGGCGUU,0.40516761340646557,0.40516761340646557,9,9009,901
UUUUCGGGACUCUU,0.28513810371351056,0.28513810371351056,9,9009,901
UCUUGAGUACGAUU,0.17370988677667745,0.17370988677667745,9,9009,901
UGAUAGUGCCUUUC,0.3194137573412469,0.3194137573412469,9,9009,901
CCUUGGAAACCUUA,0.217726757210698,0.217726757210698,9,9009,901
UCUAGGAAAAUUCU,0.1805235564753542,0.1805235564753542,9,9009,901
GCUUGGGGACCUUC,0.4764391885778904,0.4764391885778904,9,9009,901
UACUGGGGACCUUG,0.38799092811704855,0.38799092811704855,9,9009,901
UCUUGUGGCCAUCU,0.2958638174622772,0.2958638174622772,9,9009,901
UGUGGCCGACAUUU,0.3177815791928703,0.3177815791928703,9,9009,901
ACUGUGGCUCUUGU,0.3775502170584774,0.3775502170584774,9,9009,901
UCUUGGGGAAUUGC,0.323325781996082,0.323325781996082,9,9009,901
UCUGGAGGACAGUA,0.27482690955754474,0.27482690955754474,9,9009,901
GCUACGUGAGUUCC,0.2939984774537344,0.2939984774537344,9,9009,901
UCUGUGCGACUUUU,0.35296398895730596,0.35296398895730596,9,9009,901
ACGUAGGGUCAUCU,0.3296731237620686,0.3296731237620686,9,9009,901
UCUCCGGAACUGAC,0.30039763435412575,0.30039763435412575,9,9009,901
UCUCGCCGAUGUUG,0.3428082266155235,0.3428082266155235,9,9009,901
CCUUGGGAACAUUC,0.23710557860291834,0.23710557860291834,9,9009,901
UCCUGGAGAUCUUU,0.19088657206609447,0.19088657206609447,9,9009,901
UGUUGUUGAGUAAU,0.1675179896726865,0.1675179896726865,9,9009,901
GUUUAGGGACUCAU,0.25412680638252744,0.25412680638252744,9,9009,901
UCGUUGGGCCUCUU,0.4843668933578489,0.4843668933578489,9,9009,901
UCUGGAGGAUAUUA,0.230188259734323,0.230188259734323,9,9009,901
GCUUGGCGACUCUU,0.359777652355613,0.359777652355613,9,9009,901
UCCUGGCGCAUUCU,0.4337954344563264,0.4337954344563264,9,9009,901
UCUUAGGGACUCAG,0.24863441871372052,0.24863441871372052,9,9009,901
UCUUGGAGGCUUCU,0.3488446916582582,0.3488446916582582,9,9009,901
UCUGUGGAAUUGUU,0.20624972593393084,0.20624972593393084,9,9009,901
UCUUGGUGACUUCU,0.23135410970293657,0.23135410970293657,9,9009,901
UCUUGUAGCUUCUU,0.2468727084798415,0.2468727084798415,9,9009,901
UCAUGAGGACAUAU,0.27272840977684776,0.27272840977684776,9,9009,901
CAUUUGGGACUCUU,0.33923300669040357,0.33923300669040357,9,9009,901
UCAUGGUGACUUAU,0.2158095960144536,0.2158095960144536,9,9009,901
ACUUGGAUACCUUA,0.20562794654472963,0.20562794654472963,9,9009,901
UCUAAUACACUUAU,0.07010573502397514,0.07010573502397514,9,9009,901
ACUGUGGCUCUUGU,0.3775502170584774,0.3775502170584774,9,9009,901
UGGUGAGGACUAUU,0.2976514274248372,0.2976514274248372,9,9009,901
CAUUUGGGACUCUU,0.33923300669040357,0.33923300669040357,9,9009,901
UCCCGGGGACUUUU,0.4000379301960547,0.4000379301960547,9,9009,901
UCUUGGGGCCAUGC,0.4660761928765507,0.4660761928765507,9,9009,901
UCUAGGACACUUCU,0.23441118680803452,0.23441118680803452,9,9009,901
GCUCGGGGACAUCU,0.40537488605067823,0.40537488605067823,9,9009,901
GCUUGGGUUGCUUA,0.341979200524807,0.341979200524807,9,9009,901
UCUUCAGAACCGGU,0.22500676138950743,0.22500676138950743,9,9009,901
CAGGGGGCACGGAA,0.4968802175633212,0.4968802175633212,9,9009,901
UCGUUAGGCCCCUU,0.46016928512079724,0.46016928512079724,9,9009,901
UAGAGGGUAGGUUU,0.2683759380168944,0.2683759380168944,9,9009,901
UUCGGGGGCGUUUU,0.48599907150622546,0.48599907150622546,9,9009,901
GUUUGCGGCCUUAU,0.421489357693588,0.421489357693588,9,9009,901
UCUUCGUAACCGUA,0.30487963611156954,0.30487963611156954,9,9009,901
UCUGGGGGAGUUUU,0.4048308086767504,0.4048308086767504,9,9009,901
UCUAGCACACUUUU,0.18321794827023802,0.18321794827023802,9,9009,901
CAUGGGCGGACUUU,0.4306865104679024,0.4306865104679024,9,9009,901
UCUCCGAGACUUAU,0.23267538543243674,0.23267538543243674,9,9009,901
ACUUGAAGGCAUAU,0.2775213013524286,0.2775213013524286,9,9009,901
UCUUAGGGAUAUUA,0.20746737164169435,0.20746737164169435,9,9009,901
UCUAGGGUAGUGAG,0.29827321966185066,0.29827321966185066,9,9009,901
AAUUGGGGCCUUCG,0.49726883742744105,0.49726883742744105,9,9009,901
UGAUUGGGACAUUA,0.23441118680803452,0.23441118680803452,9,9009,901
UGUCGAGGACCUUU,0.27537097383658743,0.27537097383658743,9,9009,901
UCUUGGUUUAUUUU,0.18744086904357982,0.18744086904357982,9,9009,901
UCUUGGAUACUUCU,0.17894319976175205,0.17894319976175205,9,9009,901
UUGCUUGGGCUUCA,0.40685161928998625,0.40685161928998625,9,9009,901
UCUGGUCGUCUUUU,0.3517204154901521,0.3517204154901521,9,9009,901
UCUCGUGACCCCUU,0.41146314053219313,0.41146314053219313,9,9009,901
GCUUCGUGCCCGUA,0.4907401353466621,0.4907401353466621,9,9009,901
ACUGCAGACCCCUU,0.3479120100972535,0.3479120100972535,9,9009,901
UGUGGCCGACAUGU,0.34223827520853933,0.34223827520853933,10,10010,1001
UUUGGGUGCAUUUU,0.315242632307055,0.315242632307055,10,10010,1001
UCUCCCAGACUUAU,0.26583700373181846,0.26583700373181846,10,10010,1001
UGUUGCGGACUAUU,0.34488083926827895,0.34488083926827895,10,10010,1001
UGUUUAGGCCUCUU,0.33532095633994397,0.33532095633994397,10,10010,1001
UCAUGGCAACUGUG,0.3063822585668312,0.3063822585668312,10,10010,1001
ACGCAGGAACUUGU,0.3082216962645353,0.3082216962645353,10,10010,1001
CCUGGGCGUCUUGU,0.4296761371572787,0.4296761371572787,10,10010,1001
CAUUGGAGGCUUGU,0.3119523867943483,0.3119523867943483,10,10010,1001
UUUUGGGGAGGCUU,0.3613580153695848,0.3613580153695848,10,10010,1001
GCUUAGGGCCUGAU,0.4365934303302495,0.4365934303302495,10,10010,1001
UCCCUUCGGCGUCU,0.4095978131243897,0.4095978131243897,10,10010,1001
ACAUGGGCUCUUGU,0.4458942385748522,0.4458942385748522,10,10010,1001
GCUACUUGAGUCCU,0.29384303254466587,0.29384303254466587,10,10010,1001
ACCCGCAGCCGCUU,0.43242233099168215,0.43242233099168215,10,10010,1001
UCUUGCGAAGUUGU,0.2502147817276924,0.2502147817276924,10,10010,1001
ACUCGACCAGGUCU,0.3371603940376481,0.3371603940376481,10,10010,1001
UUUUAGUCACUUCU,0.14280222552072774,0.14280222552072774,10,10010,1001
CUUGGAGUCCAUUU,0.2759409383384568,0.2759409383384568,10,10010,1001
UAUUCGUUACUAUU,0.14458983548328774,0.14458983548328774,10,10010,1001
UUUGGGGACUCUUU,0.3501141522533536,0.3501141522533536,10,10010,1001
UGAUUGAGACAUUA,0.14212862494382497,0.14212862494382497,10,10010,1001
AGGGUCCGCCUGCA,0.5205856018572137,0.5205856018572137,10,10010,1001
UAUAGGGUAGGUUU,0.2739201534208454,0.2739201534208454,10,10010,1001
UCUUUUGGUCUCUU,0.2584015611913831,0.2584015611913831,10,10010,1001
UGUUGUUGACAAAU,0.15938302509632768,0.15938302509632768,10,10010,1001
UCGGCAUGACCCUA,0.44325166191437315,0.44325166191437315,10,10010,1001
GGGUUUGUGCUGUU,0.37462266340342737,0.37462266340342737,10,10010,1001
UACUGUGGAGUUUU,0.21127578567004762,0.21127578567004762,10,10010,1001
UUCCGGCGCAUUCU,0.45016896818222907,0.45016896818222907,10,10010,1001
UGUCGGGGACUUUA,0.35555472528190146,0.35555472528190146,10,10010,1001
GCUGGGCCCCUUCC,0.621106767202046,0.621106767202046,10,10010,1001
UGAUGUGGACGCCA,0.3516427006270664,0.3516427006270664,10,10010,1001
CCAUAGGAUAUUUU,0.1670516488921841,0.1670516488921841,10,10010,1001
UCUCCGCGAGUUUU,0.3580936721677168,0.3580936721677168,10,10010,1001
ACUUGGAAGCAUCU,0.1832697568572002,0.1832697568572002,10,10010,1001
ACUUUGGCUCUCGU,0.43361407672369184,0.43361407672369184,10,10010,1001
UCGGGGGUACAUUG,0.40685161928998625,0.40685161928998625,10,10010,1001
UUUGGGGAUCCUUU,0.360943495776784,0.360943495776784,10,10010,1001
UCUGGACGACUUUU,0.2611477550257866,0.2611477550257866,10,10010,1001
UCAUGGGGACCUUU,0.3488446916582582,0.3488446916582582,10,10010,1001
ACUUGGGCACUUUA,0.2858116979900437,0.2858116979900437,10,10010,1001
UGAUCGCGCCGUUU,0.36734265267717536,0.36734265267717536,10,10010,1001
UCUUCUAGACUUUC,0.13023707407425703,0.13023707407425703,10,10010,1001
UACUGGGGACCGUG,0.4122403771841294,0.4122403771841294,10,10010,1001
UAUUCAGGACUUUU,0.21122396448234604,0.21122396448234604,10,10010,1001
ACUCGCAGACGUCU,0.38617741584364984,0.38617741584364984,10,10010,1001
ACUUCGGAACUUCU,0.2504220412770199,0.2504220412770199,10,10010,1001
UCUCGCGGUUUUUU,0.30145984800063297,0.30145984800063297,10,10010,1001
CCGCGGGGAGAUUU,0.4593143310236175,0.4593143310236175,10,10010,1001
CCAUUGAGUUCUUU,0.17920227444548437,0.17920227444548437,10,10010,1001
GCAUGGGGGCUUAA,0.5846808096660812,0.5846808096660812,10,10010,1001
CAGGGGACACCGUA,0.4066443466457736,0.4066443466457736,10,10010,1001
CGGGGGGCACGGAA,0.560534990373664,0.560534990373664,10,10010,1001
UCUUCGGAACUUUU,0.20482480758195468,0.20482480758195468,10,10010,1001
UAUUGGGGUUUUUG,0.33490643674714315,0.33490643674714315,10,10010,1001
UCUUUUGGUCUCUU,0.2584015611913831,0.2584015611913831,10,10010,1001
UUUUGGUCUCGUAU,0.3502695971624221,0.3502695971624221,10,10010,1001
ACUUGGGGACCUUA,0.3582491170767853,0.3582491170767853,10,10010,1001
UCUUCUAGACUUUC,0.13023707407425703,0.13023707407425703,10,10010,1001
UGGUGGGGCCCUUU,0.5876083507203917,0.5876083507203917,10,10010,1001
ACUUGGGUUCUUGA,0.31171921442145467,0.31171921442145467,10,10010,1001
CAGAGGGAACAUUU,0.27182164103940903,0.27182164103940903,10,10010,1001
GAUUCCCGGCUCAU,0.4326295779402703,0.4326295779402703,10,10010,1001
UCCUGUACACUUUA,0.2113275942570098,0.2113275942570098,10,10010,1001
UAUCGGGCACUUUA,0.2979105021085695,0.2979105021085695,10,10010,1001
ACGUUGGAACUUUU,0.23029188950898677,0.23029188950898677,10,10010,1001
UCUGACCGACAGUU,0.19938423480047968,0.19938423480047968,10,10010,1001
UUUUUUAGACUUUU,0.10192016199071513,0.10192016199071513,10,10010,1001
UUUUGGGCACUUUG,0.2853971783972429,0.2853971783972429,10,10010,1001
ACUGUUGCUCUUGU,0.3449844690429428,0.3449844690429428,10,10010,1001
UCUGGCCGACAAUU,0.33330017142233265,0.33330017142233265,10,10010,1001
ACUUGCAUAACUUG,0.17518661346854292,0.17518661346854292,10,10010,1001
UCAACGGAACGUGU,0.32744507929512967,0.32744507929512967,10,10010,1001
UGUUCGCGCCGUUA,0.4341063242744635,0.4341063242744635,10,10010,1001
UCUUAGGGUCAUAU,0.254644955749992,0.254644955749992,10,10010,1001
UCUUCCUGACUUUG,0.21376290482071877,0.21376290482071877,10,10010,1001
ACGUGGGCACUUGU,0.40537488605067823,0.40537488605067823,10,10010,1001
ACUAGGAGAAUUAU,0.10523632007991504,0.10523632007991504,10,10010,1001
UCGUUGUAACAUUG,0.14544478958046744,0.14544478958046744,10,10010,1001
CCUUGGGUGCUUCG,0.41066001417015763,0.41066001417015763,10,10010,1001
ACUGGGGCUAUUGU,0.3820840208554408,0.3820840208554408,10,10010,1001
ACUUCGGCACCUUU,0.3379635203996837,0.3379635203996837,10,10010,1001
UCUUGAGGACCAUU,0.24202800226400165,0.24202800226400165,10,10010,1001
GUGUUUGCGCUGUU,0.36643589654047604,0.36643589654047604,10,10010,1001
UGUUUUGGGCUGUU,0.367109477722124,0.367109477722124,10,10010,1001
AUGCUUGGGCUGCU,0.4300388290149354,0.4300388290149354,10,10010,1001
UCUUGGGGACAUAU,0.2680132461592377,0.2680132461592377,10,10010,1001
UUUUGGUCAGAUAU,0.21422923930085147,0.21422923930085147,10,10010,1001
CGUCGCAGACCUCU,0.32254855794488513,0.32254855794488513,10,10010,1001
UCCUGGGAAAAAUG,0.22744206589991955,0.22744206589991955,10,10010,1001
AAUUCAGGAGUUUA,0.14290584899502184,0.14290584899502184,10,10010,1001
ACUUCGGUAUUUUU,0.21285614238364975,0.21285614238364975,10,10010,1001
UCUGGGUGGCAUUU,0.3590781431675018,0.3590781431675018,10,10010,1001
UCUCGGGCGCUUUU,0.35286034608775707,0.35286034608775707,10,10010,1001
UCUCGGGGAUUAUU,0.28158877091633217,0.28158877091633217,10,10010,1001
UCUCUGUGGCGUUU,0.34508808621686715,0.34508808621686715,10,10010,1001
UGACUGGCUGCUUU,0.3626792910990849,0.3626792910990849,10,10010,1001
CCGCCAGGACUUUU,0.39068531991193234,0.39068531991193234,10,10010,1001
UCUUUGGGCCUCUU,0.41472749633480055,0.41472749633480055,10,10010,1001
