{"run_id": "19:06:19-09/21/2020", "exp_name": "CbAS_Q=0.9_generator=VAE", "model_name": "LandscapeAsModel=RNABinding_T['GAACGAGGCACAUUCCGGCUCGCCCGGCCCAUGUGAGCAUGGGCCGGACCCCGUCCGCGCGGGGCCCCCGCGCGGACGGGGGCGAGCCGGAAUGUGCCUC', 'GAGGCACAUUCCGGCUCGCCCCCGUCCGCGCGGGGGCCCCGCGCGGACGGGGUCCGGCCCGCGCGGGGCCCCCGCGCGGGAGCCGGAAUGUGCCUCGUUC']_L14", "landscape_name": "RNABinding_T['GAACGAGGCACAUUCCGGCUCGCCCGGCCCAUGUGAGCAUGGGCCGGACCCCGUCCGCGCGGGGCCCCCGCGCGGACGGGGGCGAGCCGGAAUGUGCCUC', 'GAGGCACAUUCCGGCUCGCCCCCGUCCGCGCGGGGGCCCCGCGCGGACGGGGUCCGGCCCGCGCGGGGCCCCCGCGCGGGAGCCGGAAUGUGCCUCGUUC']_L14", "rounds": 10, "sequences_batch_size": 100, "model_queries_per_batch": 1000}
sequence,model_score,true_score,round,model_cost,measurement_cost
UCUUGGGGACUUUU,,0.27879076194752395,0,0,1
UCUGUCCGCGCGGC,0.7301774012860682,0.7301774012860682,1,1000,100
GUCCGGCUGGCCCG,0.6675589272106546,0.6675589272106546,1,1000,100
GGGCCUCAGGGCUG,0.586442506805075,0.586442506805075,1,1000,100
GUUCCGCACGGACC,0.5611049548755334,0.5611049548755334,1,1000,100
GCUCCGUCUGCUUG,0.5346533888538312,0.5346533888538312,1,1000,100
GUCCCAGGUGGACC,0.5296791505524888,0.5296791505524888,1,1000,100
UCUGUCCCGUCUGC,0.5229172634980769,0.5229172634980769,1,1000,100
CCCGUAUGGGUGGC,0.5219845950319573,0.5219845950319573,1,1000,100
AGGAACCCGCGUCU,0.5103003100120864,0.5103003100120864,1,1000,100
UGACGGGGUUGCGA,0.5039011531116951,0.5039011531116951,1,1000,100
GUUCCGUCUGCACG,0.4971911073814583,0.4971911073814583,1,1000,100
UGACGUCCGUGGGA,0.4957661887824092,0.4957661887824092,1,1000,100
GAUCCGUCUGCACG,0.4888488825145533,0.4888488825145533,1,1000,100
GUUCCGUAUGGACG,0.4857658970453198,0.4857658970453198,1,1000,100
UGUCGGGGCUACCC,0.48247565362062517,0.48247565362062517,1,1000,100
GUCCGAGCUGGAAC,0.47970354487464356,0.47970354487464356,1,1000,100
GCCCUAUCUUCGCG,0.4788485907774639,0.4788485907774639,1,1000,100
CCCGUCAAUGCGUC,0.47690554900072046,0.47690554900072046,1,1000,100
GUCCUAAGUGGACC,0.47573967988392496,0.47573967988392496,1,1000,100
UGGACCCCCGUUAU,0.4712058755928158,0.4712058755928158,1,1000,100
GUCCGAUGUGGAGC,0.4711022463122978,0.4711022463122978,1,1000,100
GUUCCGUCGCGACG,0.4705582072347339,0.4705582072347339,1,1000,100
GUGGUACAUGCCCC,0.4701436619463086,0.4701436619463086,1,1000,100
CCUGUAAUCGGGGC,0.4682524091141997,0.4682524091141997,1,1000,100
GUGGCAACCGCCGC,0.4634854303621849,0.4634854303621849,1,1000,100
CCGGUAACCGUGAC,0.46081696657376425,0.46081696657376425,1,1000,100
CCCGUAAGUGCAAC,0.46073924962266655,0.46073924962266655,1,1000,100
GUACAUCAGGCUCG,0.4583039325115151,0.4583039325115151,1,1000,100
CCCGUAACUGCGUC,0.45804485782778276,0.45804485782778276,1,1000,100
GCGAGCUUCGGGAU,0.45804485782778276,0.45804485782778276,1,1000,100
CCGGUACCGGGGAC,0.45630907560036693,0.45630907560036693,1,1000,100
ACGGUCUGAGCGGC,0.45535046603289897,0.45535046603289897,1,1000,100
CUCGCAUGGACACG,0.45535046603289897,0.45535046603289897,1,1000,100
GCGGUAACUGCGUC,0.4536146838054831,0.4536146838054831,1,1000,100
GCCACCCCUCGCUU,0.4536146838054831,0.4536146838054831,1,1000,100
AUUCCGCGGGCACG,0.45345922629567526,0.45345922629567526,1,1000,100
GUCCGAGGUGGACC,0.4513866262436591,0.4513866262436591,1,1000,100
GGGCCACCUGAACG,0.4500912528249977,0.4500912528249977,1,1000,100
GCCCUACAAGCGGC,0.44441750582968986,0.44441750582968986,1,1000,100
GUUCCGUCGGCACG,0.4406091104553729,0.4406091104553729,1,1000,100
GCCCGAGCUCGACC,0.4395987119432704,0.4395987119432704,1,1000,100
GUGCGAGGUCGACA,0.43794063357206714,0.43794063357206714,1,1000,100
CUUCCGUCGGGAUG,0.4371374946092922,0.4371374946092922,1,1000,100
CCCGUCAAGACGCC,0.43648982625121024,0.43648982625121024,1,1000,100
AGGCAGGGGUGACA,0.43617891123159447,0.43617891123159447,1,1000,100
GGUCCUCCUGCACG,0.43617891123159447,0.43617891123159447,1,1000,100
UCCGUGUGCGUCAC,0.435116722786566,0.435116722786566,1,1000,100
UCGAGCUCGCCGAU,0.43488354832566034,0.43488354832566034,1,1000,100
AGGAUCUCUGGCCG,0.4341063242744635,0.4341063242744635,1,1000,100
CUUGAAUGUGCCGC,0.4337954344563264,0.4337954344563264,1,1000,100
GCUCCUUCUGCACC,0.43325137017728377,0.43325137017728377,1,1000,100
GCCGCCUCGGCAUC,0.43283683748959784,0.43283683748959784,1,1000,100
GGGAACUCUGCUUU,0.43200779879814194,0.43200779879814194,1,1000,100
GCCGUAAAUGCCUC,0.4298315820663472,0.4298315820663472,1,1000,100
GCUGGAAAUGGCUC,0.4298315820663472,0.4298315820663472,1,1000,100
GCGCCUUGGGCACG,0.42962432202287393,0.42962432202287393,1,1000,100
CCUCCAAACGCGGU,0.42952067964747076,0.42952067964747076,1,1000,100
GCUCCAACUGGACA,0.4293134200981432,0.4293134200981432,1,1000,100
UGAUAUGUCUGCGC,0.4292616049637385,0.4292616049637385,1,1000,100
GCCGUAGCUGCGUC,0.42845847860170294,0.42845847860170294,1,1000,100
GCCGUAAGUGCGUC,0.42845847860170294,0.42845847860170294,1,1000,100
GCGGUAUCUGCGAC,0.4284066508665588,0.4284066508665588,1,1000,100
GCCGUAAUUGCCCC,0.42749990782474456,0.42749990782474456,1,1000,100
GCGGUAACCGUGAC,0.42667086863914294,0.42667086863914294,1,1000,100
GUCCCAACUGGACC,0.4266190535047382,0.4266190535047382,1,1000,100
UGGACCUCUGCGAU,0.42452054112330184,0.42452054112330184,1,1000,100
GCGGUUCGGGAUAA,0.42301789297241565,0.42301789297241565,1,1000,100
ACUCCUCCGGCACC,0.4218002344168399,0.4218002344168399,1,1000,100
UGACCGCGCUGUGA,0.42071213364239113,0.42071213364239113,1,1000,100
GCGGUAACUGCGAC,0.41858770634937664,0.41858770634937664,1,1000,100
GGUCCUUCGGUACG,0.41768095021267726,0.41768095021267726,1,1000,100
UGACCGCGCUACGA,0.4176291350782725,0.4176291350782725,1,1000,100
AGGGUAAGGGUGAC,0.41744778835251106,0.41744778835251106,1,1000,100
GGGACCUCGAGUAU,0.41610059979944486,0.41610059979944486,1,1000,100
UAACGUCCGUGACC,0.4149347432833887,0.4149347432833887,1,1000,100
UGUAAGCCCCGUAA,0.4149347432833887,0.4149347432833887,1,1000,100
AUUCCGCGAGCGCA,0.4134580357397052,0.4134580357397052,1,1000,100
CCCGUACCUGCUGC,0.41330257822989724,0.41330257822989724,1,1000,100
ACCGUACACGCCCC,0.41244762413271757,0.41244762413271757,1,1000,100
GCUCUAGCUGCGAC,0.4111263484032174,0.4111263484032174,1,1000,100
UGACCGCGCUACGC,0.41060819903575285,0.41060819903575285,1,1000,100
CUGCCUCCGGUACU,0.40964961516390935,0.40964961516390935,1,1000,100
CCGUUAAGUGCGUC,0.4095459853892456,0.4095459853892456,1,1000,100
CCGGUAAAUGCGUC,0.40918328093084955,0.40918328093084955,1,1000,100
GUCCCAGGUCGACC,0.4087687739387881,0.4087687739387881,1,1000,100
GAGCCACGGGGACC,0.40848378434347776,0.40848378434347776,1,1000,100
GUUGUAAGUGCCUC,0.4082765247941502,0.4082765247941502,1,1000,100
GCGGUAUCAGCGCC,0.4081728950194864,0.4081728950194864,1,1000,100
GCCGUAACUGCGUC,0.4080174501104179,0.4080174501104179,1,1000,100
CCCGUAAAUGUGGC,0.40685161928998625,0.40685161928998625,1,1000,100
CGGGUAAGUGCGUC,0.40685161928998625,0.40685161928998625,1,1000,100
GUCGGAUCGGCUAC,0.40638527196204133,0.40638527196204133,1,1000,100
AGGACGUCUGAGCU,0.40415722749510247,0.40415722749510247,1,1000,100
GUUCCUUCUGCACG,0.40371680608560867,0.40371680608560867,1,1000,100
GUUCCUUUGGGACG,0.4035354609537135,0.4035354609537135,1,1000,100
CUUCCUUCGGCUCG,0.4017219103839509,0.4017219103839509,1,1000,100
GUCCUAGCUGGAUC,0.40099651406789816,0.40099651406789816,1,1000,100
CCGAAGUCCGUGAU,0.40029700487978703,0.40029700487978703,1,1000,100
GACGCAACUGCCGC,0.3998565703754081,0.3998565703754081,1,1000,100
CGCCGGCCGAGCCC,0.613412222194242,0.613412222194242,2,2000,199
UGCGGCACGGGCCC,0.5771416985604724,0.5771416985604724,2,2000,199
UGCAGGCCGUCCCC,0.5587473678103647,0.5587473678103647,2,2000,199
UGCGGCGCGAGCCC,0.5550426027048572,0.5550426027048572,2,2000,199
GGGCGGCCGAGCAC,0.548488001389543,0.548488001389543,2,2000,199
UGCGGUCGGAGCCC,0.5482548416173888,0.5482548416173888,2,2000,199
UGCUGGCCGUGCCC,0.548177111571406,0.548177111571406,2,2000,199
CGCUCCUGGUGCGC,0.5466226487802608,0.5466226487802608,2,2000,199
UGCGGGGAGAGUCG,0.5412079649676664,0.5412079649676664,2,2000,199
CGGGACUCCGUCGC,0.5379436348606836,0.5379436348606836,2,2000,199
UGCUGUCCGUGCCC,0.5308449682780353,0.5308449682780353,2,2000,199
GGCGAUGAGGGCCC,0.5307931793334009,0.5307931793334009,2,2000,199
CGCUGGUUGUGCCC,0.5227100039487493,0.5227100039487493,2,2000,199
UGCGGUCCGUGCAG,0.5191088691120513,0.5191088691120513,2,2000,199
UGGGGCGGAGUCGC,0.5168031223827662,0.5168031223827662,2,2000,199
UGCUGUGCGAGCUG,0.5113884238814204,0.5113884238814204,2,2000,199
UGGGCUGCAAGCGG,0.5091862812311745,0.5091862812311745,2,2000,199
UGCUCGCCGUGCCC,0.5068546195903113,0.5068546195903113,2,2000,199
UGCGUUGGGCUCAU,0.5060773955391143,0.5060773955391143,2,2000,199
CGCGGAGGGCACAA,0.5038493641670606,0.5038493641670606,2,2000,199
CGCGGGUAUAGCCC,0.5031239290604983,0.5031239290604983,2,2000,199
UGCUGGCUGUGCCC,0.4985123957116978,0.4985123957116978,2,2000,199
UCACAGGCCCUGCU,0.49846058057729303,0.49846058057729303,2,2000,199
UGCUAUGGCCUCGC,0.49846058057729303,0.49846058057729303,2,2000,199
CGCGGACCGAGGUC,0.496232523015469,0.496232523015469,2,2000,199
UGCUCGCGGAGCCC,0.4943412963731304,0.4943412963731304,2,2000,199
CGCAGGUCGAGCCG,0.4921132388113064,0.4921132388113064,2,2000,199
UGCUGUGGGAGCCA,0.4919059792619789,0.4919059792619789,2,2000,199
UGCGGGACGAGCGA,0.49149145917503234,0.49149145917503234,2,2000,199
UGCGGUGGAGGCGC,0.4912323844913,0.4912323844913,2,2000,199
UGCUGGAGGAGCCC,0.4911546806350875,0.4911546806350875,2,2000,199
UGCUCGCGGAGCCA,0.4892634278029786,0.4892634278029786,2,2000,199
UGGCGCGGAAUCCC,0.48874527843551396,0.48874527843551396,2,2000,199
UGCGACGGAGGCGC,0.48858980783082095,0.48858980783082095,2,2000,199
UGCAGGCGGAGCCC,0.48690584073780985,0.48690584073780985,2,2000,199
UGCGGUUCAUGCGC,0.4861027017750349,0.4861027017750349,2,2000,199
UGCGCGUCGUGCCC,0.48599907150622546,0.48599907150622546,2,2000,199
UGAGGGCGGAGUCC,0.48519593254345045,0.48519593254345045,2,2000,199
UGCAAGGGGUACCC,0.4833564948457464,0.4833564948457464,2,2000,199
UGCUCGCGGUGCCA,0.4823979366695274,0.4823979366695274,2,2000,199
UGCAUGGGGUGCUA,0.4820352065155068,0.4820352065155068,2,2000,199
UGCACGCGGAGCCC,0.48177613183177453,0.48177613183177453,2,2000,199
UGCAGGGCGAACCG,0.4816466128411572,0.4816466128411572,2,2000,199
GGGUACGGACUCGC,0.4798848920945508,0.4798848920945508,2,2000,199
UGCGCGGAGAGCAA,0.4789263208234467,0.4789263208234467,2,2000,199
UGCGGUUGGAGCCG,0.4775532173588024,0.4775532173588024,2,2000,199
UGCGACGUGCGCGC,0.4771646236844528,0.4771646236844528,2,2000,199
UGCGGUUUGUGCCG,0.4770091530797598,0.4770091530797598,2,2000,199
UGCGACGCAGGCCC,0.47690554900072046,0.47690554900072046,2,2000,199
UGCUGGUUGAGCCC,0.4764650888007171,0.4764650888007171,2,2000,199
UGCCGCGGAUGCCC,0.4742111572058367,0.4742111572058367,2,2000,199
UGUCCUGCAGUGGU,0.47278623860678765,0.47278623860678765,2,2000,199
UGCGGUCCGAGCGC,0.4725789790574601,0.4725789790574601,2,2000,199
GCUGAGGCGCUGCA,0.4715167654109529,0.4715167654109529,2,2000,199
UGCUUUGCGAGCCA,0.4707654415825827,0.4707654415825827,2,2000,199
CGCUGGUCGCGCCA,0.4688741887504738,0.4688741887504738,2,2000,199
ACGGACGGGUUGAU,0.46744927015142473,0.46744927015142473,2,2000,199
AGCAGGCGGAGCCA,0.4647549045463112,0.4647549045463112,2,2000,199
CGGGACGGAGUCGC,0.4636927161012827,0.4636927161012827,2,2000,199
UGCAGGCCGUACCC,0.46182735297927313,0.46182735297927313,2,2000,199
UGCUGGUAGAGCCG,0.46097240939482076,0.46097240939482076,2,2000,199
UCGCAGGCGAGUUG,0.4597806400551986,0.4597806400551986,2,2000,199
UGCGGCGCAUGCCC,0.45871843900943077,0.45871843900943077,2,2000,199
UGCACGUGGAGCCC,0.45804485782778276,0.45804485782778276,2,2000,199
CGCGGUAGGAGCCA,0.45747489332591346,0.45747489332591346,2,2000,199
UCGCAGGGCAUCGC,0.4537182878845224,0.4537182878845224,2,2000,199
UGCUGUUCGUGCCC,0.4527079145738987,0.4527079145738987,2,2000,199
UGCGCGUCGUGCCU,0.4525524701589759,0.4525524701589759,2,2000,199
UGCGGCGCAAGCGC,0.4522933954752436,0.4522933954752436,2,2000,199
UGCGCUGGACUCGU,0.4520343207915113,0.4520343207915113,2,2000,199
GCGUAGGCAAGGCC,0.45177524610777897,0.45177524610777897,2,2000,199
UGUUAUGCGCCCCC,0.45117936669433156,0.45117936669433156,2,2000,199
UGCGGUGCAAGCGC,0.450972107145004,0.450972107145004,2,2000,199
UGCUCGCCGAACCC,0.4503244125971519,0.4503244125971519,2,2000,199
UGCUGUCCGAGCCC,0.4502725974627471,0.4502725974627471,2,2000,199
UGCGACGGACGUAA,0.4499617338343803,0.4499617338343803,2,2000,199
GCGGAGGCGCACAG,0.4499617338343803,0.4499617338343803,2,2000,199
UGCGGUGGAAUCGC,0.44726734203949653,0.44726734203949653,2,2000,199
UGUUCGCGGUGCCA,0.44716368656920824,0.44716368656920824,2,2000,199
UGCUCGCUGAGCCC,0.4467750928948586,0.4467750928948586,2,2000,199
UGCGGUGGAAGCCC,0.44457295024461274,0.44457295024461274,2,2000,199
UGCGGUCUGAGCCU,0.44452113511020797,0.44452113511020797,2,2000,199
UGCACGUGGUGCCU,0.44366618101302824,0.44366618101302824,2,2000,199
UCAUGGGCGGUCCG,0.44361437946765436,0.44361437946765436,2,2000,199
UGGGACGGAGUCGC,0.44218946086860533,0.44218946086860533,2,2000,199
UUCCGGCUUUUCAC,0.44198221392001713,0.44198221392001713,2,2000,199
UCCGAGCCCAUCCU,0.44112724722209806,0.44112724722209806,2,2000,199
UGCGCCCGACUCGC,0.43970232862304903,0.43970232862304903,2,2000,199
UCCUGGUCUCUGCU,0.4389769323069963,0.4389769323069963,2,2000,199
UGCGAUGCCCUCAU,0.438717857623264,0.438717857623264,2,2000,199
UGCGAUGGAGGCGC,0.438717857623264,0.438717857623264,2,2000,199
UGCCAUGACGGGCC,0.4386142152478608,0.4386142152478608,2,2000,199
AUACAGGCCGGCGG,0.43817379334422135,0.43817379334422135,2,2000,199
UGCUUGCGGUGCCC,0.4376038419372371,0.4376038419372371,2,2000,199
UGCAGGCGGUGCCC,0.4375520016013536,0.4375520016013536,2,2000,199
UAGGACGGAGUCGC,0.43680068987957704,0.43680068987957704,2,2000,199
AACAGGCCGAGCCU,0.4366452454646543,0.4366452454646543,2,2000,199
UCGCAUGGGAUCCA,0.4365934303302495,0.4365934303302495,2,2000,199
UGCCGUAGGAGCCA,0.433199555042879,0.433199555042879,2,2000,199
CGCGAGGCCCUGCG,0.6735953791585041,0.6735953791585041,3,3000,298
UCCGGUUCGCCGGU,0.597660441914843,0.597660441914843,3,3000,298
UCCUUUGCGCGGAU,0.5690585745670699,0.5690585745670699,3,3000,298
GCGGAUGGGCUCAU,0.5447832362840355,0.5447832362840355,3,3000,298
UCCGAUGGCCUCGC,0.525559840158556,0.525559840158556,3,3000,298
GCGUCGGGUCCGAU,0.5239276881999496,0.5239276881999496,3,3000,298
AACAGGUGCCCCCG,0.5186943490251048,0.5186943490251048,3,3000,298
UCCCACGCGCUGAC,0.5116734134767308,0.5116734134767308,3,3000,298
GCGGGGCGAAAGGC,0.5047561072088749,0.5047561072088749,3,3000,298
GGUCCGUGCAAGCG,0.5044711176135646,0.5044711176135646,3,3000,298
UCCGGCUGACUCGU,0.5041602277954275,0.5041602277954275,3,3000,298
UUCUGUCCGCUCGU,0.5039011531116951,0.5039011531116951,3,3000,298
UGGGACGAGCUGAU,0.5027353353861487,0.5027353353861487,3,3000,298
UCCAAUGCCCCGCG,0.49973005377312774,0.49973005377312774,3,3000,298
UCCGAUGCGAGGGU,0.4985123957116978,0.4985123957116978,3,3000,298
UCCCGUGCGCUGAU,0.4952998545493493,0.4952998545493493,3,3000,298
UCGGUUGCCCGGCU,0.49439308531776494,0.49439308531776494,3,3000,298
UUUAGGGCUUCGCU,0.4903774565838906,0.4903774565838906,3,3000,298
GCCGCUCCGCUCGA,0.4867762955574223,0.4867762955574223,3,3000,298
UCCGAUGGGGUCAC,0.4823979366695274,0.4823979366695274,3,3000,298
CCGCAUCCCCUGCU,0.4813616379345982,0.4813616379345982,3,3000,298
UCGGAGGGGCUCAU,0.48076575852115083,0.48076575852115083,3,3000,298
UACCCUGUGCUGAU,0.47812318186067176,0.47812318186067176,3,3000,298
UAGGGGUCUAUGCU,0.47283805374119237,0.47283805374119237,3,3000,298
UCCGAUGCCCUGCU,0.46897784422076205,0.46897784422076205,3,3000,298
UCCGACGCCCUCAA,0.46858921175590285,0.46858921175590285,3,3000,298
UCGCUCUCGCUGAU,0.460091542474075,0.460091542474075,3,3000,298
UCGCAGGCCCUCAU,0.4587443544151546,0.4587443544151546,3,3000,298
UCCUAGGGGCUCAU,0.45356286867107837,0.45356286867107837,3,3000,298
UGCGAUGGGCUCAC,0.45351102833519485,0.45351102833519485,3,3000,298
UGCUAGGCUCUGCU,0.4526560742380151,0.4526560742380151,3,3000,298
UCCGAUGGGCUGAC,0.4499098934984968,0.4499098934984968,3,3000,298
UCUGGCGCGCUAGU,0.4476818485374122,0.4476818485374122,3,3000,298
UCUCAGUCGCCCCU,0.4468268944402325,0.4468268944402325,3,3000,298
UCCCGCUACCUGCU,0.44237082068925193,0.44237082068925193,3,3000,298
UGGGACGGAGUCGC,0.44218946086860533,0.44218946086860533,3,3000,298
GCUGAUGAGGGCAC,0.43887328993159314,0.43887328993159314,3,3000,298
UCCGAUGGGCUCAC,0.43765564397675677,0.43765564397675677,3,3000,298
UGCGCUGGACUCAC,0.437033852233889,0.437033852233889,3,3000,298
UGCGACGCGCUGAC,0.43690432014838654,0.43690432014838654,3,3000,298
CGGAAGGAGCUGGU,0.4365934303302495,0.4365934303302495,3,3000,298
ACGGAGUGACGCCU,0.4337954344563264,0.4337954344563264,3,3000,298
GGCACGUGACAGCG,0.4337954344563264,0.4337954344563264,3,3000,298
GCUGGGUCAAAGCU,0.4326295779402703,0.4326295779402703,3,3000,298
UCGCAGGCGCCGAU,0.4325777628058656,0.4325777628058656,3,3000,298
UUCGCGCCCAACCU,0.43193008184704423,0.43193008184704423,3,3000,298
UCGAAGGCGCGGAU,0.4311010426614426,0.4311010426614426,3,3000,298
UCCCAUGCGAGGAU,0.43084196797771035,0.43084196797771035,3,3000,298
CGCCCGUGAAAGCG,0.43040154656821655,0.43040154656821655,3,3000,298
UGGACCCGAGAGCC,0.42889891310608186,0.42889891310608186,3,3000,298
UCCCAUCCGCUGAU,0.42845847860170294,0.42845847860170294,3,3000,298
CCCGACGCGUUUAC,0.4284066508665588,0.4284066508665588,3,3000,298
CGGCUGUCGAUGCU,0.42599726176187047,0.42599726176187047,3,3000,298
CCCGACGCCAUGGC,0.42418373639358664,0.42418373639358664,3,3000,298
UCCCAUGCGCUGAU,0.42286244806334716,0.42286244806334716,3,3000,298
UGCCGCUCUUCGCU,0.4208934913750257,0.4208934913750257,3,3000,298
UCCGAUGCGCUCGC,0.42032352687315633,0.42032352687315633,3,3000,298
UGUGAGGCAUGGCU,0.41858770634937664,0.41858770634937664,3,3000,298
UGCGACGGACUCGU,0.41853589121497187,0.41853589121497187,3,3000,298
UCGGAGGCGCUGAU,0.4176291350782725,0.4176291350782725,3,3000,298
UCCGAUCGGGUCAC,0.41527154801310384,0.41527154801310384,3,3000,298
UCGUUGCCGAUCCU,0.41423525979090203,0.41423525979090203,3,3000,298
UGCCAGGCGAAGCU,0.4136393803774546,0.4136393803774546,3,3000,298
UCCUAGGCUCUCCU,0.4123958220931979,0.4123958220931979,3,3000,298
UCCAAGCGCUACGG,0.4119813025003971,0.4119813025003971,3,3000,298
UCUGAUCCGUUCGC,0.4095459853892456,0.4095459853892456,3,3000,298
UCCCCGGUGAAUGU,0.40928691070551326,0.40928691070551326,3,3000,298
UCCAAGGCCGUCCU,0.4091573786200108,0.4091573786200108,3,3000,298
GGGAGGCGAUACUA,0.40907966375692517,0.40907966375692517,3,3000,298
UCCGAUCCGCUCUC,0.4084319697032187,0.4084319697032187,3,3000,298
UCUCAGCCUCUGCU,0.4080174501104179,0.4080174501104179,3,3000,298
GGCUGGUGAAACCG,0.4071624960132382,0.4071624960132382,3,3000,298
CGCACGUCCACGUU,0.4061002954616161,0.4061002954616161,3,3000,298
UUCCAGGCGCUGCU,0.4055303309597468,0.4055303309597468,3,3000,298
UGCAAGGCGUCGCU,0.40415722749510247,0.40415722749510247,3,3000,298
CAUUGUCCGCUGCU,0.40415722749510247,0.40415722749510247,3,3000,298
UCUCAGGCCCUGAU,0.40415722749510247,0.40415722749510247,3,3000,298
GCGCCGGCGAUUAC,0.40273232199093856,0.40273232199093856,3,3000,298
UGGGAGGCGAAUGC,0.40252504934672584,0.40252504934672584,3,3000,298
ACCAGUGGGAGGAU,0.4022141726234739,0.4022141726234739,3,3000,298
UCUGUGAGCCUGGC,0.4016182932100265,0.4016182932100265,3,3000,298
UCGCAGGCCAUGCU,0.4014628357002187,0.4014628357002187,3,3000,298
UCUGGCGGAGUCAU,0.39840576514256326,0.39840576514256326,3,3000,298
UAGUUGCCGUCGCA,0.3978098857291158,0.3978098857291158,3,3000,298
UCAUAGGCGAGGCU,0.3977062559544521,0.3977062559544521,3,3000,298
UCUCUGGUGCUGCU,0.3975508110453836,0.3975508110453836,3,3000,298
UCCGAUGCGCUGCU,0.3971881065869875,0.3971881065869875,3,3000,298
UCCGAGGCGCUCAU,0.3969808465435142,0.3969808465435142,3,3000,298
UCCGAUCCGCUAAU,0.3960740778060755,0.3960740778060755,3,3000,298
UCGGAUGGAGGAAC,0.39597044803141174,0.39597044803141174,3,3000,298
UCGCAGGGUACGCU,0.39454554252724783,0.39454554252724783,3,3000,298
UGGUAUGCCCUGAU,0.3937424035644729,0.3937424035644729,3,3000,298
UCGUAGGCGCGAAU,0.3933797117068162,0.3933797117068162,3,3000,298
UCCGACGACCUCGC,0.3932242541970083,0.3932242541970083,3,3000,298
UCCCAGGCCUUGAU,0.3916957058232955,0.3916957058232955,3,3000,298
UACGGCGGACUAAC,0.39068531991193234,0.39068531991193234,3,3000,298
UGGGAUGUGUUCAU,0.3906335047775276,0.3906335047775276,3,3000,298
UCCGACUGGGUCAC,0.39027080031913153,0.39027080031913153,3,3000,298
GGACAGGGACUGAU,0.39003763845896533,0.39003763845896533,3,3000,298
UGCGGGGUCACGCG,0.6134899522402247,0.6134899522402247,4,4000,397
GCCAAGUGCGGGGU,0.5805096589362648,0.5805096589362648,4,4000,397
UUCGCGGGGACUCC,0.571208902082911,0.571208902082911,4,4000,397
UGGGCGGCGGGAAA,0.559317332312234,0.559317332312234,4,4000,397
GGCCCCGGCAACCU,0.5494983999016455,0.5494983999016455,4,4000,397
ACCCUGUUCUCGCU,0.5361300963975146,0.5361300963975146,4,4000,397
UGCGCGGCUACGCG,0.528098787538517,0.528098787538517,4,4000,397
GUGCGCGGACACCG,0.5223473251859778,0.5223473251859778,4,4000,397
GGGCUGGAAGACCU,0.519963823209231,0.519963823209231,4,4000,397
UGGACUCGGGUCCA,0.518538904610182,0.518538904610182,4,4000,397
ACACGGGCCGAGCU,0.5147822991687909,0.5147822991687909,4,4000,397
UCCCUGUGUGAGCG,0.5062846298869632,0.5062846298869632,4,4000,397
GCCCCGGUCAAGCU,0.5035643745717503,0.5035643745717503,4,4000,397
UCCCAGUCCACGCU,0.5013622319215044,0.5013622319215044,4,4000,397
UUGCAGGAGGCCCU,0.5011549723721769,0.5011549723721769,4,4000,397
UGCAUCGGGGGGCU,0.5011549723721769,0.5011549723721769,4,4000,397
UGCAUGGGUGAGCU,0.5006109080931341,0.5006109080931341,4,4000,397
UCCCGGGACUCCCG,0.4978388009410189,0.4978388009410189,4,4000,397
UGCGAGGCGCCCAC,0.4977351716605009,0.4977351716605009,4,4000,397
ACCCCGUGUUAGCG,0.49693203269772596,0.49693203269772596,4,4000,397
GGCCCGGUCAUGCA,0.4960252634661415,0.4960252634661415,4,4000,397
UGGUGUCCGUGCCA,0.49555892923308165,0.49555892923308165,4,4000,397
UCCCCGGCGACGCU,0.49550711409867687,0.49550711409867687,4,4000,397
UACGGGGUCACUCG,0.49545529896427215,0.49545529896427215,4,4000,397
GCCAUGUGCGAGCU,0.4930717969875254,0.4930717969875254,4,4000,397
UGGCAUGCGAGCCA,0.4912064695797219,0.4912064695797219,4,4000,397
UGCCUGGUGAGGCG,0.4911028402992039,0.4911028402992039,4,4000,397
GGCCUCUGAGUCGA,0.48721673055594694,0.48721673055594694,4,4000,397
UAACAGGUGAGCCG,0.4863617764587672,0.4863617764587672,4,4000,397
UGGCCUCCGGUCAG,0.48219067712019986,0.48219067712019986,4,4000,397
ACCCUGCACGAGCC,0.4798330769601461,0.4798330769601461,4,4000,397
UACCCGGCUACGCU,0.4785377009593268,0.4785377009593268,4,4000,397
UAGGAGGGCACCCA,0.47690554900072046,0.47690554900072046,4,4000,397
UGCUAUCCGUGCGA,0.47532518598674867,0.47532518598674867,4,4000,397
UGCACGGGGCAGGU,0.4751179002476509,0.4751179002476509,4,4000,397
GCCAGCUCCCAGCG,0.47322666051042717,0.47322666051042717,4,4000,397
GCCAUGCGAGACGG,0.4729416840100019,0.4729416840100019,4,4000,397
GCCCUGUGUUUCCU,0.4698845872625763,0.4698845872625763,4,4000,397
UGCACGUGGGUGCC,0.4675010852858295,0.4675010852858295,4,4000,397
UCGACUGCGUGGAG,0.4661279818211852,0.4661279818211852,4,4000,397
UCGAUGCGGGAGCG,0.4661279818211852,0.4661279818211852,4,4000,397
AUCACGGGAGAGCC,0.46522123877937105,0.46522123877937105,4,4000,397
GCCCAGUUUCCGCU,0.4651176085105615,0.4651176085105615,4,4000,397
AUCGGGGGAUAGCU,0.46408130977563233,0.46408130977563233,4,4000,397
GUCAAGGCCCAGCU,0.4632004407668745,0.4632004407668745,4,4000,397
UGGAAUGCGAGCCA,0.4631227263979346,0.4631227263979346,4,4000,397
UGCCCGGGCACGCU,0.46283774940336364,0.46283774940336364,4,4000,397
UGGAGUCCGCGUAG,0.4615942037198463,0.4615942037198463,4,4000,397
UGCCCCUGAAAGCU,0.46130921412453596,0.46130921412453596,4,4000,397
UCGCUGGCCACGCU,0.45825211737711036,0.45825211737711036,4,4000,397
UUUAGGCCCACGCU,0.45535046603289897,0.45535046603289897,4,4000,397
UUACGGGCGACGCU,0.45475458661945156,0.45475458661945156,4,4000,397
GUACUGUCCACGCU,0.4541846483073525,0.4541846483073525,4,4000,397
GUUCGGUCGAUGCU,0.4537182983972497,0.4537182983972497,4,4000,397
CUCUUGGCUUCGCG,0.45366649893988786,0.45366649893988786,4,4000,397
UGGAGGGUUCAGCG,0.4526560742380151,0.4526560742380151,4,4000,397
UCCCCCGGCAAGCU,0.4522933954752436,0.4522933954752436,4,4000,397
GCCAAGUUUGUGCU,0.4516457009273914,0.4516457009273914,4,4000,397
UCCAAGCUUCCGCC,0.45060940219246226,0.45060940219246226,4,4000,397
UGCCUGUUCACGCU,0.4499617338343803,0.4499617338343803,4,4000,397
UGCAUGGGCUAGCU,0.44957310136952106,0.44957310136952106,4,4000,397
GCUCCGGCUAAGCU,0.4473709461185358,0.4473709461185358,4,4000,397
GGCACGGCUACUCU,0.445946053709257,0.445946053709257,4,4000,397
UGCCGGGUUACGCG,0.44462476537901746,0.44462476537901746,4,4000,397
GGCCCCUAUAAGCU,0.4441584180510725,0.4441584180510725,4,4000,397
UUUCUGGCGACGCU,0.44314803164556366,0.44314803164556366,4,4000,397
UCCCUGUCCUUACG,0.44208581799905644,0.44208581799905644,4,4000,397
UGCAAUGCGAGCCA,0.4397541437574538,0.4397541437574538,4,4000,397
GCACACGGUACGCU,0.43700796301793543,0.43700796301793543,4,4000,397
UCCCUGGCGACGCU,0.43623073847259286,0.43623073847259286,4,4000,397
UUCCUGUCUAUGCU,0.4355830444188864,0.4355830444188864,4,4000,397
UGCACCUGUCAGCG,0.4344690156379744,0.4344690156379744,4,4000,397
GUCACGCGGUAGGG,0.4340545091400587,0.4340545091400587,4,4000,397
ACCGAGGUCUCCCG,0.43281093776091695,0.43281093776091695,4,4000,397
GUUCGGUUUUCGCU,0.432655480251109,0.432655480251109,4,4000,397
UUCGAGGCCACCCG,0.43185236648981284,0.43185236648981284,4,4000,397
GGCCUCUAUACGCU,0.4307901528433056,0.4307901528433056,4,4000,397
GCCCUGGUUAAGCU,0.4306606212519488,0.4306606212519488,4,4000,397
UCCCAGGCAACGCG,0.4294170624735464,0.4294170624735464,4,4000,397
UCCGAGGUCACCCG,0.42856212147125183,0.42856212147125183,4,4000,397
UCCAUCGGUGAGCC,0.4285102937361077,0.4285102937361077,4,4000,397
UGCCUUGCGGUCAC,0.4281475761828265,0.4281475761828265,4,4000,397
GGCAACGCGGUCAA,0.4281475761828265,0.4281475761828265,4,4000,397
CUCCCGUAGACGAU,0.4278885014990942,0.4278885014990942,4,4000,397
UUCCAGGCUACGCU,0.4273444498207909,0.4273444498207909,4,4000,397
AGCCUGGGUAAGCU,0.42490913270963937,0.42490913270963937,4,4000,397
GGUCUGGACACGCU,0.4248055160298608,0.4248055160298608,4,4000,397
GGCGAGGUGUCACG,0.42449462621172374,0.42449462621172374,4,4000,397
CGCCAGGUUUCGCU,0.42301789297241565,0.42301789297241565,4,4000,397
GUCCUGGCUACGCU,0.4206344166912934,0.4206344166912934,4,4000,397
UCCCUGUUAACGCU,0.42053077382174453,0.42053077382174453,4,4000,397
CUUCUGGCCACGCU,0.42016806936334844,0.42016806936334844,4,4000,397
UUUCUGGCCACGCU,0.42016806936334844,0.42016806936334844,4,4000,397
UGGUGUCCGGGAGG,0.42006445218942406,0.42006445218942406,4,4000,397
AUCAUGUGAGGCCC,0.4191576703571002,0.4191576703571002,4,4000,397
UGCCGGGUCAAACG,0.41905404058243645,0.41905404058243645,4,4000,397
UUCCGGUCUUAGCU,0.41809546931133235,0.41809546931133235,4,4000,397
UAAUGGGCAACGCU,0.4176291350782725,0.4176291350782725,4,4000,397
CUUCUGUUCACGCU,0.41550472038599745,0.41550472038599745,4,4000,397
AGCCUCGGGCGGAG,0.6200186386439608,0.6200186386439608,5,5000,496
CUGCGUCAGGGGGC,0.6073498700235657,0.6073498700235657,5,5000,496
CGCCGGGCGCGUCA,0.6030492255046107,0.6030492255046107,5,5000,496
GGCCGGGCUUGGCA,0.6012097878069066,0.6012097878069066,5,5000,496
CUGCGUCCGCGUUU,0.5781261821609968,0.5781261821609968,5,5000,496
UGCCGGGCCUGUCA,0.5762349555186581,0.5762349555186581,5,5000,496
UGCGGGGCAUGCCG,0.5679963609205627,0.5679963609205627,5,5000,496
CUGUGUCGGGGGAC,0.5657683033587386,0.5657683033587386,5,5000,496
CUCCGUCGACGGGA,0.561649019154576,0.561649019154576,5,5000,496
CGCAGGGCUUGGCG,0.5554570966020335,0.5554570966020335,5,5000,496
GCUGUCGCCUCCGC,0.5455345349109268,0.5455345349109268,5,5000,496
UGCAGGGCCUGGCA,0.5442650869165709,0.5442650869165709,5,5000,496
CUGCGUCGAUGGGU,0.5415706951216871,0.5415706951216871,5,5000,496
AGCAGGGCCCAGCA,0.5385654135086662,0.5385654135086662,5,5000,496
CUGUGUCGACGGGC,0.5307931793334009,0.5307931793334009,5,5000,496
UGCCGGGCAUGUCA,0.5272438334413373,0.5272438334413373,5,5000,496
UACUGGGCCUGGCU,0.5260261753799074,0.5260261753799074,5,5000,496
CUGUGUCGGCGGGU,0.5254043957436332,0.5254043957436332,5,5000,496
UGCGAGGCCUGGCA,0.5253007654748236,0.5253007654748236,5,5000,496
UGGGAUGCCUCGCA,0.5200156121538655,0.5200156121538655,5,5000,496
UGGGACGCCUCGCA,0.5200156121538655,0.5200156121538655,5,5000,496
GCCAACGCGCGAGA,0.5179689401083126,0.5179689401083126,5,5000,496
CGCUAGGCGGGCUA,0.5176321353785975,0.5176321353785975,5,5000,496
UGCAGGCCCGGGCA,0.5159481682855864,0.5159481682855864,5,5000,496
AGCAGGUCCCGGCA,0.5146268799553468,0.5146268799553468,5,5000,496
CUGCGUCGACGGAC,0.5146268799553468,0.5146268799553468,5,5000,496
CUGAGUCCGCGUGU,0.5107666442451463,0.5107666442451463,5,5000,496
UGCCGGAGGUGGCA,0.5092380963655793,0.5092380963655793,5,5000,496
GCUUUCGCCGCGAC,0.5073727689577758,0.5073727689577758,5,5000,496
GGGUAGGCUUGCCG,0.5047301922972968,0.5047301922972968,5,5000,496
UGUGGGGGAACUUA,0.5011549723721769,0.5011549723721769,5,5000,496
UGGGCUUCACGCAA,0.49846058057729303,0.49846058057729303,5,5000,496
UGCCAGGCGUGCCA,0.49807196071317317,0.49807196071317317,5,5000,496
GCUGUGGCGUCCGC,0.49403040655499336,0.49403040655499336,5,5000,496
UGCCUUACGCGGCC,0.49107694007637726,0.49107694007637726,5,5000,496
AUUGUACCGUCCGC,0.4908956059513552,0.4908956059513552,5,5000,496
ACCGUCGCGACGGC,0.4903774565838906,0.4903774565838906,5,5000,496
UGCAGGGCGCCUCA,0.4903774565838906,0.4903774565838906,5,5000,496
UCGUUCCCGUCGAU,0.49035154167231254,0.49035154167231254,5,5000,496
CUCUCCCGGCGGCC,0.4896520214773282,0.4896520214773282,5,5000,496
CUGUGUCGGCGGAC,0.4874239901052745,0.4874239901052745,5,5000,496
CUGUGUAGGCGGAC,0.48716491542154217,0.48716491542154217,5,5000,496
CUGCGUCGGUGUGA,0.48651722087369,0.48651722087369,5,5000,496
GCUGUCGCCUCUGC,0.4862581461899577,0.4862581461899577,5,5000,496
UGCGAGGCGUCCCA,0.4862063058540742,0.4862063058540742,5,5000,496
UGUGUAGCCUCCGC,0.4849627727712963,0.4849627727712963,5,5000,496
GGCUGGGUAUUGCC,0.4794185552793332,0.4794185552793332,5,5000,496
ACUAUGGCCUCCGC,0.4786154310053097,0.4786154310053097,5,5000,496
GGCGGCCCACCAGA,0.47812318186067176,0.47812318186067176,5,5000,496
UGCAGCCCUCGGCU,0.47633555929737237,0.47633555929737237,5,5000,496
CUGUGUUGGCGGAU,0.4752733708523439,0.4752733708523439,5,5000,496
GCCGUCGGUUCGGU,0.4745220470239737,0.4745220470239737,5,5000,496
GGCAGAGCCUGGCG,0.4742111572058367,0.4742111572058367,5,5000,496
UCGCCUCCACUGCU,0.47312302864775135,0.47312302864775135,5,5000,496
GCUGUCGCUUCCGC,0.4714649502765481,0.4714649502765481,5,5000,496
CUCUGUCCACGUAU,0.47035092149563607,0.47035092149563607,5,5000,496
UGCGCCUCCGGAUA,0.4687187695370298,0.4687187695370298,5,5000,496
CGCAAUGCCCCCCA,0.4686151140667415,0.4686151140667415,5,5000,496
AGCGGGGCAUGUCA,0.4683042242486044,0.4683042242486044,5,5000,496
GCUGUCGCGUCGGC,0.4680969646992769,0.4680969646992769,5,5000,496
GUUGUCGCAUGGGC,0.46532486805988904,0.46532486805988904,5,5000,496
UGGGAGUCCUCCCC,0.4645476440086922,0.4645476440086922,5,5000,496
CUGUGUCGACGGAC,0.4634336414175504,0.4634336414175504,5,5000,496
CUGUGUCGGCGGAU,0.4631745667338181,0.4631745667338181,5,5000,496
CGCAUCGCGUGGCA,0.4621123530873109,0.4621123530873109,5,5000,496
CGCGAGGCAUCGCA,0.46174962293329036,0.46174962293329036,5,5000,496
AGCGAGGCAGUCGG,0.46099832430639887,0.46099832430639887,5,5000,496
UCGGCGCCACUGCG,0.46058377901797354,0.46058377901797354,5,5000,496
UGUAGGCCCACGCA,0.45804485782778276,0.45804485782778276,5,5000,496
UGCAGGGCACUGCA,0.4577339680096457,0.4577339680096457,5,5000,496
CUGUGUCGGCGUCC,0.45661993922873373,0.45661993922873373,5,5000,496
CCUCCCGGAACCCC,0.4544696248077777,0.4544696248077777,5,5000,496
UGCAGGGCCUGACA,0.45441782276825804,0.45441782276825804,5,5000,496
UGCAGGGCGUGGCA,0.45434009272227527,0.45434009272227527,5,5000,496
UGCAUGGCCUGGCC,0.45434009272227527,0.45434009272227527,5,5000,496
UGCGAGGCAUGGCA,0.4541587480845258,0.4541587480845258,5,5000,496
CUGUCUCGACGGGC,0.4526560742380151,0.4526560742380151,5,5000,496
GCUGUCGAGUCCGC,0.4518011589313451,0.4518011589313451,5,5000,496
UGCUAGCCCAGUCC,0.45068713015043305,0.45068713015043305,5,5000,496
CCUGUCGGAUCUGG,0.4499617338343803,0.4499617338343803,5,5000,496
CUGUGUCGGCGAGU,0.44975444809528253,0.44975444809528253,5,5000,496
GCUGUCGAGUCGGC,0.4495212736343769,0.4495212736343769,5,5000,496
UGGGAGGCCUGACA,0.4486922344487753,0.4486922344487753,5,5000,496
UGCGGUGCAUUCCA,0.44858863036973606,0.44858863036973606,5,5000,496
GCUUACGCGUCGGC,0.4484849748994477,0.4484849748994477,5,5000,496
UGCAAGGCCUGGCA,0.44726734203949653,0.44726734203949653,5,5000,496
CUGUGUCGGCGGUC,0.4472155269050918,0.4472155269050918,5,5000,496
UGCGAGGCAUUCCA,0.4460755857947595,0.4460755857947595,5,5000,496
CGCAAUGGACGGAA,0.44457295024461274,0.44457295024461274,5,5000,496
UCGACGGCCGUCCA,0.4422931037381542,0.4422931037381542,5,5000,496
CUGAGUAGCCGGAU,0.4418785584497289,0.4418785584497289,5,5000,496
UGCGAGGCCUGCCA,0.44130860704274466,0.44130860704274466,5,5000,496
CGCAGCUCCUGGCA,0.4410495323590124,0.4410495323590124,5,5000,496
CUCCGUCGACGUAU,0.4407127407241824,0.4407127407241824,5,5000,496
GCUGUCGCCUCGGC,0.43928782212513334,0.43928782212513334,5,5000,496
UGCAGGGCUUCCCA,0.4392618967008279,0.4392618967008279,5,5000,496
UUCCAAGCGUGGCG,0.43887328993159314,0.43887328993159314,5,5000,496
UGGUGGCUUCUGUA,0.4386660303822656,0.4386660303822656,5,5000,496
UGCAGGGCGUGUCA,0.4385364982967631,0.4385364982967631,5,5000,496
ACCGGGGGCCCCGG,0.7894537638172672,0.7894537638172672,6,6000,595
CUGGCUCGCGUGCU,0.6282831481536344,0.6282831481536344,6,6000,595
UGCGCUCGCGUGGA,0.5934116282073358,0.5934116282073358,6,6000,595
GUCGUUCGCGUGGA,0.5927639336594837,0.5927639336594837,6,6000,595
CCCAUGCGGGAGGA,0.5614935485498831,0.5614935485498831,6,6000,595
UCCGGGGGUCUGCU,0.557736994499741,0.557736994499741,6,6000,595
UCGGUGGGCCACCC,0.5527886197187277,0.5527886197187277,6,6000,595
GGGCACUGUCCGUG,0.5486693355145651,0.5486693355145651,6,6000,595
GGCGCUGGAGUGGC,0.5442650869165709,0.5442650869165709,6,6000,595
GGCGCUCGUCUGGC,0.525870729976693,0.525870729976693,6,6000,595
CUUGCUCCCGCACC,0.521181481270661,0.521181481270661,6,6000,595
GGGUACUGUGCGAC,0.5200156121538655,0.5200156121538655,6,6000,595
GGCGGUCGAGUGCC,0.5146268799553468,0.5146268799553468,6,6000,595
ACCCUGGCCCCACU,0.5133055916251074,0.5133055916251074,6,6000,595
CCGGUGGCCCUUCU,0.5107666442451463,0.5107666442451463,6,6000,595
CCUGCGGGACACCU,0.5038493641670606,0.5038493641670606,6,6000,595
GCGGUGGUACUCGU,0.49952279422380025,0.49952279422380025,6,6000,595
GGCGAGCGAGUGAA,0.49846058057729303,0.49846058057729303,6,6000,595
GGCGCGCGAGUGGA,0.49651751261077937,0.49651751261077937,6,6000,595
CCUGUGGGUCUCCA,0.4935122571875288,0.4935122571875288,6,6000,595
UUGGGUGGCGUGCU,0.49322726759221847,0.49322726759221847,6,6000,595
CUUGCUCGGGUGCC,0.4924500435410215,0.4924500435410215,6,6000,595
UGGGCUUGAGCGCC,0.48879709356991874,0.48879709356991874,6,6000,595
UGCGCUCGCGUGCA,0.48874527843551396,0.48874527843551396,6,6000,595
CGCCCUAGCGUCCU,0.4886157080536476,0.4886157080536476,6,6000,595
GGCGAUGGAGUGUA,0.4876830647890068,0.4876830647890068,6,6000,595
UCCCUGGCUCUCGA,0.4856363675419751,0.4856363675419751,6,6000,595
GGCGAUGGAAUGUC,0.4822942811992391,0.4822942811992391,6,6000,595
GGCGCUCGCCUGUC,0.48180205725608,0.48180205725608,6,6000,595
ACUCCGGCACCUGU,0.4815170571480422,0.4815170571480422,6,6000,595
GUCCUCGCUAGCGU,0.4811802524183271,0.4811802524183271,6,6000,595
UGGUCCUGAGCGCU,0.47807136672626704,0.47807136672626704,6,6000,595
CUAGCUCGCGUGCA,0.47338211802023505,0.47338211802023505,6,6000,595
GCCCUGGCACUGCU,0.4707654415825827,0.4707654415825827,6,6000,595
GCCGGUCGCCAGGC,0.4705582072347339,0.4705582072347339,6,6000,595
ACUACCGGGCGCGG,0.4702991325510016,0.4702991325510016,6,6000,595
UUCGCUCUUGUGCC,0.46993640239698103,0.46993640239698103,6,6000,595
CGGGUGGGACAUGC,0.4682524091141997,0.4682524091141997,6,6000,595
GACGGUGGCAUGCC,0.46509169618114116,0.46509169618114116,6,6000,595
GGAAUGGGGUAGGU,0.46395179078501503,0.46395179078501503,6,6000,595
GGCGAUCGAGUGCC,0.46073924962266655,0.46073924962266655,6,6000,595
UGGGUCCGACUGCU,0.45941796129242707,0.45941796129242707,6,6000,595
GGGGACUGACCGCU,0.45900341600400174,0.45900341600400174,6,6000,595
UGCGCUGGAAUGGC,0.45804485782778276,0.45804485782778276,6,6000,595
UCAAUGGGCCAGGG,0.45680131005625346,0.45680131005625346,6,6000,595
ACCGUGAAGUCCCG,0.45656815028409925,0.45656815028409925,6,6000,595
GUGGCUGGAAUCCA,0.45478051462591473,0.45478051462591473,6,6000,595
UCUCUGGCUGGCGU,0.45434009272227527,0.45434009272227527,6,6000,595
GCUGUGGCCCACGG,0.45382194335481063,0.45382194335481063,6,6000,595
CGCUGCGGACACGU,0.4526560742380151,0.4526560742380151,6,6000,595
CUCGCUCGUGCGUU,0.4513866262436591,0.4513866262436591,6,6000,595
CCUGUCGCUCAUGC,0.44819999790487675,0.44819999790487675,6,6000,595
CUUGCUCGUGUGCU,0.4469046118854759,0.4469046118854759,6,6000,595
AGUCCAGCUCACGU,0.4447542948823622,0.4447542948823622,6,6000,595
GGGAUGGCGCACGG,0.440816357403961,0.440816357403961,6,6000,595
GCUCUCGGACACGU,0.4402204779905136,0.4402204779905136,6,6000,595
GGUAUGGCUCACGU,0.43923600699072857,0.43923600699072857,6,6000,595
GGCGAGCGCAUGUC,0.43918416665484505,0.43918416665484505,6,6000,595
UCCGACUCAGCGCU,0.4342876583994856,0.4342876583994856,6,6000,595
GCUGCUGGACAGGA,0.4337954344563264,0.4337954344563264,6,6000,595
CUGGCUCAUACCUC,0.433199555042879,0.433199555042879,6,6000,595
UCUUUCGCUCUCGU,0.4331477273077349,0.4331477273077349,6,6000,595
CAUCUCCCUUCCGC,0.4330441106279562,0.4330441106279562,6,6000,595
UCUCUGGGGCACCU,0.43099742548751824,0.43099742548751824,6,6000,595
AAUCUCCCUCCGUG,0.4303497314338118,0.4303497314338118,6,6000,595
AAGCUCCGUUCGAC,0.4294170624735464,0.4294170624735464,6,6000,595
CUCGCGCAUGCGUU,0.4284066508665588,0.4284066508665588,6,6000,595
CGUAUGGCAGGCCC,0.4284066508665588,0.4284066508665588,6,6000,595
CCUAGGGGUCACCU,0.4266190535047382,0.4266190535047382,6,6000,595
CAGAUACCGCGCGU,0.4257122847672995,0.4257122847672995,6,6000,595
CUUGAUCGCGUCCU,0.42540138234842306,0.42540138234842306,6,6000,595
UGGUAUUGUCCGCU,0.42286244806334716,0.42286244806334716,6,6000,595
CUCGCUCGCAUCCU,0.42172250437085707,0.42172250437085707,6,6000,595
UCUAUGGUCCUGCU,0.42032352687315633,0.42032352687315633,6,6000,595
GUUCCUCGCGUACU,0.41874316385918453,0.41874316385918453,6,6000,595
CGUCUCGCAUAGGG,0.41752550530360877,0.41752550530360877,6,6000,595
GUCCACCGACUGCU,0.4173959732181063,0.4173959732181063,6,6000,595
GCCCUGGUUCUAGU,0.41734414548296217,0.41734414548296217,6,6000,595
CCUUGGGCACACGG,0.4160487720643007,0.4160487720643007,6,6000,595
CCUGUGUACGACGU,0.4149347432833887,0.4149347432833887,6,6000,595
UGGCAUUGUGCGAA,0.41488294124386904,0.41488294124386904,6,6000,595
CCUGUGGCUCAGGC,0.4123958220931979,0.4123958220931979,6,6000,595
GAUCCGGGUCAAGC,0.4119813025003971,0.4119813025003971,6,6000,595
CCCGCUCGACUGUC,0.4112299781778812,0.4112299781778812,6,6000,595
UCCGGUUUAUAGCC,0.41107453376295844,0.41107453376295844,6,6000,595
UGACUGGCACGGGU,0.41040095208716465,0.41040095208716465,6,6000,595
UCCGUUGCGCACGC,0.4095459853892456,0.4095459853892456,6,6000,595
GGCGCUUGAGUGCC,0.4095459853892456,0.4095459853892456,6,6000,595
UACCCUUCAGUGCG,0.4093905404801771,0.4093905404801771,6,6000,595
GGUACAGCAUCCGU,0.40913146579644477,0.40913146579644477,6,6000,595
CUUGCUCGCAUGCU,0.4048308086767504,0.4048308086767504,6,6000,595
GCCUUGGGACACGU,0.40467537686256705,0.40467537686256705,6,6000,595
CCCGUUCGAAUGUC,0.40415722749510247,0.40415722749510247,6,6000,595
UUCGACUCACCGCC,0.40410541236069775,0.40410541236069775,6,6000,595
ACUAUGGGACCGGU,0.4036649909512039,0.4036649909512039,6,6000,595
GGGUUCUGAGAGCU,0.40283593916486293,0.40283593916486293,6,6000,595
UGGUCAUAUGCGCG,0.40247324730720624,0.40247324730720624,6,6000,595
CAGCUCUUUUCCGC,0.40244731930074307,0.40244731930074307,6,6000,595
GGCGGUUGAGUGUA,0.4014628357002187,0.4014628357002187,6,6000,595
UGCAGGUUCCGCGC,0.5792920260763135,0.5792920260763135,7,7000,694
UGCGAGUCGGAAAC,0.5469594273202056,0.5469594273202056,7,7000,694
UGGGGCUGACCGCC,0.5396794422895782,0.5396794422895782,7,7000,694
GUGCCGCAUGGGAU,0.5135646663088397,0.5135646663088397,7,7000,694
UAAAGGGCGGGCUA,0.5093417518358675,0.5093417518358675,7,7000,694
CUGCCCUUGUGGGA,0.5034348188786353,0.5034348188786353,7,7000,694
CUUCCCGUGCGAGC,0.5021135305483958,0.5021135305483958,7,7000,694
UCGAGGCCCUGCAU,0.5011549723721769,0.5011549723721769,7,7000,694
AGGACCGUCUGGGC,0.4964657236661449,0.4964657236661449,7,7000,694
CGAUCCCUCCGGGU,0.4964138833302614,0.4964138833302614,7,7000,694
AUGGGGCUCUGAUA,0.4957661887824092,0.4957661887824092,7,7000,694
AAGCCUGUCUGGGC,0.4903256162480071,0.4903256162480071,7,7000,694
UGCAGGCCCUGUUC,0.488900697648958,0.488900697648958,7,7000,694
GUUCGUGGGUUGGC,0.48250154074856666,0.48250154074856666,7,7000,694
GGUUGAGGCCGGCC,0.4815947977067524,0.4815947977067524,7,7000,694
GUUCCCGUCUAGGU,0.4778900200005055,0.4778900200005055,7,7000,694
GAGGCAUAUCGGAG,0.46434038445936465,0.46434038445936465,7,7000,694
UGCAGGGCGUGAGC,0.4636927161012827,0.4636927161012827,7,7000,694
GGUAGGGCGUCUGU,0.46053199007333906,0.46053199007333906,7,7000,694
AGGACGGCGUGCUA,0.45941796129242707,0.45941796129242707,7,7000,694
UACAUGUCCGGCUG,0.45804485782778276,0.45804485782778276,7,7000,694
ACUCCGGUCCGAGU,0.4572417188650078,0.4572417188650078,7,7000,694
GAUAUGGGCCGUGA,0.4537442007080884,0.4537442007080884,7,7000,694
AUGACGGUGGGCUA,0.4479668255319832,0.4479668255319832,7,7000,694
AUUCCGGGUGGCUU,0.4467750928948586,0.4467750928948586,7,7000,694
CGGCCCGUUAGAGC,0.4465160182111263,0.4465160182111263,7,7000,694
UCCAGGUCCUGCAU,0.44436569069528514,0.44436569069528514,7,7000,694
ACGGAAUGAACCUC,0.4433034770487779,0.4433034770487779,7,7000,694
GUGCCUGUCUGGUC,0.4429666849198022,0.4429666849198022,7,7000,694
AGGAGGAGCUGGUA,0.43928782212513334,0.43928782212513334,7,7000,694
GCUCCGCUAUGGUA,0.438717857623264,0.438717857623264,7,7000,694
UCCAGGUCCAGCUC,0.4313860301687409,0.4313860301687409,7,7000,694
AACAGGUCCUGCUC,0.4312046855309915,0.4312046855309915,7,7000,694
GCGAUGGGUGGAUU,0.4288470979716771,0.4288470979716771,7,7000,694
ACCACGGCGAGCAC,0.42866572555029103,0.42866572555029103,7,7000,694
AUUCGGGUCUGGAU,0.4286139104158863,0.4286139104158863,7,7000,694
GGUACAGUCCGAGG,0.4284066508665588,0.4284066508665588,7,7000,694
AGGGGGGUGAUUUC,0.4263081384851224,0.4263081384851224,7,7000,694
CGUCCCGUCAAAGC,0.4261786194945051,0.4261786194945051,7,7000,694
CAACCCGCGUAAGG,0.4242355515279914,0.4242355515279914,7,7000,694
AUUCCGUCCAGCUU,0.42413193435406704,0.42413193435406704,7,7000,694
GAUACGGCUCAUGU,0.4241060063476038,0.4241060063476038,7,7000,694
UCCAGGGCGUGCUC,0.4233805974308117,0.4233805974308117,7,7000,694
AAGCCGGUGCGCAU,0.4227588308894228,0.4227588308894228,7,7000,694
AAUAGGGGCUGCUU,0.4227070036484244,0.4227070036484244,7,7000,694
GCGGACUGAGAGUC,0.42102301036564305,0.42102301036564305,7,7000,694
CAGUCCUAUGCGCG,0.4199607967191358,0.4199607967191358,7,7000,694
UCCAAGGCGUGGAU,0.41869134872477975,0.41869134872477975,7,7000,694
GCUCCCGAACCAGA,0.4179400248964096,0.4179400248964096,7,7000,694
CUUCCCGUUCGAUC,0.4177845799873411,0.4177845799873411,7,7000,694
UGCAGGCCUUGGUC,0.41509020079319664,0.41509020079319664,7,7000,694
ACUACGGCGAGCAC,0.4149347432833887,0.4149347432833887,7,7000,694
UCUACGUCGGGCUC,0.41462386656013683,0.41462386656013683,7,7000,694
UCGGGGUCAUGUUU,0.4138725422376208,0.4138725422376208,7,7000,694
ACUCCGUGGUGGUU,0.41319896105597287,0.41319896105597287,7,7000,694
UGCAGGGCCUGUUC,0.41299168841176026,0.41299168841176026,7,7000,694
CUGCCCCUGAGAUC,0.41244762413271757,0.41244762413271757,7,7000,694
CUUAUAGCCCUCGU,0.412292179223649,0.412292179223649,7,7000,694
GAUACGCCCUGCUA,0.4122403771841294,0.4122403771841294,7,7000,694
GGUAUAGGUCGGGU,0.41133360844669065,0.41133360844669065,7,7000,694
UCCAAGCUCUGCCC,0.4100123327171905,0.4100123327171905,7,7000,694
AAAAGGGCGUGCUU,0.40964961516390935,0.40964961516390935,7,7000,694
UCCACGUCCUGCUC,0.4095978131243897,0.4095978131243897,7,7000,694
UCCACGCCGCGAUU,0.4095978131243897,0.4095978131243897,7,7000,694
GGUGUGGAGUUCGA,0.40721431114764295,0.40721431114764295,7,7000,694
GCCAUGCAGUCCGU,0.4069034213295059,0.4069034213295059,7,7000,694
UCCACGUCCUGGUG,0.4069034213295059,0.4069034213295059,7,7000,694
GCGUAAUAGGGGAG,0.40674797642043736,0.40674797642043736,7,7000,694
UGCACUGGCUGCUG,0.40659254460625394,0.40659254460625394,7,7000,694
GUUCCACUUCGGGC,0.4055303309597468,0.4055303309597468,7,7000,694
UCCACGAUGUGGAC,0.40273232199093856,0.40273232199093856,7,7000,694
UAGAGGGCCUGCUC,0.40273232199093856,0.40273232199093856,7,7000,694
GUUCCCGAGCAAGA,0.4021623574890692,0.4021623574890692,7,7000,694
UGCCAGCGGACAGC,0.401411033660699,0.401411033660699,7,7000,694
UGCACGCCCUGUAU,0.4000379301960547,0.4000379301960547,7,7000,694
UCCAUGCCCGGUGA,0.39923479123327976,0.39923479123327976,7,7000,694
UCCACGUCGUGCAA,0.39882027164047895,0.39882027164047895,7,7000,694
UCCACGUCGUGCAU,0.39882027164047895,0.39882027164047895,7,7000,694
UCCACGUUCUGCUC,0.3974989959109788,0.3974989959109788,7,7000,694
CGGCCUGUGACAUA,0.3972140063156684,0.3972140063156684,7,7000,694
UCCACGUCGUGCUG,0.3961259055412196,0.3961259055412196,7,7000,694
UUCCGGUCAUGGUC,0.39584090285102413,0.39584090285102413,7,7000,694
UGGGCCUGAUUGUC,0.3939237759858588,0.3939237759858588,7,7000,694
UGCGAGUGCACGGG,0.39348332888074056,0.39348332888074056,7,7000,694
UCCAGGUCGUGCUU,0.39247292987449234,0.39247292987449234,7,7000,694
UCGAGGCCAUGCAU,0.39247292987449234,0.39247292987449234,7,7000,694
GUUAUCGGUCGCGC,0.39242112783497274,0.39242112783497274,7,7000,694
GCGCCGGUCAAAUG,0.39037443009379535,0.39037443009379535,7,7000,694
AACGCUGCCCGUUU,0.38983036581475267,0.38983036581475267,7,7000,694
GCCACGUUGUGCUC,0.38983036581475267,0.38983036581475267,7,7000,694
UGUAGGUCGAGCUG,0.3882500028007808,0.3882500028007808,7,7000,694
UACAGGGCGUGCAU,0.38809457098659744,0.38809457098659744,7,7000,694
UCUACGGCCUGCUC,0.3878095939920264,0.3878095939920264,7,7000,694
AAGACGGCCUGCUC,0.3878095939920264,0.3878095939920264,7,7000,694
UCAACGGCCUGCUC,0.3878095939920264,0.3878095939920264,7,7000,694
AGGCCAGUCUGAGC,0.38768005139379663,0.38768005139379663,7,7000,694
GCUACGUCGUGCUC,0.3872396168894177,0.3872396168894177,7,7000,694
UUUCCGGUCUGUUA,0.38555563670152154,0.38555563670152154,7,7000,694
UCGAGGCCAAGCUC,0.3851411171087207,0.3851411171087207,7,7000,694
CGGCGCCGGCUCCC,0.6199927384211341,0.6199927384211341,8,8000,793
UGGGGCCGCAUCGC,0.5490838546132202,0.5490838546132202,8,8000,793
UCCGCGUGGUGCAC,0.5478662217532689,0.5478662217532689,8,8000,793
UGUGGCCGGAUCCC,0.5443168784433632,0.5443168784433632,8,8000,793
GUCACGUGGUGGCC,0.5428919834519266,0.5428919834519266,8,8000,793
UCCAGUGCGGGCAC,0.538202709544416,0.538202709544416,8,8000,793
GCCGGGCGUAGCAU,0.5381509049227384,0.5381509049227384,8,8000,793
UGAGUUCCGCGCGU,0.5307931793334009,0.5307931793334009,8,8000,793
UGCGCCGUCAGCGC,0.52657023965895,0.52657023965895,8,8000,793
UGGGAGGCCAUCGC,0.5227100039487493,0.5227100039487493,8,8000,793
CUCGCGUGCUGGAU,0.5213110264510487,0.5213110264510487,8,8000,793
GGCGCGGGCAACAC,0.5166476517780731,0.5166476517780731,8,8000,793
UGGGGCUCUCAUGU,0.514963684685062,0.514963684685062,8,8000,793
GGCCGGCGGCUCAU,0.5121915628441954,0.5121915628441954,8,8000,793
UGUCGCCCGUUUGC,0.5014658621903139,0.5014658621903139,8,8000,793
UGCCGCCUGACCGC,0.5014658621903139,0.5014658621903139,8,8000,793
ACGAUGGGCUGGAA,0.499574609358205,0.499574609358205,8,8000,793
CGCUAGCGGAUGGC,0.49846058057729303,0.49846058057729303,8,8000,793
UGGCGGCGAAGCCA,0.49586984425269753,0.49586984425269753,8,8000,793
UCGCGGGCGUGCAU,0.4957661887824092,0.4957661887824092,8,8000,793
UGCCACUGCACGGG,0.4952480394149446,0.4952480394149446,8,8000,793
UGCCCCGGCUACGC,0.4950148901555178,0.4950148901555178,8,8000,793
UUUGGGCCGUGCAU,0.4851441174090457,0.4851441174090457,8,8000,793
UGGCACGGCGUCGC,0.4848850427253134,0.4848850427253134,8,8000,793
AGGCGUCGGAUCCC,0.48291607552426463,0.48291607552426463,8,8000,793
UAAAGUCCGCGCCU,0.4822942811992391,0.4822942811992391,8,8000,793
GGCUCUCCGAGCAC,0.4817243166973698,0.4817243166973698,8,8000,793
CUCUCUCUGCGCAC,0.4759469394332525,0.4759469394332525,8,8000,793
UACCCUCCGGGCAU,0.4742111572058367,0.4742111572058367,8,8000,793
UGGGAUCGCCUCCC,0.4697550682719589,0.4697550682719589,8,8000,793
GCGGACGUCACGCC,0.46664613118864984,0.46664613118864984,8,8000,793
UGCGGCGGCAAUGC,0.4661279818211852,0.4661279818211852,8,8000,793
CGACGCGGGAUCGC,0.4633818010816669,0.4633818010816669,8,8000,793
UGGCACGGCAUCCC,0.46143873311515327,0.46143873311515327,8,8000,793
UUGGGCGUUACGGA,0.4596770359761594,0.4596770359761594,8,8000,793
UCCCACGGGAUCCC,0.45757852359472295,0.45757852359472295,8,8000,793
CUGGGCGUCUCUGG,0.4571380885961983,0.4571380885961983,8,8000,793
UGCCCCUGCAAAAC,0.4559463454463464,0.4559463454463464,8,8000,793
UGGCACGGCAUCGC,0.4555577255822265,0.4555577255822265,8,8000,793
UGCCCCGCCAAUAC,0.45535046603289897,0.45535046603289897,8,8000,793
CGGGCCGUUACGGC,0.4539255736236202,0.4539255736236202,8,8000,793
UACUGUCGGGGCAU,0.45351102833519485,0.45351102833519485,8,8000,793
UGCCCCGGCAAUCA,0.4526560742380151,0.4526560742380151,8,8000,793
UUGCACGUCACGGC,0.4526560742380151,0.4526560742380151,8,8000,793
AGGGCCUCCAAAAG,0.45035032750872994,0.45035032750872994,8,8000,793
UAUAGGCAGCUCCC,0.4486922344487753,0.4486922344487753,8,8000,793
UAGGGUCGGUUCAU,0.447733663671817,0.447733663671817,8,8000,793
CACAUGGCGAGCAU,0.44667146262604907,0.44667146262604907,8,8000,793
ACCUCGUUCUGCAA,0.44452113511020797,0.44452113511020797,8,8000,793
UGCCCCUACAGCCG,0.4430962427009292,0.4430962427009292,8,8000,793
UACCCGCGGUUCCU,0.4424744378631763,0.4424744378631763,8,8000,793
UACUUGCGGGUCCU,0.4417749543706896,0.4417749543706896,8,8000,793
CGCUGGCGGAGCAU,0.440816357403961,0.440816357403961,8,8000,793
UGCCAGCGCGUCCA,0.4405054549850846,0.4405054549850846,8,8000,793
ACCACUGCGAGGAU,0.44040185090604533,0.44040185090604533,8,8000,793
GGCUACUCGUUGGG,0.43941735421063577,0.43941735421063577,8,8000,793
UUGCCUCUGUUCAC,0.43936555008310413,0.43936555008310413,8,8000,793
UGCACGUUCAAGGC,0.43918416665484505,0.43918416665484505,8,8000,793
UGCGGGUCCAUGGC,0.4389769323069963,0.4389769323069963,8,8000,793
UGGUGCGGCAUCCC,0.4375520016013536,0.4375520016013536,8,8000,793
UGGCGCCGCAUCGC,0.43648982625121024,0.43648982625121024,8,8000,793
AGGAUGUCCUGCCG,0.43527214200000997,0.43527214200000997,8,8000,793
UGGCACCGCAUCCC,0.43496126527675805,0.43496126527675805,8,8000,793
UGCGGGUGCAUAGC,0.4337954344563264,0.4337954344563264,8,8000,793
GGCACGGGUAGCAU,0.4337177044103436,0.4337177044103436,8,8000,793
UGGCACGUGACCGC,0.43343270430230585,0.43343270430230585,8,8000,793
UGCGUAGGCAUCGC,0.4311010426614426,0.4311010426614426,8,8000,793
UGCGAGGCCAGGAG,0.4304274357841701,0.4304274357841701,8,8000,793
GGCGCCUGCAAUAC,0.42905434541441095,0.42905434541441095,8,8000,793
UGCGGCUGCAGGCC,0.42900253028000623,0.42900253028000623,8,8000,793
ACCAGUCCACGCAA,0.4284066508665588,0.4284066508665588,8,8000,793
AUCCCGUGCAGCAU,0.4267744858130673,0.4267744858130673,8,8000,793
UGCUCCUGCAAGCC,0.4265672131688547,0.4265672131688547,8,8000,793
UGCGGCUGGAAAUC,0.4257122847672995,0.4257122847672995,8,8000,793
UGGCUCCGAAUCGC,0.4256086549926357,0.4256086549926357,8,8000,793
UGCGCCGGCAUGGC,0.42534958030890346,0.42534958030890346,8,8000,793
UAAGGGCGGCUCAU,0.4247018857610513,0.4247018857610513,8,8000,793
GGCGACUCCAACGC,0.4238210193344512,0.4238210193344512,8,8000,793
UCCACGCCCUGGAC,0.4227070036484244,0.4227070036484244,8,8000,793
UGUCGCCGCAUGGC,0.41838045890664277,0.41838045890664277,8,8000,793
UGCCACCGUAUCGC,0.41830271625992055,0.41830271625992055,8,8000,793
UGCCGCCGAAUCGC,0.41830271625992055,0.41830271625992055,8,8000,793
UGGUGCGCCAUCCC,0.4177327648529363,0.4177327648529363,8,8000,793
UGCGGCGGUUAUGC,0.4176291350782725,0.4176291350782725,8,8000,793
UACACGGCGUGGAU,0.4176291350782725,0.4176291350782725,8,8000,793
CUGCGUCGGAGCAU,0.4173182452601355,0.4173182452601355,8,8000,793
CGCGGUCCAAUCCC,0.4166446514777481,0.4166446514777481,8,8000,793
UGCGGCUCCAAGGC,0.4163337616596111,0.4163337616596111,8,8000,793
CGCUCCUGCAAUAG,0.41568608020664405,0.41568608020664405,8,8000,793
GGCCAGGGCAAUAG,0.4156601522001808,0.4156601522001808,8,8000,793
AGCGGCUGCAGUGC,0.4154788075624314,0.4154788075624314,8,8000,793
UGCAAGUGGAUGGA,0.4149347432833887,0.4149347432833887,8,8000,793
UUCGUUGGGCUCAU,0.4148311261094643,0.4148311261094643,8,8000,793
UGGGACUGCCACGC,0.41420933436659657,0.41420933436659657,8,8000,793
UGGACUCUGGUCAU,0.4138207275973619,0.4138207275973619,8,8000,793
UGUCCGGGCAUCUC,0.4136652826882933,0.4136652826882933,8,8000,793
UGCAUUCCGAGCAA,0.4122403771841294,0.4122403771841294,8,8000,793
UGGCACAGCAGCUC,0.4109709034941489,0.4109709034941489,8,8000,793
UUCCCGUAGAGGAC,0.4108154590792261,0.4108154590792261,8,8000,793
CUCACGCCGGGCUU,0.55708927475041,0.55708927475041,9,9000,892
UCGGGACGGGUGGC,0.5558457416676321,0.5558457416676321,9,9000,892
GAGGAUGGGGUCAG,0.5293941609571784,0.5293941609571784,9,9000,892
UAAAGGCGGGUCGG,0.5266738689394679,0.5266738689394679,9,9000,892
GCUCAUCGGGCCCG,0.5205856018572137,0.5205856018572137,9,9000,892
GGCCACCAGGGCCC,0.5154818340525267,0.5154818340525267,9,9000,892
UCGGGUCAGGUCCA,0.49669888343829915,0.49669888343829915,9,9000,892
CAUGCGCGGACUGU,0.4930717969875254,0.4930717969875254,9,9000,892
UGGUAUGCCCUCGG,0.4902478988027636,0.4902478988027636,9,9000,892
UCCCGCGUUAAGGC,0.48675037013311684,0.48675037013311684,9,9000,892
UGGGGCGCUCAAGC,0.4855327372731656,0.4855327372731656,9,9000,892
UCGGGUCGGAUGAA,0.4843668933578489,0.4843668933578489,9,9000,892
UACCCUGCGGUGAC,0.48081757365555555,0.48081757365555555,9,9000,892
UCCGGUCCGCUAAU,0.4743665764192807,0.4743665764192807,9,9000,892
UGUCCGCCGCUGGU,0.46897784422076205,0.46897784422076205,9,9000,892
UAAUCGCGGGGCAU,0.4678378900155446,0.4678378900155446,9,9000,892
GGGCGCGUUGAGCG,0.45825211737711036,0.45825211737711036,9,9000,892
GAUCCCGUUGAGCG,0.4569567439584489,0.4569567439584489,9,9000,892
UGGCACGUUCAUGC,0.45535046603289897,0.45535046603289897,9,9000,892
GCAUCGCGGCUCAU,0.4540291777026594,0.4540291777026594,9,9000,892
GCCCCGGUCAAUCU,0.45211202255971183,0.45211202255971183,9,9000,892
CGUCAUCUGGCCCU,0.44763002080226805,0.44763002080226805,9,9000,892
UCGCGUCGGCUGUA,0.446593735162224,0.446593735162224,9,9000,892
GCUGAGUUUGCGCA,0.4438734541513866,0.4438734541513866,9,9000,892
GCACAUCAGCUCCU,0.44094591518508797,0.44094591518508797,9,9000,892
UGGCUGGUUCCACA,0.44086817253836574,0.44086817253836574,9,9000,892
GCUCAUCCGGCCAC,0.43965052707767516,0.43965052707767516,9,9000,892
UCUGGACGGCGGAC,0.43918416665484505,0.43918416665484505,9,9000,892
GGUCUCCGCAAUCG,0.43819970825579946,0.43819970825579946,9,9000,892
UGUCCCGUUCCUCG,0.43781108937997104,0.43781108937997104,9,9000,892
GGUCGGUUUGAGCG,0.437215222567263,0.437215222567263,9,9000,892
UCCGGACGGAUGAC,0.43648982625121024,0.43648982625121024,9,9000,892
UCCGGACGGCUGUC,0.4360752809627849,0.4360752809627849,9,9000,892
UCGGGAAGGGUGAA,0.4360493660512068,0.4360493660512068,9,9000,892
UCUGGACGGGUGAA,0.4352203268656052,0.4352203268656052,9,9000,892
UUCACGUAGCGGGC,0.4257122847672995,0.4257122847672995,9,9000,892
UCCGGAUGGCUCAA,0.42327698075103304,0.42327698075103304,9,9000,892
UGGCACAGCAACCG,0.4232251656166283,0.4232251656166283,9,9000,892
UAUAUUCCGGUAAA,0.42301789297241565,0.42301789297241565,9,9000,892
UAAGGGCUGGUCAU,0.4228106460238275,0.4228106460238275,9,9000,892
UACAUGGGGCUCAU,0.42001263705501934,0.42001263705501934,9,9000,892
UACGGCCCUAUGGU,0.4181990995801419,0.4181990995801419,9,9000,892
UCUGCCCGGCUGAU,0.4177327648529363,0.4177327648529363,9,9000,892
GGUCGCGGUGAUCG,0.41591922688391314,0.41591922688391314,9,9000,892
GGGGCACAGAUCUC,0.41584151251497314,0.41584151251497314,9,9000,892
UGUCGCGUCCAGCG,0.41514201592760136,0.41514201592760136,9,9000,892
UAUCCGUAGUGGAC,0.4149347432833887,0.4149347432833887,9,9000,892
CAAGGUCGGUGGGG,0.41472749633480055,0.41472749633480055,9,9000,892
GGUCGCGUUGCUCG,0.4139243573720256,0.4139243573720256,9,9000,892
CAGAGGUAGCUCCU,0.4129398863722406,0.4129398863722406,9,9000,892
CAAGGGCUUCUGGU,0.41172221521592545,0.41172221521592545,9,9000,892
GCUGAUCAGUCCGG,0.41066001417015763,0.41066001417015763,9,9000,892
UAUCCCGUUGAGCG,0.4105563843954938,0.4105563843954938,9,9000,892
GCUCAUCAGCCCCU,0.4100641478515953,0.4100641478515953,9,9000,892
CGGCUUGAGGCGAU,0.4079656349760131,0.4079656349760131,9,9000,892
UCUGGACGGCUCAC,0.407266125787902,0.407266125787902,9,9000,892
CCGCCGCAGUGCAU,0.4070070511041697,0.4070070511041697,9,9000,892
UGCGACGUCGCGGC,0.40679979155484214,0.40679979155484214,9,9000,892
GACAUGUGGGUCUU,0.40451993195349856,0.40451993195349856,9,9000,892
UAUCCGGCGGUCAG,0.40431267240417096,0.40431267240417096,9,9000,892
UAAGAGCGGGUCCU,0.4040017825860339,0.4040017825860339,9,9000,892
UCGGGACGGCUGAU,0.4035095329472502,0.4035095329472502,9,9000,892
UCGGGACGGCUGAC,0.4035095329472502,0.4035095329472502,9,9000,892
UCGGGACGGCUGAA,0.4035095329472502,0.4035095329472502,9,9000,892
UAAUUGCGGCUCAU,0.40283593916486293,0.40283593916486293,9,9000,892
GGACACGGCAGUCG,0.40190328280533694,0.40190328280533694,9,9000,892
UGUCCCGUGAAUCU,0.4014628357002187,0.4014628357002187,9,9000,892
UCUGUACGGAUGAA,0.4014628357002187,0.4014628357002187,9,9000,892
UUGCCCUACGUCAC,0.4012815015751965,0.4012815015751965,9,9000,892
UGCCGCGUCAAGCC,0.39993430042139094,0.39993430042139094,9,9000,892
UCCCACGGCACGCG,0.3997270534728028,0.3997270534728028,9,9000,892
CACGCACGGUUGGA,0.39708447681232373,0.39708447681232373,9,9000,892
UACACGCGGGUAAU,0.39687721676885046,0.39687721676885046,9,9000,892
UGAGGCGCAAAGCC,0.39597044803141174,0.39597044803141174,9,9000,892
UCCUCGCAGGUCAG,0.39560775617375504,0.39560775617375504,9,9000,892
ACGGCGCAGUUCUU,0.39537456861796433,0.39537456861796433,9,9000,892
UCGAGUCGGCUCAA,0.3945973445667674,0.3945973445667674,9,9000,892
GGCGAGGACACUGG,0.3943382698830351,0.3943382698830351,9,9000,892
CAUAAGGGGGUGUU,0.3917475335584396,0.3917475335584396,9,9000,892
UCUGAUCCGUCGCU,0.39068531991193234,0.39068531991193234,9,9000,892
UGGCAGAUUGCUCU,0.39052987500286385,0.39052987500286385,9,9000,892
CUCGAGGCCAAUCC,0.38995991099514027,0.38995991099514027,9,9000,892
UCGGCCGGUAACGC,0.38900133972403617,0.38900133972403617,9,9000,892
AGCGACGCAACCGC,0.38874226504030385,0.38874226504030385,9,9000,892
UAACGCCCGCUGUU,0.3887163501287258,0.3887163501287258,9,9000,892
UAUAGGCCGGUCAC,0.3878873109431242,0.3878873109431242,9,9000,892
GCUAAUCUGCCCCG,0.38672146752195313,0.38672146752195313,9,9000,892
UGGCGCUGCACUCA,0.3866178377472894,0.3866178377472894,9,9000,892
UCUGCAUGGGUGAU,0.3863069479291523,0.3863069479291523,9,9000,892
UGUCGCGUUGCUCA,0.38519293224312545,0.38519293224312545,9,9000,892
CGCCAGUGUCUCAC,0.38402708832780874,0.38402708832780874,9,9000,892
GUGCAUCAUCCCCU,0.3823430955391731,0.3823430955391731,9,9000,892
UGUCGGGUUGAUCG,0.38117726471874147,0.38117726471874147,9,9000,892
GCGCAUCAGCUUCU,0.3808663622998651,0.3808663622998651,9,9000,892
UCUCACGUCUACGC,0.38011505107223426,0.38011505107223426,9,9000,892
UACACGCCGUGCAU,0.379855976388502,0.379855976388502,9,9000,892
CGCGACCUCAUCGC,0.37933782702103735,0.37933782702103735,9,9000,892
UAUAAGAGGGGCUC,0.37843107088433803,0.37843107088433803,9,9000,892
UCUAUGGGGCUGUU,0.3783274411096743,0.3783274411096743,9,9000,892
GUCUUGUGCGGGCC,0.6830257063937242,0.6830257063937242,10,10000,991
GUCCUGCGCGGUCC,0.6678439168059649,0.6678439168059649,10,10000,991
GUCUUGUGCGGGCU,0.6646831907780213,0.6646831907780213,10,10000,991
GGCUUCCGGGGCCG,0.6521180514381442,0.6521180514381442,10,10000,991
GUCCUGCGCGUGGC,0.6487241509492949,0.6487241509492949,10,10000,991
GUCCUGCGCCGGAC,0.6437499126479526,0.6437499126479526,10,10000,991
GUCCUGCGCAGGCC,0.6426099836442138,0.6426099836442138,10,10000,991
GUGCUGGGCCGGAU,0.6358999631154558,0.6358999631154558,10,10000,991
GCGGGGCCGUUCGG,0.6328687665908568,0.6328687665908568,10,10000,991
GCCCUGCGCGUGAA,0.6307961544322471,0.6307961544322471,10,10000,991
GUCCUACGCGGGGC,0.6284385925685572,0.6284385925685572,10,10000,991
GUCCUGCGCUGGCU,0.624267468028511,0.624267468028511,10,10000,991
GUCCUGCGCAGGCU,0.624267468028511,0.624267468028511,10,10000,991
GCCUUGCAGGGGCC,0.6190341550434364,0.6190341550434364,10,10000,991
GUCCUGCGCCCGCG,0.6072980548891609,0.6072980548891609,10,10000,991
GUCUUGCGCCGGCC,0.6069871650710239,0.6069871650710239,10,10000,991
GUGGUGGGGUGCGA,0.5982045061938857,0.5982045061938857,10,10000,991
GCUCUGAGUGGGCG,0.5923494145608286,0.5923494145608286,10,10000,991
GCCCUCCGCUGGAC,0.5921421540232095,0.5921421540232095,10,10000,991
GUCCUGCGCACCGG,0.5906136061436424,0.5906136061436424,10,10000,991
GUCCUGUGGUGGCC,0.5886964383999556,0.5886964383999556,10,10000,991
GUCUUGCGCUGGCC,0.5863906916706703,0.5863906916706703,10,10000,991
GUGCGGGGCGUUAA,0.5839553745595187,0.5839553745595187,10,10000,991
GGGGUGCGCGAGAC,0.5832040507311486,0.5832040507311486,10,10000,991
GUCCUGCGCAGGUC,0.5822195671306243,0.5822195671306243,10,10000,991
GUGCUGCGCUGGCC,0.5702243922926165,0.5702243922926165,10,10000,991
GUCCUGCGAGGACC,0.5691880788689359,0.5691880788689359,10,10000,991
GUCUUGCGCCGGAC,0.5683072507386997,0.5683072507386997,10,10000,991
GUCCUGUGCUGGCA,0.5678408903158696,0.5678408903158696,10,10000,991
GUACUCCGGCUCGA,0.5677113713252523,0.5677113713252523,10,10000,991
GUCUUGUGCGGGAC,0.5651465247107561,0.5651465247107561,10,10000,991
GACUUGCGCGGGUC,0.5642656703907496,0.5642656703907496,10,10000,991
GGGCUGCGAUGCCA,0.5619080938383083,0.5619080938383083,10,10000,991
GUCUUGCGCGAGCC,0.5606645355540516,0.5606645355540516,10,10000,991
GUCUUGCGCGUGCG,0.5522445806411638,0.5522445806411638,10,10000,991
GUCCUGGGCCCUUC,0.5482807156504452,0.5482807156504452,10,10000,991
GUCCUGGGCUGGAG,0.5477107773383462,0.5477107773383462,10,10000,991
GUCCUGCGCUAGCC,0.5471926279708815,0.5471926279708815,10,10000,991
GGCUUGCGCUUGCC,0.5438246267165675,0.5438246267165675,10,10000,991
GUCUUGCGCAGGCA,0.5435914669444133,0.5435914669444133,10,10000,991
GUCUUGCGCUGGCA,0.5435914669444133,0.5435914669444133,10,10000,991
GGCCUGGCCGUGAC,0.5427883279816383,0.5427883279816383,10,10000,991
GUGCUCCGCGCUGA,0.5416225102560919,0.5416225102560919,10,10000,991
GUCUUGCGCUGGAC,0.539239008279345,0.539239008279345,10,10000,991
GUGCUCGGCGAGCU,0.5383322390477606,0.5383322390477606,10,10000,991
GCCUUGGGAUGGGC,0.5349124635375634,0.5349124635375634,10,10000,991
GUGGUCCGGUUCCG,0.5305341046496685,0.5305341046496685,10,10000,991
GGGCCGUGCACUCC,0.5274769827007642,0.5274769827007642,10,10000,991
GUCCUGCGCAGUCC,0.5267774992082774,0.5267774992082774,10,10000,991
GUCCCGCGGUUUCC,0.5251971361943056,0.5251971361943056,10,10000,991
GCGAUCCCGUCCUG,0.5246789868268411,0.5246789868268411,10,10000,991
GUCUUGUGCCGGAC,0.5237204024608519,0.5237204024608519,10,10000,991
GUCCUGCGUCGUCC,0.5233058833621967,0.5233058833621967,10,10000,991
GUCUUGCGCGAGAC,0.5194197589301884,0.5194197589301884,10,10000,991
GUGCUGGGCCGAAG,0.5179171249739078,0.5179171249739078,10,10000,991
GUAUUGGGCCGGAG,0.5157926976808934,0.5157926976808934,10,10000,991
GGUCCGUGUUCACC,0.5143678031836025,0.5143678031836025,10,10000,991
CCGCGGCGCAUUCC,0.5114143387929986,0.5114143387929986,10,10000,991
GUUGUGCCCCUGUC,0.5098599012033321,0.5098599012033321,10,10000,991
GUCCUGCGAUGGAA,0.5068546195903113,0.5068546195903113,10,10000,991
GUCCUGCGCUACCC,0.5061810258079239,0.5061810258079239,10,10000,991
GUCCUGCGCAUGAC,0.5054815161256669,0.5054815161256669,10,10000,991
GUCCUGCGCUUGAC,0.5041602277954275,0.5041602277954275,10,10000,991
GGCAUGGGCCUGUG,0.5040047833805047,0.5040047833805047,10,10000,991
GGUCUGCGCGAUAA,0.5038493641670606,0.5038493641670606,10,10000,991
GGCCUGUGCAAGCG,0.5030462252042858,0.5030462252042858,10,10000,991
GUCCUGCGCUGCAC,0.5022171860186841,0.5022171860186841,10,10000,991
GUGCAGGGAUCCGU,0.5011549723721769,0.5011549723721769,10,10000,991
GUCCUGCGCAGAGA,0.49998912845686005,0.49998912845686005,10,10000,991
GUCUUGCGCCCUCC,0.49840876544288826,0.49840876544288826,10,10000,991
GUCCCGUGCUUUCC,0.49840876544288826,0.49840876544288826,10,10000,991
GUCUUGCGCCUGCC,0.4966211428795889,0.4966211428795889,10,10000,991
GUCCUGCGCAUUCC,0.49566258470336994,0.49566258470336994,10,10000,991
GUCCUGUGCUGUCG,0.4953516948852329,0.4953516948852329,10,10000,991
GUCCUGCGGAGUCA,0.4952480394149446,0.4952480394149446,10,10000,991
GUCCUGUGCACGCC,0.49493714959680757,0.49493714959680757,10,10000,991
GUCUUGUGCUGGAC,0.49465216000149725,0.49465216000149725,10,10000,991
GUCCUGCGCAAUCC,0.49169871971265133,0.49169871971265133,10,10000,991
GUCCUGCGCAAUCA,0.4903774565838906,0.4903774565838906,10,10000,991
GUCCUGCGCAUUAC,0.4903774565838906,0.4903774565838906,10,10000,991
GUCCUGCGCAUUAA,0.4903774565838906,0.4903774565838906,10,10000,991
GUCCUGCGCAAUAC,0.4903774565838906,0.4903774565838906,10,10000,991
GUCCUGCGCCUUCC,0.49017017084479275,0.49017017084479275,10,10000,991
GCUCUCCGACGGGC,0.48975565174613767,0.48975565174613767,10,10000,991
GUCCUGCGCUGUAG,0.4876830647890068,0.4876830647890068,10,10000,991
GUCGUGCGCGAGAC,0.4870871853755594,0.4870871853755594,10,10000,991
GCCCUACGCACGCC,0.4860508866406302,0.4860508866406302,10,10000,991
GCCUUGCGCUUCAA,0.48498867299412296,0.48498867299412296,10,10000,991
GUCCUGCGUAGUCC,0.48366738466388337,0.48366738466388337,10,10000,991
GUCCUGAGCUGGAA,0.4820870216499116,0.4820870216499116,10,10000,991
GGCUUGUGCAGGCA,0.480610314106228,0.480610314106228,10,10000,991
GCCCCGACCCGAUC,0.47923721064158376,0.47923721064158376,10,10000,991
GUCCUGUGGCAGCC,0.4784340716788088,0.4784340716788088,10,10000,991
GUCUUGGGCUGGCU,0.4765428188466999,0.4765428188466999,10,10000,991
GUCCUGCCCAAGCC,0.4764650888007171,0.4764650888007171,10,10000,991
GCAGGCCGAUGCCU,0.47485882556391856,0.47485882556391856,10,10000,991
GUAGUGAGUCGGAC,0.4742111572058367,0.4742111572058367,10,10000,991
GUCCUGUCCAUGUC,0.4738225247409774,0.4738225247409774,10,10000,991
GUCUUGCGCCUGCG,0.4725789790574601,0.4725789790574601,10,10000,991
