{"run_id": "14:23:09-10/05/2020", "exp_name": "Adalead_mu=1_threshold=0.05", "model_name": "NAMb_ss0.5", "landscape_name": "RNABinding_T['GAACGAGGCACAUUCCGGCUCGCCCGGCCCAUGUGAGCAUGGGCCGGACCCCGUCCGCGCGGGGCCCCCGCGCGGACGGGGGCGAGCCGGAAUGUGCCUC']_L14", "rounds": 5, "sequences_batch_size": 100, "model_queries_per_batch": 1000}
sequence,model_score,true_score,round,model_cost,measurement_cost
AUGGGCCGGACCCC,,0.5437468768175177,0,0,1
AUGGGCCCGACCGC,2.3568123905085896,0.5217773261422901,1,1075,100
CUGGGUCGGAGCCU,2.0030732032542438,0.5794474621391882,1,1075,100
AUGGGCCGGCGCCC,1.7426023260149233,0.6288789773482205,1,1075,100
AUGGGCCGGAACAU,1.670687106266802,0.5437468768175177,1,1075,100
AUAGGCCGGAGCCC,1.6240365800855283,0.516284912283713,1,1075,100
ACGGGUCGGGCGCA,1.5816589539016888,0.6398637526858343,1,1075,100
AUGGGCCGGAGACC,1.5567467672991395,0.5931784444060906,1,1075,100
ACGGGCCGGACGCC,1.5512520578579907,0.554731704534672,1,1075,100
AUGGGCCGGACGCC,1.4891204469874777,0.6069094266729929,1,1075,100
AUGGGCCGGACUGC,1.4261309618623734,0.5437468768175177,1,1075,100
AAGGGCCGGACCUC,1.4241933436893048,0.5300158945506153,1,1075,100
AGGGGUCGGAUCCC,1.4008496796877457,0.4943153616084853,1,1075,100
AUGGGCCGGGUCCC,1.3818512744254188,0.6810566994865414,1,1075,100
AUUGGCCGGGCCCU,1.366788239810674,0.5657164798722858,1,1075,100
AUGGUCCGGACCGC,1.3370912034481641,0.49706156853777395,1,1075,100
AUGCGCAGGUCCCC,1.3237353136762735,0.5300158945506153,1,1075,100
AUGGACCGGGCCCC,1.3081374028243666,0.5245235330715786,1,1075,100
AUGGCCCGGAUCCC,1.2761331144524162,0.3954522788108802,1,1075,100
CUGGGCCGGAGCCU,1.2693223667269091,0.6535947349527367,1,1075,100
GUGGGCCGGAUCCC,1.2025217177457581,0.5519854976053834,1,1075,100
AUUGGCCCGACACC,1.187801722756556,0.3597517458687502,1,1075,100
AAGCGCCAGACCCC,1.169652796062442,0.3762289088751709,1,1075,100
CUAGGCCGGACACC,1.1668805300715395,0.387213710402555,1,1075,100
UUGGGACGGGCAUC,1.165677121916108,0.5025539300168106,1,1075,100
AUGGCCCCGACGCC,1.1498515368954787,0.6096556336022815,1,1075,100
UUGGGCCGGCUCCC,1.1465454150447218,0.5464930837468063,1,1075,100
AUGGGCCGGAUACC,1.1265879061196873,0.5437468768175177,1,1075,100
AAGGGCGGGUACCC,1.1116451307571469,0.480584379341583,1,1075,100
UCGGGCCGGACGCC,1.1108408804782695,0.554731704534672,1,1075,100
AAAGGCCGACGCUC,1.1043220676203631,0.4229142433446849,1,1075,100
AUGGGCCGGACCGA,1.0999807299209097,0.5794474621391882,1,1075,100
AUCCGCGAGACCCC,1.0970685660533241,0.4586148286663554,1,1075,100
AUGGGCCCGACCCU,1.081735922909896,0.4860767932001601,1,1075,100
AUUUGCCGGGCCCU,1.0749809713253504,0.5300158945506153,1,1075,100
AUGGGCCGGCCCAC,1.0747369988450544,0.6618333557406024,1,1075,100
AUGGUCCGGACCCA,1.0728168150721815,0.5959246513353791,1,1075,100
AUCGGCAGGACACC,1.0721751889043558,0.2965892222030453,1,1075,100
AUGGGCCGGAACCG,1.0683339467759272,0.5602240660137087,1,1075,100
GUGGGCCGGACCCC,1.0620082374379018,0.5519854976053834,1,1075,100
UUGGGCCGGCCCCC,1.0537812801620807,0.6288789773482205,1,1075,100
ACGGGCCGGACGCA,1.0365268584373282,0.516284912283713,1,1075,100
AUGAGCCGGAAGUC,1.030383643662072,0.4998077754670625,1,1075,100
AUGGACCGGGCCAC,1.0270369113785656,0.5190311192130015,1,1075,100
AUCGCCCGGACCUC,1.0264543677317888,0.4366452256115873,1,1075,100
AGGGGCCGGACCCG,1.0240944000930943,0.6453561665444114,1,1075,100
AUGGGCAGGAGCCC,1.014393718033248,0.5355083084091925,1,1075,100
ACAGGCCGUGUCCC,1.0067063276625028,0.41192946800707114,1,1075,100
AUGAGCUGCACCCC,0.9940550222484186,0.3789751158044595,1,1075,100
GUGACCCGGACCCC,0.9929505915056722,0.39270609807136186,1,1075,100
GUGGGGCGGACCCC,0.9928979016148087,0.554731704534672,1,1075,100
AUGGGCGGAACCCC,0.9778815989195402,0.4476300009492011,1,1075,100
AUCCGCAAGACCCC,0.9567474207883342,0.36799031427707546,1,1075,100
AUGAGCCGGACCCC,0.9531016547757474,0.46410719014539203,1,1075,100
AUUGGCCGGGCCCC,0.9475253599783611,0.5602240660137087,1,1075,100
AUAUGCCGGACCCC,0.932000644645742,0.3817212965439778,1,1075,100
AUGGUCCGGACCCC,0.930012498420412,0.5657164798722858,1,1075,100
UUUGGCCGGGCCCC,0.9110003373594198,0.5602240660137087,1,1075,100
AUGGGCCGGACACA,0.9068948371750924,0.5437468768175177,1,1075,100
AUGAUCCGGACCCC,0.9042760776075665,0.3954522788108802,1,1075,100
AUGGUCCGGACCAC,0.8930232246527259,0.5107925508046763,1,1075,100
UUGGGCCGGACCCA,0.8773838885727594,0.5492392906760948,1,1075,100
AUGGUCUGGCCCCC,0.8650258777082469,0.6096556336022815,1,1075,100
AUGGGCUGGACCGC,0.8604708563055019,0.49706156853777395,1,1075,100
AGGGGCGGGACUCC,0.8442147254283262,0.4668533970746806,1,1075,100
AUGGGCAGGUCCCC,0.8301226019815862,0.5135387577339648,1,1075,100
AUUGGCCGGACCAC,0.8274325450993489,0.3817212965439778,1,1075,100
AUGGGCCGCACUAC,0.8208470738538063,0.4311528379427804,1,1075,100
AUUAGCCCGACACC,0.8175060391741815,0.2636348700004336,1,1075,100
AUGCGCCGGACACC,0.8120552728381756,0.4009446926694573,1,1075,100
UUGGGCCGGACCCU,0.8099849310704503,0.5300158945506153,1,1075,100
GUGGGCCGGACCCA,0.8096365370454237,0.5602240660137087,1,1075,100
AUGGGACGGAUCCC,0.8092131467324987,0.4091832610777826,1,1075,100
AGGUGCCGGUACCC,0.7993306304828607,0.39270609807136186,1,1075,100
AUGGCCGGAACCCC,0.7987122568151455,0.39270609807136186,1,1075,100
AGGGGUCGGCCCCC,0.7951243838271922,0.6728181310782162,1,1075,100
AUGGGCCGGAUCCC,0.7919844066555544,0.5437468768175177,1,1075,100
AUGGGCCGGACCUC,0.7870652010064016,0.5602240660137087,1,1075,100
AUGGGUCUGACCCC,0.7869243652674742,0.5025539300168106,1,1075,100
AAGGGGCGGACCUC,0.78637489835233,0.4146756749363597,1,1075,100
AAGGUCGGGACCCG,0.7810927699234833,0.4723458109332578,1,1075,100
AUGGGCACGAACCC,0.7698262794953882,0.39819848574016875,1,1075,100
AAAGGCCGGACCCC,0.7644474871243734,0.433899044872069,1,1075,100
AGGGGCUGGACCCC,0.7624227918201751,0.5657164798722858,1,1075,100
AUGGGCCGUACCCA,0.7611255328814469,0.43939143254087587,1,1075,100
ACAGGUCGGACCCC,0.7503116687094038,0.3762289088751709,1,1075,100
AGGGCCCGGACCCC,0.7477912881136896,0.5272697400008672,1,1075,100
GUGGGCCGGACUCA,0.7468467153392937,0.5519854976053834,1,1075,100
AGUGGCCGAACCCC,0.743095252675007,0.433899044872069,1,1075,100
AUGGGGCGGACUCG,0.7371793190071285,0.433899044872069,1,1075,100
AUGGGCUGGACCCC,0.7312422661147737,0.48333058627087155,1,1075,100
AGGGGCCGGACCAC,0.7303696946089802,0.5712088413513224,1,1075,100
UUGGGCCGGGCCCC,0.7276089833637682,0.6947876817534437,1,1075,100
AUAGGCCCAACCCA,0.7274555005966241,0.3624979266082685,1,1075,100
UUGGGCCGGGCACC,0.7243035401047161,0.7002800956120209,1,1075,100
AUGGUCCGGACACC,0.724258223506442,0.43939143254087587,1,1075,100
AGGGGCGGUACUCC,0.7232614022250422,0.36799031427707546,1,1075,100
AUGGGCCCGAUCCC,0.7217420557377101,0.4778381724122944,1,1075,100
AUGGACCGGACUCC,0.7143774444369253,0.34602076360184786,1,1075,100
AUGGUCCGGCCCCC,0.7126560821914997,0.6700719241489276,1,1075,100
UGGGGCCGGGCACC,2.9454407482384,0.6728181310782162,2,2132,199
UAGCUCCGGGUCCC,2.3820191362095224,0.5519854976053834,2,2132,199
AUGGGCCGUGUCCC,1.9432995800693211,0.48333058627087155,2,2132,199
UUUGUACCGCCCCC,1.9371960597920832,0.46410719014539203,2,2132,199
AUGGUCCGUCCCCA,1.9235937623892092,0.5437468768175177,2,2132,199
UCGGGCCGGGCACC,1.88756425245133,0.6755643380075047,2,2132,199
UUAUGCCGGGCCCC,1.6541975216885945,0.5245235330715786,2,2132,199
AGGUGUCGGAACCC,1.6472987910179957,0.34602076360184786,2,2132,199
AUGGACCGGGUCCC,1.6270809707954632,0.5602240660137087,2,2132,199
UUGGUCCGGCCCCC,1.610383053631168,0.6700719241489276,2,2132,199
AUCGGCCAGGUCCC,1.5604257473823588,0.44213763947016443,2,2132,199
AGGAUCCGGCCCCU,1.5569056202806455,0.5821936690684767,2,2132,199
AUGGUCCCGCCCCC,1.5117508579869083,0.5355083084091925,2,2132,199
AGGGAUAGGCCCCC,1.4931474436416883,0.5053001369460991,2,2132,199
AUGGUCCUGCCCCC,1.4250421655233896,0.4998077754670625,2,2132,199
AGGGGUCGGCCCGC,1.4173707170271577,0.6920415272036957,2,2132,199
UUCGGCCGGGCCCC,1.3393364479743914,0.6151479950813181,2,2132,199
UUAGGCCGGGCCCC,1.3233059503818971,0.5657164798722858,2,2132,199
CUCGGCCGGGCCCC,1.320857981739124,0.6563409418820252,2,2132,199
ACGGGCCGAGUCCC,1.3141015854771547,0.49706156853777395,2,2132,199
UUGGUCCGGCCUCC,1.3122657963803472,0.6151479950813181,2,2132,199
AUCGUGCGGCCCCA,1.3067113853237258,0.6041632197437043,2,2132,199
UUGGGCCGGGUCCC,1.2969940003950216,0.6535947349527367,2,2132,199
CUCGGCCGGGGCCC,1.2933847540178678,0.6508485804029885,2,2132,199
AUGGGCCGCGCCCC,1.273655736279631,0.5327621014799039,2,2132,199
UUGGGCCGGCCCCU,1.2687575504885884,0.6233866158691839,2,2132,199
UUGGGUCGGGCACC,1.264222263468686,0.6261327704189319,2,2132,199
UUGGGCCGGGCGCC,1.2401074511646324,0.77442742080511,2,2132,199
AGGGGUCAGCCCCC,1.2219678815342714,0.590432237476802,2,2132,199
AUUGUACGGCCCCC,1.2008801500395545,0.4229142433446849,2,2132,199
UUGGGCCGGGCUCC,1.1970240220041795,0.6975338886827324,2,2132,199
AGGGUUCGGCCCCC,1.1904751185110554,0.6865491133451186,2,2132,199
UUGGGCCGGGCCAC,1.1847392048228509,0.6892953202744071,2,2132,199
AUCGUCCGGCCCCC,1.1607948432004294,0.5876860305475133,2,2132,199
UUGGUCCCGGCACC,1.1523924308759965,0.4778381724122944,2,2132,199
AUGGUGCGGCCCCC,1.1517874537055477,0.5519854976053834,2,2132,199
AUGGCCCGGGUCCC,1.1468926975955038,0.5684626868015744,2,2132,199
UUGGGGCGGGCCCC,1.1457423866768526,0.6233866158691839,2,2132,199
UUGGGCUGGGGCCC,1.138446106211968,0.6343713912067976,2,2132,199
AUGGUCCGUUCCCC,1.1163130101298753,0.4558686217370668,2,2132,199
UUGGCUCGGGCACC,1.1126428523921283,0.4668533970746806,2,2132,199
AUGGGCUGGGUCCC,1.1087363357501816,0.6206404089398952,2,2132,199
AUGGUCCUGACCAC,1.1015362742807255,0.35425933201017307,2,2132,199
UGGGGCCGGGCAUC,1.1004608730145091,0.6728181310782162,2,2132,199
UUGCGCUGGGCCCC,1.0992985744565797,0.6920415272036957,2,2132,199
AUUUUCCGGCCCCC,1.0972483587141915,0.5107925508046763,2,2132,199
UUGGUCCGGCCACU,1.0433122171143965,0.5959246513353791,2,2132,199
UUGCGCCGGGUCCC,1.0375474625382581,0.6178942020106067,2,2132,199
AUGGGCCGGGUCUC,1.0254498015339772,0.6645795626698909,2,2132,199
UUGGGCGGGGCGCC,1.0225214716031297,0.6563409418820252,2,2132,199
UUGGCCCGGGCCCG,1.0176565744232797,0.5767012552098996,2,2132,199
AGGCGUCAGCCCCC,1.008683889350866,0.554731704534672,2,2132,199
AUGGGCCGGGACCC,1.0059301925595425,0.6288789773482205,2,2132,199
AGGGGUCGGGCGUC,1.0017663236080903,0.6426099596151229,2,2132,199
CUGGUCCGGCCCCC,0.9927079630810867,0.6700719241489276,2,2132,199
UUGGUCCGGGCACA,0.9778161536912391,0.5025539300168106,2,2132,199
UUGCUCCGGGCACA,0.9777818167828465,0.45312241480777826,2,2132,199
UUGGGCCUGGCACC,0.9746796084706139,0.5300158945506153,2,2132,199
UCGGGCUGGGCCCC,0.9611453526061748,0.6481023734737,2,2132,199
CGGGGUCGGCCCCC,0.9493331239787703,0.7167572848082119,2,2132,199
UUGAGCCGGGCGAC,0.9435971571764602,0.6069094266729929,2,2132,199
UGAGCCCGGGCACC,0.9364927558376719,0.4201680626051666,2,2132,199
UCGGGCCGGGCAUC,0.9324952023879021,0.6755643380075047,2,2132,199
AGGGUCCGGACCCC,0.9319223936872282,0.6618333557406024,2,2132,199
CUGAUAUGGCCCCC,0.9270837445965399,0.4558686217370668,2,2132,199
UUGGGCCGUGCCCC,0.9147826714223897,0.5245235330715786,2,2132,199
UUGGGAUGGGCCCC,0.9021081863549464,0.4998077754670625,2,2132,199
ACGGGCCGGGUCCC,0.9011675084296185,0.6288789773482205,2,2132,199
UAGCGCUGGGCCCC,0.8995951279561263,0.6700719241489276,2,2132,199
UUGGGCCGGGCCCG,0.8883881799544993,0.7359806285541509,2,2132,199
AUGGGACGGGUCCC,0.8864637630625763,0.538254515338481,2,2132,199
UACGGCCGGGCACC,0.8804300364278659,0.5739550482806111,2,2132,199
UUGGUCCGGGCACC,0.879795890803774,0.5025539300168106,2,2132,199
CUGGGCCGGGUACC,0.878102920038228,0.6508485804029885,2,2132,199
AUGGUUCGGCCCCC,0.873531519298244,0.6014170128144157,2,2132,199
AGGGUUCGACCCCC,0.8660967359435537,0.5986708058851272,2,2132,199
UUGGGCCGGGCGAC,0.8653355206424869,0.7963969714803375,2,2132,199
UUUGGCCCGGCACC,0.8634972883810189,0.4668533970746806,2,2132,199
AUGGGCCGGGACCA,0.8579619865597223,0.6288789773482205,2,2132,199
UUGGCUCGGGCUCC,0.8501824281876043,0.5794474621391882,2,2132,199
AGGUGUCGGCCCCC,0.8499108378564579,0.5107925508046763,2,2132,199
AUGGGGCGGGGCCC,0.8473361940913628,0.5986708058851272,2,2132,199
AGGGUCCGGCCCCU,0.8459571885438548,0.7661888000172442,2,2132,199
AUCGCGCGUGUCCC,0.8448454940283014,0.5492392906760948,2,2132,199
AUUGGCCGGGUCCC,0.8443379285303021,0.5190311192130015,2,2132,199
AUGGGCCCGGUCUC,0.841935584598821,0.5053001369460991,2,2132,199
UUGGUGCGGGCCCA,0.8402809520872705,0.5794474621391882,2,2132,199
UUGAGCGGGGCCCC,0.8226236563549687,0.6508485804029885,2,2132,199
AGGGGUCAGCAUUC,0.8168526298872363,0.4256604502739735,2,2132,199
GUAGGCCUGGCACC,0.8074148323877739,0.4256604502739735,2,2132,199
UGGGGCCGGGCGUC,0.8004324772717464,0.7167572848082119,2,2132,199
UUGGGCGGGGCACC,0.7887581071477685,0.5821936690684767,2,2132,199
AAGGUCCGGGUCCG,0.7886686637695624,0.5437468768175177,2,2132,199
UUGGGGCGGGCACC,0.7866839916402358,0.5794474621391882,2,2132,199
AUCGGCCGGGUCCC,0.7857422191411874,0.5272697400008672,2,2132,199
UCGGGCCGGGCCCC,0.783125869669288,0.6700719241489276,2,2132,199
AUGGUCCGGCACGC,0.783006505086737,0.5053001369460991,2,2132,199
AUGGGCCCGGUCCC,0.7779194868882318,0.5657164798722858,2,2132,199
UGAGGCCGGGCACC,0.7776266996611165,0.590432237476802,2,2132,199
UUGGGCCGGGGGCC,2.4174291747087104,0.7304882670751143,3,3179,298
UUGGGCUGGGCGCC,2.2824078319827055,0.7140110778789233,3,3179,298
UUGGGCCGGGCGAU,2.210767665445479,0.7991431784096261,3,3179,298
AGGUUCCGGCCACU,2.0881195898736378,0.5080463438753877,3,3179,298
UUGGGCCAGGAGCC,2.0869028217409675,0.5739550482806111,3,3179,298
AGGGUUCGGCCGCU,2.0838883726543083,0.6343713912067976,3,3179,298
AGGGUACGGCCCGU,1.7106387307788058,0.6261327704189319,3,3179,298
UUGGGCCGGGAGAC,1.638228421056128,0.6398637526858343,3,3179,298
CAGGUCCAGUCCGU,1.6102332369360366,0.480584379341583,3,3179,298
UUUGGUCGGGCGAC,1.6029098235463546,0.5876860305475133,3,3179,298
AGGCUGCGGCCCCU,1.5923916833276315,0.5684626868015744,3,3179,298
UCCGGCCUGGCGAA,1.505273703759863,0.6096556336022815,3,3179,298
UGGGGCCGGGUGAC,1.454357467469822,0.7167572848082119,3,3179,298
UUGGUCCGGGCGAC,1.451327415071358,0.5986708058851272,3,3179,298
UCGGGCCUGGCGAA,1.4383814084919317,0.6096556336022815,3,3179,298
UUGGGACGGGGGCC,1.411401232866167,0.6096556336022815,3,3179,298
UUGGCCCGGUCGCC,1.3498867857596677,0.5135387577339648,3,3179,298
UUCUGCCGGGCGGC,1.3221953719280548,0.5794474621391882,3,3179,298
UCGGGCCCGGCGAA,1.316854865939289,0.6096556336022815,3,3179,298
UUGGGUCGGGCGAC,1.3055967120915835,0.7222496462872485,3,3179,298
UCAGGCCGGGCGAA,1.2863982839485746,0.6755643380075047,3,3179,298
GUGGGCCGGGCUAC,1.2847237708013068,0.7332344740044028,3,3179,298
UAGGCCCUGGCGAC,1.2792215682756345,0.5629702729429972,3,3179,298
UUUGGCCGGGCGGC,1.2697763325221842,0.6700719241489276,3,3179,298
AGGGUCCUGCCCCU,1.2496222679397357,0.5959246513353791,3,3179,298
UUGGCCCGGGCGAC,1.244437471211143,0.5986708058851272,3,3179,298
GGGGUCCGGACCCU,1.2430541296900421,0.7826659892134351,3,3179,298
GGGUUCCGGCCCCU,1.232369940199947,0.6920415272036957,3,3179,298
UUGGGCUGGGCGAC,1.212117224931152,0.7359806285541509,3,3179,298
ACGGCCCGGCCUCU,1.2020660660042315,0.5657164798722858,3,3179,298
UCGGGCCGGGCGAC,1.188951437079857,0.7716812138758213,3,3179,298
UUGGGCCCGUCGCC,1.188329081294154,0.5684626868015744,3,3179,298
AGGGUCCGGCCCCA,1.178072631765481,0.7661888000172442,3,3179,298
AGGCUCCGGCCCCU,1.165748056567196,0.5821936690684767,3,3179,298
CGGGUCCGGGCGAC,1.1594507529393983,0.6673257172196391,3,3179,298
UUGGGCGGGGUGGC,1.142193821425586,0.6343713912067976,3,3179,298
UGGGGGCGGGCGCC,1.131937050526036,0.6343713912067976,3,3179,298
UUGGGCCGCGCGCG,1.1295750439219459,0.7277420601458257,3,3179,298
UGGUUCCGGGACCU,1.105897198770223,0.43939143254087587,3,3179,298
UUGGGCCUCGCGCC,1.103604402034371,0.7222496462872485,3,3179,298
UCGGGCCGGGCGAA,1.0781831575111835,0.7799197822841466,3,3179,298
UUUGACCGGGCGAC,1.0669377371471045,0.4860767932001601,3,3179,298
GGGGUCCGGCCUCC,1.0418762599363185,0.8211127290848537,3,3179,298
UGGGGCCGGUCGCC,1.03402778781146,0.5959246513353791,3,3179,298
UUGAGCCGCGCGCC,1.0324643462873115,0.5080463438753877,3,3179,298
UUGGGCCGGUCGCA,1.0292232520137345,0.5410007222677696,3,3179,298
AGGGUCCCGCCCCU,1.0287449383465723,0.6124017881520295,3,3179,298
CUGUGCCGGGCGAG,1.0267070090459616,0.6563409418820252,3,3179,298
GGGGUCCGGGCCCU,1.0184037470543554,0.7826659892134351,3,3179,298
UAGGGCCGGGCGCG,1.0138305794185876,0.7140110778789233,3,3179,298
UUGCGCCGAUCGUC,1.0048504509673835,0.35425933201017307,3,3179,298
UUUGGCCGGGCGCC,1.0009405197297814,0.6398637526858343,3,3179,298
AGGGGCCGGCCCCA,0.9937006486612694,0.7304882670751143,3,3179,298
UUGGGACGGGCGCA,0.989014064672896,0.5410007222677696,3,3179,298
AGGAGCCGGCCCCA,0.9847709388404178,0.554731704534672,3,3179,298
UUGGGACGGGCGGC,0.9765706035954215,0.6069094266729929,3,3179,298
AGGGUCCGGCGCCU,0.9723979645178317,0.6728181310782162,3,3179,298
AGGGUCCGGCCACU,0.9636421772087346,0.6920415272036957,3,3179,298
CGUGUCCGGCCCCU,0.9608330648955896,0.5849398236182248,3,3179,298
UUGGGCCGAUCGUC,0.9583239772874179,0.44213763947016443,3,3179,298
UAGGGCCGGGCGAU,0.9517821574507175,0.77442742080511,3,3179,298
GGGGUCCGGCACCU,0.9486242805792795,0.7826659892134351,3,3179,298
UUGCGUCGGACGCC,0.948446899698068,0.46410719014539203,3,3179,298
AGCCUCCGGCCCCU,0.9455922673229467,0.6563409418820252,3,3179,298
AUGGGCCGGGCGCC,0.9455513704387929,0.8018893853389146,3,3179,298
UUGGGCCGCGCAAC,0.9445272731725575,0.5355083084091925,3,3179,298
GGGGCCCGGCCUCC,0.9277735046592814,0.6810566994865414,3,3179,298
AUAGUCCGGCCCCU,0.9233329124653479,0.5849398236182248,3,3179,298
AGGGUCCGGCCCUU,0.9188057110033618,0.777173575354858,3,3179,298
AGGAACCGGGCCCU,0.9183634681174814,0.4668533970746806,3,3179,298
UUGGGCCGGGCGCU,0.9174680461924734,0.7387268354834394,3,3179,298
UGGGGCGGGGCGCC,0.9154963164347636,0.6288789773482205,3,3179,298
UUGGUCCGUGUGCC,0.9127967267620873,0.49156915467919676,3,3179,298
UUGGGCAGCGCACG,0.9101479127033134,0.4284066572032621,3,3179,298
UUGGGCCGGUCGAA,0.9072158039859697,0.6069094266729929,3,3179,298
AGGGUCCGGCACCU,0.9022904694450721,0.6728181310782162,3,3179,298
GCGGGCCGGUCGAC,0.9012930731986624,0.5739550482806111,3,3179,298
UUGGGCCGAGCGAC,0.9002751246603026,0.6069094266729929,3,3179,298
UUGGGCCUGCCGCC,0.8920227919643555,0.5053001369460991,3,3179,298
CUGGGCCGGGCGAC,0.8894293325723978,0.7963969714803375,3,3179,298
UUGGGCCUGUCGAC,0.8881543174489014,0.4284066572032621,3,3179,298
UUAGGCCGGGCGCU,0.8743388839065136,0.6096556336022815,3,3179,298
AUGGGCCGGCCGCC,0.8690852484122806,0.6206404089398952,3,3179,298
UUGGGCCGCGCGAC,0.8677125024086689,0.6014170128144157,3,3179,298
UUAGGCCGGGCGAC,0.8620246792676711,0.6673257172196391,3,3179,298
UUGCGCCGGGCGCC,0.8588435330061421,0.5794474621391882,3,3179,298
UUUGGGCGGGCGCC,0.854543294525751,0.5794474621391882,3,3179,298
GGCGUCCGGCCCCC,0.8536023999767663,0.6810566994865414,3,3179,298
UCGGGCCGGGCGCC,0.8536019932324252,0.7497116108210532,3,3179,298
AGCGUCCGGACACU,0.8527500972312498,0.3762289088751709,3,3179,298
GUGGCCCGGGCGAU,0.8487748885828593,0.6371175981360863,3,3179,298
UUGGGCUGGGCGAG,0.8471564019903132,0.7936507645510489,3,3179,298
UUGCGCCGGACGCC,0.8419291214954592,0.46410719014539203,3,3179,298
UAGGGCCGAGCGCC,0.8342731822311389,0.5629702729429972,3,3179,298
UUGUGCAGGGCGCC,0.8342604827317153,0.5190311192130015,3,3179,298
UUGUGCGGGGCGAC,0.82318013465293,0.5190311192130015,3,3179,298
UUGGGCCGCGCGCC,0.8200899531102799,0.68380290641583,3,3179,298
GGCGUCCGGCCUCC,0.8060616202526301,0.6261327704189319,3,3179,298
AUGGGCCGGGCGAU,0.8046792887367589,0.8266051429434308,3,3179,298
AUGGGCCGGGGGCC,3.952971510034477,0.757950231608919,4,4222,397
UCGGGCCGGCCGAU,3.029445987973242,0.5821936690684767,4,4222,397
UGGGGCUGGGUGAG,2.970898887807542,0.7140110778789233,4,4222,397
CUGGGCCCGGCGAC,2.185785571497169,0.6261327704189319,4,4222,397
CGGGUCCGGCCUUC,2.1416493183542507,0.7140110778789233,4,4222,397
CUGGGCCGAGCGCC,2.0830602277882284,0.5849398236182248,4,4222,397
UUGGGCGGGGGGAC,2.082221988456913,0.5794474621391882,4,4222,397
UUGGGCUGGGCGUG,2.075635199396732,0.68380290641583,4,4222,397
AUGGGCAGGGCGAU,1.9407149753325514,0.6563409418820252,4,4222,397
AUCGGCGGGGCGAU,1.8205066225460977,0.554731704534672,4,4222,397
GACGUGUGGCCUCC,1.7835299777977704,0.4750919654830058,4,4222,397
CUCCGCCGGGCGAG,1.7686188265737743,0.6371175981360863,4,4222,397
AAGGGGCGGGCGGC,1.7047835389742394,0.6590871488113138,4,4222,397
AUGGGCGGGGCGAU,1.643154218010474,0.7085186640203461,4,4222,397
AUGAGCCGGGCGAU,1.6392517896236805,0.6371175981360863,4,4222,397
AUGCGCCGAGCGAU,1.6275415042997,0.44213763947016443,4,4222,397
GGGGUCCGGCUUCC,1.588044163775655,0.7442192493420166,4,4222,397
GGGGUCCGGCCUUC,1.5499643757891903,0.8211127290848537,4,4222,397
UUGGGCUGGAUGAG,1.532507701552471,0.5492392906760948,4,4222,397
GGGGUCCGUCCUCC,1.5269030168223399,0.6233866158691839,4,4222,397
GGGGUCAGGACUCC,1.5236504330848022,0.5190311192130015,4,4222,397
CUGGGCUCGACGAG,1.4592302175753655,0.4201680626051666,4,4222,397
AUGGACCGGGUGCC,1.429503327763587,0.5657164798722858,4,4222,397
AUGGGCCGGGCGCU,1.4101204547610686,0.7661888000172442,4,4222,397
AUUGGCCGGACGUA,1.348490256740048,0.41192946800707114,4,4222,397
CUGGGCCCGGCGAG,1.3116369082756223,0.68380290641583,4,4222,397
GGGGUCCGACCUCC,1.301837794426714,0.6233866158691839,4,4222,397
AUGGGGCGGGCGCC,1.2957095799409777,0.6810566994865414,4,4222,397
AUGGCCUGGGCGAG,1.2708749467744798,0.6233866158691839,4,4222,397
GGGGUCCGGCCCCC,1.2646579684861792,0.8760366581524631,4,4222,397
UUGGGCUGGGCGAU,1.2598120829009438,0.7387268354834394,4,4222,397
GGGGUCCCGCCUCC,1.2549145199478113,0.6618333557406024,4,4222,397
UUGGGCUCCGCGAG,1.2449131539372813,0.6343713912067976,4,4222,397
UUAGUCCGGGCGAC,1.225763111089636,0.4723458109332578,4,4222,397
AUGGGCAGGGCGAA,1.2243438691326922,0.6618333557406024,4,4222,397
AUGUGCCGGGCGAU,1.2219314471674065,0.6288789773482205,4,4222,397
AUGGGCUGGGCGAU,1.21692466688278,0.7661888000172442,4,4222,397
UGGGGCUGGGCGAG,1.2153561578437122,0.7661888000172442,4,4222,397
UUGAGCCCGGCGAC,1.2036805517633533,0.4366452256115873,4,4222,397
AUUGGCCGGGGGCU,1.1952623285302115,0.6206404089398952,4,4222,397
GGGGUCUGGCCUCG,1.1808798539904042,0.7606964385382076,4,4222,397
GGGGGCCGGCCUCC,1.1703848368273084,0.6810566994865414,4,4222,397
UAGGGCAGGGUGAU,1.1701952922536791,0.5519854976053834,4,4222,397
AUGGGCCGAGCGAU,1.1667481124862047,0.6371175981360863,4,4222,397
AGGGGCCGGGUGAU,1.1635840819038117,0.7195034917375004,4,4222,397
CUGGGCUGGGCGAC,1.1614141375416556,0.7359806285541509,4,4222,397
UUGGGUCGGGCGAA,1.1578375618913348,0.7304882670751143,4,4222,397
UUGCGCCGGGCGAU,1.1485258200044814,0.6041632197437043,4,4222,397
UUGGGCAGAGCCAG,1.1456293994927336,0.5245235330715786,4,4222,397
GCGGUCCGGCCUCC,1.1427944292814707,0.6261327704189319,4,4222,397
UAGGGCAGGGUGAG,1.1381135109496192,0.6069094266729929,4,4222,397
UUGGGCUGGGAGAG,1.133851277867737,0.6371175981360863,4,4222,397
AUGGGCCGGGCGAA,1.1329866086542564,0.8320975044224674,4,4222,397
AUGGGCCGGGCGGC,1.1278428768855022,0.8320975044224674,4,4222,397
GGCGUCCUGCCUCC,1.1184604451861544,0.49156915467919676,4,4222,397
GGGGUCCGGACUCC,1.116531803311651,0.6892953202744071,4,4222,397
UUGUGCCUGGCGGU,1.1118363917033687,0.4311528379427804,4,4222,397
AUGGGCCGGGGGAU,1.1038423030926545,0.7277420601458257,4,4222,397
CUGGGCCGGACGAC,1.0981168162882897,0.5986708058851272,4,4222,397
CUGGGCCGGGCGGC,1.0930015683915177,0.8046355398886628,4,4222,397
UUGGUCCGGACGAU,1.0853431377409177,0.4229142433446849,4,4222,397
UUGGACUGGGCGAG,1.0821231864659488,0.5959246513353791,4,4222,397
AUGGGCCGGGCGAG,1.0623574973376217,0.8815290196314998,4,4222,397
AGGGUCCGGUCUCU,1.0541872100752967,0.6371175981360863,4,4222,397
AUGGGCCGGGCUAC,1.0484045613169797,0.724995853216537,4,4222,397
CUGGGUCGGGUGAC,1.0445872198419894,0.6700719241489276,4,4222,397
AAGGGCCGGGCGAC,1.042515402992351,0.7716812138758213,4,4222,397
AUAGGCCGGGCGAU,1.0392228647776969,0.6700719241489276,4,4222,397
GGUGUCCGGCCUCC,1.0376046001307606,0.6233866158691839,4,4222,397
UUGAGGCGGGCGAU,1.0351493895540451,0.4998077754670625,4,4222,397
CUGGGCUAGGCGAC,1.0340611463766436,0.5739550482806111,4,4222,397
UUGGGCCGGCCGAU,1.0215321099409447,0.6014170128144157,4,4222,397
CUCGGCUGGGCGAC,1.0164890271641296,0.6096556336022815,4,4222,397
GUGGGCCGGGCGAA,1.0144648391480038,0.8403361252103332,4,4222,397
AUAGGCCGGGCGCC,1.0029525190672137,0.6453561665444114,4,4222,397
AUAGGCCGGCCGUC,1.0013168361723852,0.4750919654830058,4,4222,397
AUGGGCCCGGCGAU,1.0002782414064264,0.6563409418820252,4,4222,397
AUGGGGCGGGCGGC,0.9782951729877616,0.7112648709496348,4,4222,397
UUGGGACGUGCGAC,0.9735292516409026,0.4009446926694573,4,4222,397
CUGGGCCGUGCGAC,0.9725903163496727,0.5986708058851272,4,4222,397
UUGGACCGGGCGAU,0.9697453105601359,0.6014170128144157,4,4222,397
CUGGGCCUGGCGAC,0.9552048016836328,0.6261327704189319,4,4222,397
UUGGGCCGGGCUAU,0.9412054628132793,0.6975338886827324,4,4222,397
CUAGGCCGGGCGAC,0.9351107274683181,0.6673257172196391,4,4222,397
GGGUUCAGGCUUCC,0.9303124944133424,0.444883846399453,4,4222,397
UCGGGCUCGGCGAG,0.9237037095633625,0.5931784444060906,4,4222,397
CUGGGCCGGGGGAC,0.9209401479786408,0.6975338886827324,4,4222,397
CUGUGCCGAGCGAC,0.9197117087810548,0.4091832610777826,4,4222,397
UUGGGCUGGGCCAG,0.9168199797231347,0.6288789773482205,4,4222,397
CUGGGCCGGGUGAC,0.9133887562609243,0.7442192493420166,4,4222,397
GGGGUCCGGCCUCU,0.9049391576775389,0.8211127290848537,4,4222,397
UUGGGCAGGGUGAG,0.9044086073597921,0.631625184277509,4,4222,397
UUAGGCUGGGCGAG,0.9023696818378466,0.6645795626698909,4,4222,397
GCGGUCCGGCCGCC,0.9023155488331664,0.6178942020106067,4,4222,397
UUGUGCCGCGCGAU,0.8859497347527128,0.5327621014799039,4,4222,397
UUGUGCUGGGCGAG,0.8843260855283276,0.5959246513353791,4,4222,397
ACGGGCCGGGCGAU,0.8819318894389028,0.77442742080511,4,4222,397
AUUGGCCGGGCGAA,0.8738922726429417,0.6700719241489276,4,4222,397
CCGGGCCGGGCCAC,0.8693701087817233,0.6645795626698909,4,4222,397
GGGGUUCGGCCGCG,2.8055973253541464,0.7277420601458257,5,5255,496
GGUCGCCCGGCGAA,2.6040113888403367,0.5053001369460991,5,5255,496
GGGGUCCGCCCCCU,2.603947580579067,0.6810566994865414,5,5255,496
AUGGGUCGGGCGGG,2.4454199646598176,0.7826659892134351,5,5255,496
GGGGCCAGGCGCCC,2.322952835323413,0.6481023734737,5,5255,496
GGGGUGCAGACCCC,2.276318408947072,0.48333058627087155,5,5255,496
GGGUUCCGGCCCCC,2.2618531143180047,0.6920415272036957,5,5255,496
GUGGGCCGGGAAAA,2.2561660630225857,0.6371175981360863,5,5255,496
GUGGACCGGGUGAA,2.237263260839982,0.590432237476802,5,5255,496
ACGGGCCGAGCGAG,2.032338593896336,0.6398637526858343,5,5255,496
CUGGGCGGGGCGAG,2.0233054019681025,0.7359806285541509,5,5255,496
AAGGGCCGGGCGCG,1.870622140327833,0.7140110778789233,5,5255,496
GGGGUGCGGCCCCC,1.7962272571132525,0.757950231608919,5,5255,496
AUGGGCGGGGCGAG,1.7550586101268302,0.7634425930879556,5,5255,496
GGCGUCCGGCCCAC,1.742118447099747,0.7195034917375004,5,5255,496
GUGGGCCGGGCGAU,1.7168086913964065,0.8348437113517561,5,5255,496
GUGGGCCGGAGGAU,1.6818512119838445,0.5986708058851272,5,5255,496
GGUGUACGGUCCCC,1.669453941594231,0.4284066572032621,5,5255,496
GGGGUCCGGUCUCC,1.5727246230897796,0.7469654562713052,5,5255,496
GGGGUUCGGCCCCG,1.5304291975591657,0.7963969714803375,5,5255,496
GGGGUCCGACCCGC,1.4791975367466597,0.6975338886827324,5,5255,496
GGAGUCCGGCCCCC,1.4356356598867535,0.6865491133451186,5,5255,496
GGGUUCCGGGCCCC,1.425935131005432,0.6124017881520295,5,5255,496
AUGGUGCGGGCGAG,1.4122720719121273,0.6178942020106067,5,5255,496
AUGGGACUUGCGAG,1.4082799958634233,0.4146756749363597,5,5255,496
GUGGGCUGGGAGGA,1.4049202879410048,0.5986708058851272,5,5255,496
AUGGGCCGCGCGAG,1.3886211757085878,0.6865491133451186,5,5255,496
GGUGUCCGGCCCAC,1.3726137464105663,0.7167572848082119,5,5255,496
GUGGGCCGGGCUAG,1.3589376087169183,0.7332344740044028,5,5255,496
GGGGUCCCGCCCCC,1.3569451272505455,0.7057725094705981,5,5255,496
GUGGGCCGGGCCGA,1.3395340727481457,0.724995853216537,5,5255,496
GUGGUCCGGGCGAA,1.3290613437147916,0.6426099596151229,5,5255,496
GUCGGUCGGGCCAA,1.3209075930094856,0.5519854976053834,5,5255,496
GGGGUCCGCCCCCC,1.3186735090303388,0.6810566994865414,5,5255,496
GGGGUCCCGCCCAC,1.314985016665267,0.7442192493420166,5,5255,496
GUGGGCAAGGCGAA,1.2412653088593184,0.5876860305475133,5,5255,496
CGGGUCGGGCCCCC,1.2374645853105195,0.6508485804029885,5,5255,496
GGGGUCCAGGCCCC,1.2284353095284593,0.7716812138758213,5,5255,496
GUGGGCCGAGCGAA,1.2154807484454997,0.6508485804029885,5,5255,496
ACGGACCGGGCGAG,1.1961030981837806,0.631625184277509,5,5255,496
AUGGGCCGGGCUAG,1.191046666405394,0.724995853216537,5,5255,496
CUGGGCCGGGCGAA,1.1572036387547608,0.8046355398886628,5,5255,496
CUGGUCCGCGCGUA,1.1506928321496848,0.6481023734737,5,5255,496
ACGGGCCGGGCGUG,1.1369749249816372,0.7195034917375004,5,5255,496
GUGGGCCCGGCAAA,1.1092258947104416,0.5657164798722858,5,5255,496
AUGGGUCGGGAGAG,1.108781485929486,0.6508485804029885,5,5255,496
GUAGGCCUGGCGAA,1.1067669431340454,0.5053001369460991,5,5255,496
GGGGUCUGACCCCC,1.1026530948031235,0.6178942020106067,5,5255,496
UUGGGCCGGCCGAA,1.0984151041458836,0.6069094266729929,5,5255,496
GUGGGCUGGGCGAG,1.0776511247360574,0.8293513498727194,5,5255,496
AUGGUGCAGGCGAG,1.066067808218208,0.4998077754670625,5,5255,496
GGCGUCAGGCCCCC,1.061216274032861,0.554731704534672,5,5255,496
GUGGGCCAGGUGAA,1.05258780622112,0.6178942020106067,5,5255,496
GGGAUCCGGGUACC,1.0365447608929315,0.46136098321610347,5,5255,496
GGGGUUCGGCCCCC,1.0317348887710756,0.7963969714803375,5,5255,496
GGGCGCCGGGCGAA,1.0248251530487815,0.6728181310782162,5,5255,496
GUGGGCCGGACGAC,1.0235205110703234,0.6343713912067976,5,5255,496
GGGGUGCGGCGCCC,1.0150101357557406,0.6535947349527367,5,5255,496
AUGGGACGGGCGGG,1.0149767698513223,0.6590871488113138,5,5255,496
GUGGGCCCGGCGAA,1.0080245419479616,0.6700719241489276,5,5255,496
UUGGGCAAGGCGAA,1.0024160290033424,0.5519854976053834,5,5255,496
GUGGGCCGGGUGAA,0.9873872881521216,0.7881584030720123,5,5255,496
AAGGCCCGCGCGAG,0.9847698622202061,0.6014170128144157,5,5255,496
CAGGUCCGGCGCCC,0.9711269689145371,0.5712088413513224,5,5255,496
GGGGACCAGCCCCC,0.9707497453356004,0.55747785908442,5,5255,496
CUGGGCCGGGGGAA,0.95833375776608,0.7057725094705981,5,5255,496
AAGGGCCGGGCGAG,0.9569493446096439,0.8293513498727194,5,5255,496
GUGGGGGGGGCGAA,0.9510665522967674,0.5821936690684767,5,5255,496
GUGGGCCGUGCGCG,0.9500322576268769,0.6865491133451186,5,5255,496
AUGGCCCAGGCGAG,0.9472585248549388,0.5684626868015744,5,5255,496
GAGGUCCGGCCCCC,0.9438600131609987,0.6865491133451186,5,5255,496
GUAGGCCGGCCGAA,0.926146545363085,0.4778381724122944,5,5255,496
AUGGGCCGGGGGCG,0.9245562211829494,0.7030263025413095,5,5255,496
CGGGUCCGUCCCCC,0.9219728455294223,0.5712088413513224,5,5255,496
AUGGGCUGCGCGAG,0.9118403322518881,0.6261327704189319,5,5255,496
UGGGUUCGGCCCCC,0.911351823611209,0.6810566994865414,5,5255,496
GUACCGCGGCCGAA,0.9082317242107483,0.4146756749363597,5,5255,496
AAGGCCCGGGCGAG,0.9054700717794582,0.631625184277509,5,5255,496
AUUGGCCGGGCGAU,0.9004570846177063,0.6645795626698909,5,5255,496
GUGGGCCUGGUGAA,0.8999586527713279,0.6178942020106067,5,5255,496
AUGGGGUGAGCGAG,0.8938937479071045,0.5190311192130015,5,5255,496
GUGGGCCUGGCGAA,0.8912345541292466,0.6700719241489276,5,5255,496
GGGGGCCGGGCGAU,0.8877256928902906,0.7716812138758213,5,5255,496
GUGGGCCGGGGGAA,0.8831267761226647,0.741473042412728,5,5255,496
AUGGCCCCGGCGAG,0.882601694766757,0.6178942020106067,5,5255,496
GUGGGUCGGGCGAG,0.8820936021255263,0.815620367605817,5,5255,496
GUGGGCCGUGCGAG,0.8815799500648492,0.6920415272036957,5,5255,496
AUGGGCCGGGAGUG,0.873906010861274,0.6371175981360863,5,5255,496
AUGGGCUUGGCGAG,0.8667117219373222,0.6590871488113138,5,5255,496
GAGGUCCGGCCUCC,0.8659797328606404,0.631625184277509,5,5255,496
GGGGUCGAUGCCCC,0.8635366586974735,0.5767012552098996,5,5255,496
AUGGGCCCGGCGCG,0.8614892446541282,0.7304882670751143,5,5255,496
GGGGCCCGCCCCCC,0.8600525659133984,0.6590871488113138,5,5255,496
GGGGUGCGGCCCAC,0.8586957909289403,0.7963969714803375,5,5255,496
GAGGUGCGGCCCCC,0.858469734984554,0.5876860305475133,5,5255,496
UCGGGCCGGCCGAA,0.8582944767860665,0.5821936690684767,5,5255,496
AUGGGCCGGGCCAG,0.8579150009967449,0.7167572848082119,5,5255,496
GGUGUCCGUCCCCC,0.8534165567241901,0.4888229477499082,5,5255,496
GAGGGCCGGGUGAA,0.85314507026504,0.7277420601458257,5,5255,496
