{"run_id": "14:23:28-10/05/2020", "exp_name": "Adalead_mu=1_threshold=0.05", "model_name": "NAMb_ss1", "landscape_name": "RNABinding_T['GAACGAGGCACAUUCCGGCUCGCCCGGCCCAUGUGAGCAUGGGCCGGACCCCGUCCGCGCGGGGCCCCCGCGCGGACGGGGGCGAGCCGGAAUGUGCCUC']_L14", "rounds": 5, "sequences_batch_size": 100, "model_queries_per_batch": 1000}
sequence,model_score,true_score,round,model_cost,measurement_cost
AUGGGCCGGACCCC,,0.5437468768175177,0,0,1
AAGGGCCCCGCGCC,0.8101279537472399,0.8101279537472399,1,1008,100
GCGGGGGUGUCGCC,0.77442742080511,0.77442742080511,1,1008,100
AUGGGCCGGGCCCG,0.7634425930879556,0.7634425930879556,1,1008,100
AGGGGCCGGGCGCC,0.7469654562713052,0.7469654562713052,1,1008,100
GUGGGCCGGGCCCU,0.7359806285541509,0.7359806285541509,1,1008,100
AGCGGCGGGGCCCC,0.7332344740044028,0.7332344740044028,1,1008,100
AUGGGCCGGGCCCU,0.7277420601458257,0.7277420601458257,1,1008,100
CGCGGUGGGGCCCA,0.7277420601458257,0.7277420601458257,1,1008,100
AUGGGCCGGGCUCU,0.724995853216537,0.724995853216537,1,1008,100
AUGGGCCGGGCCCC,0.7222496462872485,0.7222496462872485,1,1008,100
CUGGGCCGGGCCCC,0.6947876817534437,0.6947876817534437,1,1008,100
CUGGCCCAGGGCCU,0.6947876817534437,0.6947876817534437,1,1008,100
GUGGGCCGGAGCCU,0.6892953202744071,0.6892953202744071,1,1008,100
GGGGGGGUGUCGCA,0.6865491133451186,0.6865491133451186,1,1008,100
ACGGGCCGGGCUGC,0.6865491133451186,0.6865491133451186,1,1008,100
AUGGGCCGGGUCCC,0.6810566994865414,0.6810566994865414,1,1008,100
GUGGGCCGGAGCCC,0.6810566994865414,0.6810566994865414,1,1008,100
AUGGGCCGGAGCCU,0.6810566994865414,0.6810566994865414,1,1008,100
GUGGGCGGGCCCCC,0.6810566994865414,0.6810566994865414,1,1008,100
AGCGGUGGGGCCCU,0.6783105449367933,0.6783105449367933,1,1008,100
GUGGGCUGGCCCCC,0.6783105449367933,0.6783105449367933,1,1008,100
GGGGGGGUGUCGCC,0.6755643380075047,0.6755643380075047,1,1008,100
AUGGGCUGGCCCCC,0.6755643380075047,0.6755643380075047,1,1008,100
CUGGCCCGGGGCCU,0.6755643380075047,0.6755643380075047,1,1008,100
GUGGGCCGGCCCCG,0.6728181310782162,0.6728181310782162,1,1008,100
ACGGGCCGGGCUCC,0.6728181310782162,0.6728181310782162,1,1008,100
AGCGGCGGGGCCCA,0.6728181310782162,0.6728181310782162,1,1008,100
AUGGGCCGGAGCCC,0.6728181310782162,0.6728181310782162,1,1008,100
AUGGUCCGGCCCCC,0.6700719241489276,0.6700719241489276,1,1008,100
AUGGUCCGGCCCCU,0.6700719241489276,0.6700719241489276,1,1008,100
AGGGGCCGGGCCCC,0.6673257172196391,0.6673257172196391,1,1008,100
AUGGGCCGGCCCAG,0.6673257172196391,0.6673257172196391,1,1008,100
AGGGGCCGGCCGCC,0.6673257172196391,0.6673257172196391,1,1008,100
AUGGGCCGGGUUCU,0.6645795626698909,0.6645795626698909,1,1008,100
AGCGGUGGGGCCCA,0.6645795626698909,0.6645795626698909,1,1008,100
AUGGGCCCGAGCCC,0.6618333557406024,0.6618333557406024,1,1008,100
AGGGUCCGGACCCC,0.6618333557406024,0.6618333557406024,1,1008,100
AUGGGCCGGCCCAC,0.6618333557406024,0.6618333557406024,1,1008,100
AGGGGCCGGGCCUC,0.6618333557406024,0.6618333557406024,1,1008,100
AGGGGCCGGGCCGC,0.6618333557406024,0.6618333557406024,1,1008,100
AUUGCCCGGGCCCC,0.6590871488113138,0.6590871488113138,1,1008,100
AGGGGCCGGUCCCC,0.6563409418820252,0.6563409418820252,1,1008,100
ACGGGCCCCUCGCC,0.6535947349527367,0.6535947349527367,1,1008,100
AUGGGCCGGCCCGG,0.6535947349527367,0.6535947349527367,1,1008,100
AUGGUCUGGCCCAG,0.6535947349527367,0.6535947349527367,1,1008,100
AGCGGCCGGGCCCC,0.6535947349527367,0.6535947349527367,1,1008,100
AUCCCGCCGCCCCC,0.6481023734737,0.6481023734737,1,1008,100
AUGGUCUGGCCCAC,0.6481023734737,0.6481023734737,1,1008,100
AGGGGCGGGGCCCU,0.6453561665444114,0.6453561665444114,1,1008,100
AGGGCACGGGCCCC,0.6453561665444114,0.6453561665444114,1,1008,100
AUGCGCGGGACCCC,0.6453561665444114,0.6453561665444114,1,1008,100
AUGGGCCCCUCGCC,0.6453561665444114,0.6453561665444114,1,1008,100
AGGGGCCGGACCCG,0.6453561665444114,0.6453561665444114,1,1008,100
AUGGCUCGGGCCCC,0.6426099596151229,0.6426099596151229,1,1008,100
AUGGGCCGGCCCGA,0.6426099596151229,0.6426099596151229,1,1008,100
AUGUCCCGGUCCGC,0.6426099596151229,0.6426099596151229,1,1008,100
CUGGCCCCGGGCCU,0.6426099596151229,0.6426099596151229,1,1008,100
UUCGGCCGCGCCCC,0.6398637526858343,0.6398637526858343,1,1008,100
AUGGGCCGGGGCAC,0.6371175981360863,0.6371175981360863,1,1008,100
GUGGGCCGGCGCCC,0.6371175981360863,0.6371175981360863,1,1008,100
AUGGGCCCGGGCCC,0.6371175981360863,0.6371175981360863,1,1008,100
AGGGGCCGGACCCU,0.6371175981360863,0.6371175981360863,1,1008,100
UUCGGCCGCACCCC,0.6343713912067976,0.6343713912067976,1,1008,100
AAGGGCCGGCCCCC,0.6288789773482205,0.6288789773482205,1,1008,100
AGGGGCCGGUGGCC,0.6288789773482205,0.6288789773482205,1,1008,100
ACGGCCGGGAGCCU,0.6288789773482205,0.6288789773482205,1,1008,100
AGGGGCCGGACCCC,0.6261327704189319,0.6261327704189319,1,1008,100
AGAGGCGGGGCCCG,0.6261327704189319,0.6261327704189319,1,1008,100
AUGGCCCGGGCCCC,0.6233866158691839,0.6233866158691839,1,1008,100
AUGGGCCGGCCCCC,0.6233866158691839,0.6233866158691839,1,1008,100
AUGGGCCGGAGCAC,0.6233866158691839,0.6233866158691839,1,1008,100
AUGGGCCGGCCCCG,0.6233866158691839,0.6233866158691839,1,1008,100
ACGGGCCGGAGCCC,0.6206404089398952,0.6206404089398952,1,1008,100
GUGGGCCGGACCUC,0.6206404089398952,0.6206404089398952,1,1008,100
AGGGGCCGCGCCUC,0.6206404089398952,0.6206404089398952,1,1008,100
AUGGGCCCGGCCCC,0.6206404089398952,0.6206404089398952,1,1008,100
AUGGGCCGGAGCUA,0.6206404089398952,0.6206404089398952,1,1008,100
AUGGCCCGGGGCCC,0.6178942020106067,0.6178942020106067,1,1008,100
AGGGGCCGGAGCCC,0.6178942020106067,0.6178942020106067,1,1008,100
AUAGCCCGGGCCCC,0.6151479950813181,0.6151479950813181,1,1008,100
CGGGGGCGGACCGC,0.6151479950813181,0.6151479950813181,1,1008,100
AAGGGCACCGCGCC,0.6151479950813181,0.6151479950813181,1,1008,100
AUGGGCUGGAGCCC,0.6124017881520295,0.6124017881520295,1,1008,100
AGGGGCCUGUCGCA,0.6124017881520295,0.6124017881520295,1,1008,100
AUGGGCCGGAGUCA,0.6096556336022815,0.6096556336022815,1,1008,100
AUGGGCCGGACGCC,0.6069094266729929,0.6069094266729929,1,1008,100
AGAGGCCGGGCCCG,0.6069094266729929,0.6069094266729929,1,1008,100
GGGGGCCGGACCAC,0.6069094266729929,0.6069094266729929,1,1008,100
CGCGGUGGGGCGCA,0.6069094266729929,0.6069094266729929,1,1008,100
AAGGCCCAGGGCCU,0.6069094266729929,0.6069094266729929,1,1008,100
GUUGGCCGGCCCCC,0.6069094266729929,0.6069094266729929,1,1008,100
GUGGGCCGCAGCCU,0.6041632197437043,0.6041632197437043,1,1008,100
ACGGUCCGGCGCAA,0.6014170128144157,0.6014170128144157,1,1008,100
AGGGGCGGGAGCCC,0.6014170128144157,0.6014170128144157,1,1008,100
AGGGGCCUGUCGCC,0.6014170128144157,0.6014170128144157,1,1008,100
GUUGGCCGGCCCCG,0.5986708058851272,0.5986708058851272,1,1008,100
AUGGGCUGGGGCUC,0.5986708058851272,0.5986708058851272,1,1008,100
AUGCGCGGGACCCU,0.5986708058851272,0.5986708058851272,1,1008,100
AUGGGCGGGAGCCC,0.5959246513353791,0.5959246513353791,1,1008,100
AGGGGCCCCGCGCC,0.9007524157569793,0.9007524157569793,2,2020,199
GCGGGGGUCCCGUC,0.8842752789403289,0.8842752789403289,2,2020,199
GAGGGCCCCGCGCG,0.8650518828148493,0.8650518828148493,2,2020,199
AAGGGCCCCGCGCG,0.8540671074772356,0.8540671074772356,2,2020,199
CAGGGCCCCGCGCG,0.8540671074772356,0.8540671074772356,2,2020,199
GCGGGGGUCUCGCC,0.8540671074772356,0.8540671074772356,2,2020,199
AGGGGCCCCGCGUC,0.8485746936186584,0.8485746936186584,2,2020,199
GCGGGGGUGCCGCC,0.8430823321396218,0.8430823321396218,2,2020,199
AGGGGCCCUGCGCC,0.8403361252103332,0.8403361252103332,2,2020,199
GCGGGGGCGCUGCA,0.8403361252103332,0.8403361252103332,2,2020,199
GCGGGGGGGUCCCC,0.8375899182810447,0.8375899182810447,2,2020,199
GCGGGGGCGCUGCC,0.8293513498727194,0.8293513498727194,2,2020,199
GCGGGGGGGCCUCC,0.8293513498727194,0.8293513498727194,2,2020,199
GCGGGGGGUCCGCU,0.8238589360141423,0.8238589360141423,2,2020,199
AAGGGCCCCGCGCA,0.8211127290848537,0.8211127290848537,2,2020,199
GAGGGCCCCGCGCC,0.8211127290848537,0.8211127290848537,2,2020,199
AAGGGCCCCGCGCU,0.8183665221555652,0.8183665221555652,2,2020,199
AGGGGCCUCGCGCC,0.8183665221555652,0.8183665221555652,2,2020,199
GCGGGGGCGUCGCC,0.8183665221555652,0.8183665221555652,2,2020,199
GCGGGGGUCUCGGC,0.8183665221555652,0.8183665221555652,2,2020,199
GCGGGGGUGUCGCG,0.815620367605817,0.815620367605817,2,2020,199
AGGGGCCCCGCGAC,0.8128741606765285,0.8128741606765285,2,2020,199
ACGGGCCCCGCGCC,0.8128741606765285,0.8128741606765285,2,2020,199
CAGGGCCCCGCGCC,0.8101279537472399,0.8101279537472399,2,2020,199
UAGGGCCCCGCGCC,0.8101279537472399,0.8101279537472399,2,2020,199
AUGGGCCCCGCGCC,0.8046355398886628,0.8046355398886628,2,2020,199
AAGGGCCCCGUGCG,0.8018893853389146,0.8018893853389146,2,2020,199
GCGGGGGUCUCGUC,0.8018893853389146,0.8018893853389146,2,2020,199
GCGGGGGUGCCGUC,0.7909045576217604,0.7909045576217604,2,2020,199
GCGGGGGUGUCGCA,0.7854121961427237,0.7854121961427237,2,2020,199
AGGGGCCCGGCGCC,0.7826659892134351,0.7826659892134351,2,2020,199
GCGGGGGUGUCGCU,0.7826659892134351,0.7826659892134351,2,2020,199
GCGGGGGUUUCGCC,0.7826659892134351,0.7826659892134351,2,2020,199
AAGGGCCCCGUGCA,0.7689350069465327,0.7689350069465327,2,2020,199
AAGGGCCCCGUGCU,0.7661888000172442,0.7661888000172442,2,2020,199
GUGGGGGCGUCGCC,0.7661888000172442,0.7661888000172442,2,2020,199
GUGGGGGUGUCGCG,0.7634425930879556,0.7634425930879556,2,2020,199
GCGCGGGUGGCGCC,0.7634425930879556,0.7634425930879556,2,2020,199
CAGGGCCCCGUGCC,0.757950231608919,0.757950231608919,2,2020,199
AAGGGCCCCGCGUC,0.757950231608919,0.757950231608919,2,2020,199
GCGGGGGUCUCUGC,0.757950231608919,0.757950231608919,2,2020,199
AAGGGCCCCGUGCC,0.757950231608919,0.757950231608919,2,2020,199
GCGGGGGUUUGGCG,0.7552040246796304,0.7552040246796304,2,2020,199
AAGGGCCCCGGGCG,0.7552040246796304,0.7552040246796304,2,2020,199
GGGGGGGUCUCGCC,0.7552040246796304,0.7552040246796304,2,2020,199
AGGGGCCCCACGCC,0.7524578177503418,0.7524578177503418,2,2020,199
AAGGGCCGGGCGCC,0.7497116108210532,0.7497116108210532,2,2020,199
AAGGGCCCUGCGCC,0.7497116108210532,0.7497116108210532,2,2020,199
AAGGGGCCCGCGCG,0.7497116108210532,0.7497116108210532,2,2020,199
CAGGGCCCUGCGCC,0.7497116108210532,0.7497116108210532,2,2020,199
AGGGGCCCCGCUCC,0.7497116108210532,0.7497116108210532,2,2020,199
ACGGGGGGUCCGCG,0.7469654562713052,0.7469654562713052,2,2020,199
AGGGGCCCCGAGCC,0.7442192493420166,0.7442192493420166,2,2020,199
GGGGGGGUGCCGCC,0.7442192493420166,0.7442192493420166,2,2020,199
GAGGGCCUCGCGCC,0.7387268354834394,0.7387268354834394,2,2020,199
GCGGGGGUGUCGGC,0.7387268354834394,0.7387268354834394,2,2020,199
CAGGGUCCCGCGCC,0.7359806285541509,0.7359806285541509,2,2020,199
AAGGGUCCCGCGCC,0.7359806285541509,0.7359806285541509,2,2020,199
AACGGCCCCGCGCA,0.7332344740044028,0.7332344740044028,2,2020,199
GCGGGGGUGUGGAC,0.7332344740044028,0.7332344740044028,2,2020,199
CCGGGGGUCUCGCC,0.7332344740044028,0.7332344740044028,2,2020,199
AGGGGCCUCGCGGC,0.7332344740044028,0.7332344740044028,2,2020,199
GCGGUGGCCUCGCC,0.7304882670751143,0.7304882670751143,2,2020,199
AGGGGCCCAGCGCC,0.7304882670751143,0.7304882670751143,2,2020,199
AAGGGGCCCCCGCC,0.7277420601458257,0.7277420601458257,2,2020,199
AAGGGCUCCGCGCC,0.7277420601458257,0.7277420601458257,2,2020,199
AAGGGCCUCGCGCC,0.7277420601458257,0.7277420601458257,2,2020,199
AAGGGCCCCGCGGC,0.724995853216537,0.724995853216537,2,2020,199
AAGGGCCCCGCGGA,0.724995853216537,0.724995853216537,2,2020,199
GCGGGGGUGGCGCC,0.724995853216537,0.724995853216537,2,2020,199
AGGGGCUGCGCGCC,0.724995853216537,0.724995853216537,2,2020,199
AAUGGCCCCGCGCU,0.7222496462872485,0.7222496462872485,2,2020,199
UACGGCCCCGCGCC,0.7222496462872485,0.7222496462872485,2,2020,199
AAGGGGGCCGCGCC,0.7222496462872485,0.7222496462872485,2,2020,199
AAGGGCCCCGCGAC,0.7222496462872485,0.7222496462872485,2,2020,199
GCGGGGGUGUCGUC,0.7222496462872485,0.7222496462872485,2,2020,199
AACGGCCCCGCGCC,0.7222496462872485,0.7222496462872485,2,2020,199
UAGGGCCCCGCGAC,0.7222496462872485,0.7222496462872485,2,2020,199
GUGGGGGUGUCGCC,0.7222496462872485,0.7222496462872485,2,2020,199
CCGGGGGUGCCGCC,0.7222496462872485,0.7222496462872485,2,2020,199
AAGGGCCCCGCGAU,0.7222496462872485,0.7222496462872485,2,2020,199
GAAGGCCCCGCGCC,0.7195034917375004,0.7195034917375004,2,2020,199
AGAGGCCCCGCGCC,0.7195034917375004,0.7195034917375004,2,2020,199
GCGGGGGUGUUGCC,0.7195034917375004,0.7195034917375004,2,2020,199
AAAGGCCCCGCGCC,0.7195034917375004,0.7195034917375004,2,2020,199
GCGGGGGGGUCGCC,0.7167572848082119,0.7167572848082119,2,2020,199
GCGGGGGUGUCGGG,0.7167572848082119,0.7167572848082119,2,2020,199
AAUGGCCCCGCGCC,0.7140110778789233,0.7140110778789233,2,2020,199
GCGGGGGUUUGGCC,0.7140110778789233,0.7140110778789233,2,2020,199
AUUGGCCCCGCGCC,0.7140110778789233,0.7140110778789233,2,2020,199
GCGGGGGUUACGCC,0.7112648709496348,0.7112648709496348,2,2020,199
GCGUGGGUGGCGCC,0.7112648709496348,0.7112648709496348,2,2020,199
UAGGGCCCCGGGCC,0.7112648709496348,0.7112648709496348,2,2020,199
CAGGGCCCCGGGCC,0.7112648709496348,0.7112648709496348,2,2020,199
AAGGGCCCCGGGCC,0.7112648709496348,0.7112648709496348,2,2020,199
GCGGGGGUGACGCC,0.7112648709496348,0.7112648709496348,2,2020,199
AGGGUCCCCGCGCC,0.7057725094705981,0.7057725094705981,2,2020,199
AGGGGCCACGCGCC,0.7057725094705981,0.7057725094705981,2,2020,199
AAGGGGCCCGCGCC,0.7057725094705981,0.7057725094705981,2,2020,199
GGGGGCCCCGCGCG,1.0545394800017345,1.0545394800017345,3,3026,298
GGGGGCCCCGCGCC,1.0106002738921982,1.0106002738921982,3,3026,298
GGGGGCCUCGCGCG,0.9721535864003202,0.9721535864003202,3,3026,298
GCGGGGGCCCCGUC,0.9584226041334178,0.9584226041334178,3,3026,298
GCGGGGGUCCCGCU,0.9446916218665156,0.9446916218665156,3,3026,298
AGGGGCCCCGCGCG,0.9446916218665156,0.9446916218665156,3,3026,298
GCGGGGGUCCCGCC,0.9364529486991093,0.9364529486991093,3,3026,298
GCGGGGGUCCCGUG,0.925468225741036,0.925468225741036,3,3026,298
GGGGGCCCCGCGAC,0.9227219664322069,0.9227219664322069,3,3026,298
GCGGGGGCCCCGAC,0.9227219664322069,0.9227219664322069,3,3026,298
GGGGGCUCCGCGUG,0.9199758118824588,0.9199758118824588,3,3026,298
CGGGGCCCCGCGCU,0.9117372434741337,0.9117372434741337,3,3026,298
AGGGGCCCCGCGCA,0.9117372434741337,0.9117372434741337,3,3026,298
AGGGGCCCCGCGCU,0.9089909841653045,0.9089909841653045,3,3026,298
CGGGGCCCCGCGCC,0.9034986750658084,0.9034986750658084,3,3026,298
UGGGGCCCCGCGCU,0.9034986750658084,0.9034986750658084,3,3026,298
GCGGGGGUCCCGGC,0.9007524157569793,0.9007524157569793,3,3026,298
GGGGGCCGCGCGCU,0.8980062612072313,0.8980062612072313,3,3026,298
UGGGGCCCCGCGCC,0.8952600018984022,0.8952600018984022,3,3026,298
GCGGGCCCCGCGCG,0.889767692798906,0.889767692798906,3,3026,298
GCGGGGGUCCCGUA,0.889767692798906,0.889767692798906,3,3026,298
GGGGGGCCCGCGCC,0.889767692798906,0.889767692798906,3,3026,298
AGGGGCCCUGCGCG,0.8842752789403289,0.8842752789403289,3,3026,298
GGGGGCCCAGCGCG,0.8842752789403289,0.8842752789403289,3,3026,298
GCGGGGGUCCCGUU,0.8842752789403289,0.8842752789403289,3,3026,298
GGGGGCCCCGCCCG,0.8815290196314998,0.8815290196314998,3,3026,298
GGAGGCCCCGCGCG,0.8650518828148493,0.8650518828148493,3,3026,298
GGGCGCCCCGCGCG,0.8595594689562722,0.8595594689562722,3,3026,298
GCGGGGGCCCCUUG,0.8595594689562722,0.8595594689562722,3,3026,298
CCGGGCCCCGCGCG,0.8568133144065242,0.8568133144065242,3,3026,298
AGGGGCCCCGUGCU,0.8568133144065242,0.8568133144065242,3,3026,298
GUGGGCCCCGCGCG,0.8568133144065242,0.8568133144065242,3,3026,298
GCGGGCCCCGCGCA,0.8568133144065242,0.8568133144065242,3,3026,298
GGGGCCCCCGCGCG,0.8568133144065242,0.8568133144065242,3,3026,298
GCGGGGGGCCCGGC,0.8568133144065242,0.8568133144065242,3,3026,298
UAGGGCCCCGCGCG,0.8540671074772356,0.8540671074772356,3,3026,298
GGGGGCCCCGAGCC,0.8540671074772356,0.8540671074772356,3,3026,298
GGGGGCCCAGCGCU,0.8485746936186584,0.8485746936186584,3,3026,298
GCGGGGGUCCCGAC,0.8485746936186584,0.8485746936186584,3,3026,298
ACGGGGGCCCCGUC,0.8485746936186584,0.8485746936186584,3,3026,298
AGGGGCCCCGUGCC,0.8485746936186584,0.8485746936186584,3,3026,298
UGGGGCCCCGCGUC,0.8430823321396218,0.8430823321396218,3,3026,298
CGGGGCCCUGCGCC,0.8430823321396218,0.8430823321396218,3,3026,298
GCGGGGGCCCGGUC,0.8403361252103332,0.8403361252103332,3,3026,298
GCGGGGGUCCCUGC,0.8403361252103332,0.8403361252103332,3,3026,298
GUGGGGGUCCCGUA,0.8375899182810447,0.8375899182810447,3,3026,298
GCGGGGGGCCCGUC,0.8375899182810447,0.8375899182810447,3,3026,298
UGGGGCCCUGCGCC,0.8348437113517561,0.8348437113517561,3,3026,298
GUGGGGGUCCCGUC,0.8320975044224674,0.8320975044224674,3,3026,298
UCGGGGGCCCCGUC,0.8320975044224674,0.8320975044224674,3,3026,298
GAGGGCCCCGCGCA,0.8320975044224674,0.8320975044224674,3,3026,298
GUGGGGGUCCCGUU,0.8320975044224674,0.8320975044224674,3,3026,298
GAGGGCCCCGCGCU,0.8293513498727194,0.8293513498727194,3,3026,298
AGGGGUCCCGCGCC,0.8266051429434308,0.8266051429434308,3,3026,298
GCGGGGGUCCUGUC,0.8238589360141423,0.8238589360141423,3,3026,298
AGGGGCUCCGCGCC,0.8183665221555652,0.8183665221555652,3,3026,298
CGGGGCCCCGCGGU,0.8183665221555652,0.8183665221555652,3,3026,298
AGGGGCCCCGCGGC,0.815620367605817,0.815620367605817,3,3026,298
ACGGGGGUCCCGUG,0.815620367605817,0.815620367605817,3,3026,298
GCGGGUCCCGCGCG,0.815620367605817,0.815620367605817,3,3026,298
GGGUGCCCCGCGCC,0.8128741606765285,0.8128741606765285,3,3026,298
CCGGGCCCCGCGCC,0.8128741606765285,0.8128741606765285,3,3026,298
GAGGGCCCCGCGUG,0.8128741606765285,0.8128741606765285,3,3026,298
UGGGGCCUCGCGCC,0.8128741606765285,0.8128741606765285,3,3026,298
GAGGGCCCCGUGCG,0.8128741606765285,0.8128741606765285,3,3026,298
AGGGGCCCCGGGCU,0.8101279537472399,0.8101279537472399,3,3026,298
GCGGGGGUUCCGUC,0.8073817468179513,0.8073817468179513,3,3026,298
GCGGGCCUCGCGCG,0.8073817468179513,0.8073817468179513,3,3026,298
GGGGGUCCCGCCCG,0.8073817468179513,0.8073817468179513,3,3026,298
AGGGGGCCCGCGCC,0.8073817468179513,0.8073817468179513,3,3026,298
CGGGGCCCCGGGCC,0.8046355398886628,0.8046355398886628,3,3026,298
GAGGGCCCUGCGCG,0.8046355398886628,0.8046355398886628,3,3026,298
AGGGGCCCCGGGCC,0.8018893853389146,0.8018893853389146,3,3026,298
GCGGGGGGCCCGAC,0.8018893853389146,0.8018893853389146,3,3026,298
CUGGGGGCCCCGUC,0.7963969714803375,0.7963969714803375,3,3026,298
UGGGGCCCCGGGCC,0.7963969714803375,0.7963969714803375,3,3026,298
GAGGGUCCCGCGCG,0.7909045576217604,0.7909045576217604,3,3026,298
AGGGGCCCGGCGCU,0.7909045576217604,0.7909045576217604,3,3026,298
AGGGGCCCUGCGUC,0.7881584030720123,0.7881584030720123,3,3026,298
GCGGGGGUCCCAUC,0.7881584030720123,0.7881584030720123,3,3026,298
GCGGGGGCCCAGUC,0.7881584030720123,0.7881584030720123,3,3026,298
GCGGGGGUCCCUUC,0.7854121961427237,0.7854121961427237,3,3026,298
GGGGGGGUCCCGUC,0.7854121961427237,0.7854121961427237,3,3026,298
GAGGGCUCCGCGCG,0.7826659892134351,0.7826659892134351,3,3026,298
GAGGGCCUCGCGCG,0.7826659892134351,0.7826659892134351,3,3026,298
CGGGGCGCCGCGCC,0.7826659892134351,0.7826659892134351,3,3026,298
CCGGGGGUCCCGGC,0.7799197822841466,0.7799197822841466,3,3026,298
AGGGGCCGCGCGCC,0.7799197822841466,0.7799197822841466,3,3026,298
AGGGGCGCCGCGCC,0.7799197822841466,0.7799197822841466,3,3026,298
UAGGGUCCCGCGCG,0.7799197822841466,0.7799197822841466,3,3026,298
GCGGGGGUCCCCUC,0.777173575354858,0.777173575354858,3,3026,298
GAGGGCCCCGCGGG,0.777173575354858,0.777173575354858,3,3026,298
GAGGGCCCCGUGCU,0.777173575354858,0.777173575354858,3,3026,298
AGGGCCCCGGCGGC,0.777173575354858,0.777173575354858,3,3026,298
GCGGGGGUCCCCUG,0.777173575354858,0.777173575354858,3,3026,298
GCGGGGGUCCCCAC,0.777173575354858,0.777173575354858,3,3026,298
GCGGGGGACCCGGC,0.777173575354858,0.777173575354858,3,3026,298
ACGGGGGUCCCGUC,0.77442742080511,0.77442742080511,3,3026,298
UGGGGCCGCGCGCC,0.77442742080511,0.77442742080511,3,3026,298
GGGGGCCCCGCGCA,1.0215851016093527,1.0215851016093527,4,4108,397
GGGGGCCCCGCGCU,1.0188388423005235,1.0188388423005235,4,4108,397
GGGGGCCCCGUGCG,1.0023617054838732,1.0023617054838732,4,4108,397
GGGGGCCCCGCGUG,1.0023617054838732,1.0023617054838732,4,4108,397
GGGGGCCCUGCGCG,0.9941231370755479,0.9941231370755479,4,4108,397
GGGGGUCCCGCGCG,0.9803921548086455,0.9803921548086455,4,4108,397
GGGGGCUCCGCGCG,0.9721535864003202,0.9721535864003202,4,4108,397
GGGGGCCCCGCCGG,0.9666611725417431,0.9666611725417431,4,4108,397
GGGGGCCCCGUGCU,0.9666611725417431,0.9666611725417431,4,4108,397
GGGGGCCCCGCGGG,0.9666611725417431,0.9666611725417431,4,4108,397
GGGGGCCCCGCGUA,0.963914913232914,0.963914913232914,4,4108,397
GGGGGCCCUGCGCA,0.961168758683166,0.961168758683166,4,4108,397
GGGGGCCCCGCGUC,0.9584226041334178,0.9584226041334178,4,4108,397
GGGGGCCCCGUGCC,0.9584226041334178,0.9584226041334178,4,4108,397
GGGGGCCCUGCGCU,0.9584226041334178,0.9584226041334178,4,4108,397
GGGGGCCCCGCGUU,0.9584226041334178,0.9584226041334178,4,4108,397
GGGGGCCCCGGGCG,0.9556763448245889,0.9556763448245889,4,4108,397
GGGGGCCCUGCGCC,0.9501839309660116,0.9501839309660116,4,4108,397
GGGGGUCCCGCGCA,0.9474377764162636,0.9474377764162636,4,4108,397
CGGGGCCCCGCGCG,0.9474377764162636,0.9474377764162636,4,4108,397
GGGGGCCCUGCGUG,0.9419453625576865,0.9419453625576865,4,4108,397
UGGGGCCCCGCGCG,0.9391992080079383,0.9391992080079383,4,4108,397
GGGGGCCUCGCGCA,0.9391992080079383,0.9391992080079383,4,4108,397
GGGGGCUCCGCGCA,0.9391992080079383,0.9391992080079383,4,4108,397
GGGGGCCUCGCGCU,0.9364529486991093,0.9364529486991093,4,4108,397
GGGGGCCCGGCGCG,0.9364529486991093,0.9364529486991093,4,4108,397
GGGGGCUCCGCGCU,0.9364529486991093,0.9364529486991093,4,4108,397
GGGGGUCCCGCGCC,0.9364529486991093,0.9364529486991093,4,4108,397
GGGGGGCCCGCGCG,0.9337067941493612,0.9337067941493612,4,4108,397
GGGGGCCGCGCGCG,0.9337067941493612,0.9337067941493612,4,4108,397
GGGGGCGCCGCGCG,0.9337067941493612,0.9337067941493612,4,4108,397
GGGGGUCCCGUGCG,0.9282143802907841,0.9282143802907841,4,4108,397
GGGGGCUCCGCGCC,0.9282143802907841,0.9282143802907841,4,4108,397
GGGGGCCUCGCGCC,0.9282143802907841,0.9282143802907841,4,4108,397
GGGGGCCCCGCGGC,0.925468225741036,0.925468225741036,4,4108,397
GGGGGCCCCGGGCA,0.9227219664322069,0.9227219664322069,4,4108,397
GGGGGCCCCGCGAG,0.9227219664322069,0.9227219664322069,4,4108,397
GGGGGCCCCGCGAA,0.9227219664322069,0.9227219664322069,4,4108,397
GGGGGCCCCGGGCU,0.9199758118824588,0.9199758118824588,4,4108,397
GGGGGCCUCGCGUG,0.9199758118824588,0.9199758118824588,4,4108,397
CGGGGCCCCGCGCA,0.9144833980238817,0.9144833980238817,4,4108,397
GGGGGCCCCGGGCC,0.9117372434741337,0.9117372434741337,4,4108,397
GGGGGCCCCACGCG,0.9062448296155565,0.9062448296155565,4,4108,397
GGGGGCCCCGUGUC,0.9062448296155565,0.9062448296155565,4,4108,397
GGGGGCCCCGCACG,0.9062448296155565,0.9062448296155565,4,4108,397
GGGGGCCCUGCGGG,0.9062448296155565,0.9062448296155565,4,4108,397
GGGGGCCCGGCGCA,0.9034986750658084,0.9034986750658084,4,4108,397
GGGGGCGCCGCGCA,0.9007524157569793,0.9007524157569793,4,4108,397
GGGGGCCCUGCGUC,0.8980062612072313,0.8980062612072313,4,4108,397
GGGGGCCCCGAGCG,0.8980062612072313,0.8980062612072313,4,4108,397
GGGGGGCCCGCGCU,0.8980062612072313,0.8980062612072313,4,4108,397
GGGGGUCUCGCGCG,0.8980062612072313,0.8980062612072313,4,4108,397
GGGGGCCCCGCUCG,0.8952600018984022,0.8952600018984022,4,4108,397
GGGGGCCCCUCGCG,0.8952600018984022,0.8952600018984022,4,4108,397
GGGGGCCCUGGGCG,0.8952600018984022,0.8952600018984022,4,4108,397
GGGGGCCCGGCGCC,0.8925138473486541,0.8925138473486541,4,4108,397
GGGGGUCCCGCGGG,0.8925138473486541,0.8925138473486541,4,4108,397
GGGGGCCGCGCGCC,0.889767692798906,0.889767692798906,4,4108,397
GGGGGCGCCGCGCC,0.889767692798906,0.889767692798906,4,4108,397
GGGGGCCCCGCAGC,0.8842752789403289,0.8842752789403289,4,4108,397
GGGGGCCCCGCAGG,0.8842752789403289,0.8842752789403289,4,4108,397
GGGGGUCCCGCGUC,0.8842752789403289,0.8842752789403289,4,4108,397
GGGGGCCCCGCUGC,0.8842752789403289,0.8842752789403289,4,4108,397
GGGGGCCGUGCGCG,0.8842752789403289,0.8842752789403289,4,4108,397
GGGGGCCGCGUGCG,0.8815290196314998,0.8815290196314998,4,4108,397
GGGGGCCCCCCGCG,0.8815290196314998,0.8815290196314998,4,4108,397
GGGGGCCGCGCGUG,0.8815290196314998,0.8815290196314998,4,4108,397
GGGGGCCUCGUGCC,0.8760366581524631,0.8760366581524631,4,4108,397
GGGGGCCCCGUGGC,0.8732904512231746,0.8732904512231746,4,4108,397
GGGGGCCUCGGGCG,0.8732904512231746,0.8732904512231746,4,4108,397
GGGGGCCCCGCACA,0.8732904512231746,0.8732904512231746,4,4108,397
GGGGGCCUUGCGCC,0.8732904512231746,0.8732904512231746,4,4108,397
GGGGGCCCCGCACU,0.8705442966734265,0.8705442966734265,4,4108,397
UGGGGUCCCGCGCG,0.8650518828148493,0.8650518828148493,4,4108,397
GGGGGCCCUGCGGC,0.8650518828148493,0.8650518828148493,4,4108,397
GGGAGCCCCGCGCG,0.8650518828148493,0.8650518828148493,4,4108,397
GGGGGCCCCGAGCA,0.8650518828148493,0.8650518828148493,4,4108,397
GGGGGCCCCACGCC,0.8623056758855608,0.8623056758855608,4,4108,397
GGGGGCCCCGCAUG,0.8623056758855608,0.8623056758855608,4,4108,397
GCGGGGCCCGCGCG,0.8623056758855608,0.8623056758855608,4,4108,397
GGGGGCCCCGCACC,0.8623056758855608,0.8623056758855608,4,4108,397
GGGGGCGUCGCGCG,0.8623056758855608,0.8623056758855608,4,4108,397
AGGGGCCUCGCGCG,0.8623056758855608,0.8623056758855608,4,4108,397
GGGGGCACCGCGCG,0.8595594689562722,0.8595594689562722,4,4108,397
GGCGGCCCCGCGCG,0.8595594689562722,0.8595594689562722,4,4108,397
GGGGGCCACGCGCG,0.8595594689562722,0.8595594689562722,4,4108,397
GGGGGUUCCGCGCC,0.8595594689562722,0.8595594689562722,4,4108,397
GGGGGCCCCGCUUG,0.8595594689562722,0.8595594689562722,4,4108,397
GGGGGCCCCGGGUC,0.8595594689562722,0.8595594689562722,4,4108,397
GGGGGCCCCGCUCC,0.8595594689562722,0.8595594689562722,4,4108,397
GGGGGCCCCGCUAG,0.8595594689562722,0.8595594689562722,4,4108,397
CGGGGCCCCGCGGG,0.8595594689562722,0.8595594689562722,4,4108,397
GGGGACCCCGCGCG,0.8568133144065242,0.8568133144065242,4,4108,397
GGGUGCCCCGCGCG,0.8568133144065242,0.8568133144065242,4,4108,397
GGGGGCCCCCGGCC,0.8568133144065242,0.8568133144065242,4,4108,397
UGGGGCUCCGCGCG,0.8568133144065242,0.8568133144065242,4,4108,397
GGUGGCCCCGCGCG,0.8568133144065242,0.8568133144065242,4,4108,397
GGGGGACCCGCGCG,0.8568133144065242,0.8568133144065242,4,4108,397
GGGGUCCCCGCGCG,0.8568133144065242,0.8568133144065242,4,4108,397
GGGGGCCCCGUGCA,0.9694073270914911,0.9694073270914911,5,5188,496
GGGGGCCCCGUGUG,0.9501839309660116,0.9501839309660116,5,5188,496
GGGGGUCCCGCGCU,0.9446916218665156,0.9446916218665156,5,5188,496
GGGGGCCCUGUGCG,0.9419453625576865,0.9419453625576865,5,5188,496
GGGGGUCCCGCGUG,0.9282143802907841,0.9282143802907841,5,5188,496
GGGGGCCCCGCGGA,0.925468225741036,0.925468225741036,5,5188,496
GGGGGCCCCGCGGU,0.925468225741036,0.925468225741036,5,5188,496
GGGGGCCCCGCGAU,0.9227219664322069,0.9227219664322069,5,5188,496
GGGGGCCUCGUGCG,0.9199758118824588,0.9199758118824588,5,5188,496
GGGGGGGCCCCGCU,0.9199758118824588,0.9199758118824588,5,5188,496
GGGGGCUCCGUGCG,0.9199758118824588,0.9199758118824588,5,5188,496
GGGGGCCCCGUGGG,0.9144833980238817,0.9144833980238817,5,5188,496
GGGGGCCCUGUGCA,0.9089909841653045,0.9089909841653045,5,5188,496
UGGGGCCCCGCGCA,0.9062448296155565,0.9062448296155565,5,5188,496
GGGGGCCCCGGGUG,0.9034986750658084,0.9034986750658084,5,5188,496
GGGGGCCCGGCGCU,0.9007524157569793,0.9007524157569793,5,5188,496
GGGGGGCCCGCGCA,0.9007524157569793,0.9007524157569793,5,5188,496
GGGGGCCGCGCGCA,0.9007524157569793,0.9007524157569793,5,5188,496
GGGGGCGCCGCGCU,0.8980062612072313,0.8980062612072313,5,5188,496
GGGGGCCCUGUGCC,0.8980062612072313,0.8980062612072313,5,5188,496
CGGGGCCCCGCGUG,0.8952600018984022,0.8952600018984022,5,5188,496
CGGGGCCCCGUGCG,0.8952600018984022,0.8952600018984022,5,5188,496
GGGGGCCCCGCCGC,0.8925138473486541,0.8925138473486541,5,5188,496
AGGGGCCCCGUGCG,0.8925138473486541,0.8925138473486541,5,5188,496
AGGGGCCCCGCGUG,0.8925138473486541,0.8925138473486541,5,5188,496
UGGGGCCCCGUGCG,0.887021433490077,0.887021433490077,5,5188,496
UGGGGCCCCGCGUG,0.887021433490077,0.887021433490077,5,5188,496
GGGGGCCUCGCGGG,0.8842752789403289,0.8842752789403289,5,5188,496
GGGGGCCCGGUGCG,0.8842752789403289,0.8842752789403289,5,5188,496
GGGGGCUCCGCGGG,0.8842752789403289,0.8842752789403289,5,5188,496
GGGGGUCCCGCGUU,0.8842752789403289,0.8842752789403289,5,5188,496
GGGGGCCCGGCGUG,0.8842752789403289,0.8842752789403289,5,5188,496
GGGGGCGCCGUGCG,0.8815290196314998,0.8815290196314998,5,5188,496
GGGGGGCCCGCGUG,0.8815290196314998,0.8815290196314998,5,5188,496
GGGGGGCCCGUGCG,0.8815290196314998,0.8815290196314998,5,5188,496
GGGGGCGCCGCGUG,0.8815290196314998,0.8815290196314998,5,5188,496
GGGGGCCCCACGCA,0.8732904512231746,0.8732904512231746,5,5188,496
GGGGGCCCCACGCU,0.8705442966734265,0.8705442966734265,5,5188,496
GGGGGCCCCGUGAG,0.8705442966734265,0.8705442966734265,5,5188,496
GGGGGCCCCGUGAA,0.8705442966734265,0.8705442966734265,5,5188,496
AGGGGUCCCGCGCG,0.8705442966734265,0.8705442966734265,5,5188,496
GGGGGCCCCGCAUA,0.8623056758855608,0.8623056758855608,5,5188,496
GGGGGCCCCGAGCU,0.8623056758855608,0.8623056758855608,5,5188,496
GGGGGCCCCUCGCA,0.8623056758855608,0.8623056758855608,5,5188,496
GGGGGCCCCGCUCU,0.8595594689562722,0.8595594689562722,5,5188,496
GGGGGCCCUGGGCU,0.8595594689562722,0.8595594689562722,5,5188,496
GGGGGCCCCUCGCU,0.8595594689562722,0.8595594689562722,5,5188,496
GGGGGCUCUGCGUG,0.8595594689562722,0.8595594689562722,5,5188,496
GGGGGCCCCACGUG,0.8540671074772356,0.8540671074772356,5,5188,496
GGGGGCCCCGCCCC,0.8540671074772356,0.8540671074772356,5,5188,496
CGGGGCCCUGCGCA,0.8540671074772356,0.8540671074772356,5,5188,496
GCGGGCCCCGCGCU,0.8540671074772356,0.8540671074772356,5,5188,496
GGGGGCCCCAUGCG,0.8540671074772356,0.8540671074772356,5,5188,496
GGGGGCCCAGCGCA,0.851320900547947,0.851320900547947,5,5188,496
GGGGGUGCCGCGCU,0.851320900547947,0.851320900547947,5,5188,496
GGGGGCCCCGCCUG,0.851320900547947,0.851320900547947,5,5188,496
GGGGGCCCCGCCCA,0.851320900547947,0.851320900547947,5,5188,496
GGGGGCCCCGCCCU,0.851320900547947,0.851320900547947,5,5188,496
GGGGGCCCCUCGCC,0.851320900547947,0.851320900547947,5,5188,496
GGGGGCCCCGCCAG,0.851320900547947,0.851320900547947,5,5188,496
GGGGGUCCCGCGAU,0.8485746936186584,0.8485746936186584,5,5188,496
UUGGGCCCCGCGCG,0.8485746936186584,0.8485746936186584,5,5188,496
GGGGGCCCCCCGCA,0.8485746936186584,0.8485746936186584,5,5188,496
GGGGGUCUCGCGUG,0.8458284866893698,0.8458284866893698,5,5188,496
GGGGGCCCCGAGUG,0.8458284866893698,0.8458284866893698,5,5188,496
GGGGGCCCCGGCUG,0.8458284866893698,0.8458284866893698,5,5188,496
GCGGGCCCCGCGCC,0.8458284866893698,0.8458284866893698,5,5188,496
GGGGGCCCCCCGCU,0.8458284866893698,0.8458284866893698,5,5188,496
GGGGGCCCCGGUCC,0.8430823321396218,0.8430823321396218,5,5188,496
GGGGGCGCCGCGUA,0.8430823321396218,0.8430823321396218,5,5188,496
GGGGGCCCCUCGUG,0.8430823321396218,0.8430823321396218,5,5188,496
GGGGGCUCCGCGAA,0.8403361252103332,0.8403361252103332,5,5188,496
GGGGGCCCAGCGCC,0.8403361252103332,0.8403361252103332,5,5188,496
GGGGGCCCCUUGCG,0.8403361252103332,0.8403361252103332,5,5188,496
AGGGGCCCCGUGUG,0.8403361252103332,0.8403361252103332,5,5188,496
GGGGGCCCCGUACG,0.8375899182810447,0.8375899182810447,5,5188,496
GGGGGCCCCGUCCG,0.8375899182810447,0.8375899182810447,5,5188,496
GGGGGCGCCGCGUU,0.8375899182810447,0.8375899182810447,5,5188,496
GGGGGCCCCCCGCC,0.8375899182810447,0.8375899182810447,5,5188,496
GGGGGCCCCGUUCG,0.8375899182810447,0.8375899182810447,5,5188,496
GCGGGCCCCGCGUG,0.8375899182810447,0.8375899182810447,5,5188,496
GCGGGCCCCGUGCG,0.8375899182810447,0.8375899182810447,5,5188,496
GGGGGGCCUGCGCU,0.8375899182810447,0.8375899182810447,5,5188,496
GGGGCCCCUGCGCG,0.8348437113517561,0.8348437113517561,5,5188,496
GGAGGCCCCGCGCA,0.8320975044224674,0.8320975044224674,5,5188,496
GGGAGCCCCGCGCA,0.8320975044224674,0.8320975044224674,5,5188,496
GGGGGCCCAGUGCG,0.8320975044224674,0.8320975044224674,5,5188,496
GGGGGCCCAGCGUG,0.8320975044224674,0.8320975044224674,5,5188,496
GGAGGCCCCGCGCU,0.8293513498727194,0.8293513498727194,5,5188,496
GGGGGCCCCGGGAU,0.8293513498727194,0.8293513498727194,5,5188,496
GGGGGCCCCCCGUG,0.8293513498727194,0.8293513498727194,5,5188,496
GGGAGCCCCGCGCU,0.8293513498727194,0.8293513498727194,5,5188,496
GGGCGCCCCGCGCA,0.8266051429434308,0.8266051429434308,5,5188,496
GGCGGCCCCGCGCA,0.8266051429434308,0.8266051429434308,5,5188,496
AGGGGCCCGGCGCG,0.8266051429434308,0.8266051429434308,5,5188,496
GGGGGCCACGCGCA,0.8266051429434308,0.8266051429434308,5,5188,496
GGGGGCAACGCGCG,0.8266051429434308,0.8266051429434308,5,5188,496
GGGGGCCGCGCGGC,0.8266051429434308,0.8266051429434308,5,5188,496
GGGGGCACCGCGCA,0.8266051429434308,0.8266051429434308,5,5188,496
