id,batch,sequence,true_score,model_score,batch_size,measurement_cost,virtual_evals,landscape_id,start_id,model_type,virtual_screen,horizon,explorer_type
12670586-455b-11ea-a194-3af9d3b33fd2,0,AUGGGCCGGACCCC,0.5437468768175177,0.5437468768175177,100,1,0,B1L14RNA1,startRNAL14_0,NAMb_ss0,10, 10,CbAS_Q0.8_generatorVAE
12670586-455b-11ea-a194-3af9d3b33fd2,1,GGCGUAAGGUAUCG,0.2883506276049498,0.5437468768175177,100,101,1000,B1L14RNA1,startRNAL14_0,NAMb_ss0,10, 10,CbAS_Q0.8_generatorVAE
12670586-455b-11ea-a194-3af9d3b33fd2,1,UUCCCCACCACUCC,0.2965892222030453,0.5437468768175177,100,101,1000,B1L14RNA1,startRNAL14_0,NAMb_ss0,10, 10,CbAS_Q0.8_generatorVAE
12670586-455b-11ea-a194-3af9d3b33fd2,1,CUCUCAGGAAUUUG,0.1675179810372319,0.5437468768175177,100,101,1000,B1L14RNA1,startRNAL14_0,NAMb_ss0,10, 10,CbAS_Q0.8_generatorVAE
12670586-455b-11ea-a194-3af9d3b33fd2,1,GUCUACUGUCCUCG,0.4229142433446849,0.5437468768175177,100,101,1000,B1L14RNA1,startRNAL14_0,NAMb_ss0,10, 10,CbAS_Q0.8_generatorVAE
12670586-455b-11ea-a194-3af9d3b33fd2,1,GUUUCAAGCACUUG,0.16477178720282845,0.5437468768175177,100,101,1000,B1L14RNA1,startRNAL14_0,NAMb_ss0,10, 10,CbAS_Q0.8_generatorVAE
12670586-455b-11ea-a194-3af9d3b33fd2,1,AGAUCCGGAACUCG,0.3762289088751709,0.5437468768175177,100,101,1000,B1L14RNA1,startRNAL14_0,NAMb_ss0,10, 10,CbAS_Q0.8_generatorVAE
12670586-455b-11ea-a194-3af9d3b33fd2,1,UAGUCGAAGAAUGG,0.26638105073995194,0.5437468768175177,100,101,1000,B1L14RNA1,startRNAL14_0,NAMb_ss0,10, 10,CbAS_Q0.8_generatorVAE
12670586-455b-11ea-a194-3af9d3b33fd2,1,AGCUCCCUGUGUGG,0.5492392906760948,0.5437468768175177,100,101,1000,B1L14RNA1,startRNAL14_0,NAMb_ss0,10, 10,CbAS_Q0.8_generatorVAE
12670586-455b-11ea-a194-3af9d3b33fd2,1,GUCCCCAAUCGCUG,0.4723458109332578,0.5437468768175177,100,101,1000,B1L14RNA1,startRNAL14_0,NAMb_ss0,10, 10,CbAS_Q0.8_generatorVAE
12670586-455b-11ea-a194-3af9d3b33fd2,1,AGCUCUGUUUCAUG,0.3295435744056569,0.5437468768175177,100,101,1000,B1L14RNA1,startRNAL14_0,NAMb_ss0,10, 10,CbAS_Q0.8_generatorVAE
12670586-455b-11ea-a194-3af9d3b33fd2,1,GUGCCGAAGACUGU,0.2746196453380474,0.5437468768175177,100,101,1000,B1L14RNA1,startRNAL14_0,NAMb_ss0,10, 10,CbAS_Q0.8_generatorVAE
12670586-455b-11ea-a194-3af9d3b33fd2,1,UACUCCAGUCCCCG,0.4256604502739735,0.5437468768175177,100,101,1000,B1L14RNA1,startRNAL14_0,NAMb_ss0,10, 10,CbAS_Q0.8_generatorVAE
12670586-455b-11ea-a194-3af9d3b33fd2,1,AUCUCUAACACUCG,0.1510408049359261,0.5437468768175177,100,101,1000,B1L14RNA1,startRNAL14_0,NAMb_ss0,10, 10,CbAS_Q0.8_generatorVAE
12670586-455b-11ea-a194-3af9d3b33fd2,1,CUCUUUAGCAAUCG,0.14829461110152264,0.5437468768175177,100,101,1000,B1L14RNA1,startRNAL14_0,NAMb_ss0,10, 10,CbAS_Q0.8_generatorVAE
12670586-455b-11ea-a194-3af9d3b33fd2,1,GGCGCUUGAAGUCG,0.3350359620744638,0.5437468768175177,100,101,1000,B1L14RNA1,startRNAL14_0,NAMb_ss0,10, 10,CbAS_Q0.8_generatorVAE
12670586-455b-11ea-a194-3af9d3b33fd2,1,CUCCCAAGCGCUGA,0.4091832610777826,0.5437468768175177,100,101,1000,B1L14RNA1,startRNAL14_0,NAMb_ss0,10, 10,CbAS_Q0.8_generatorVAE
12670586-455b-11ea-a194-3af9d3b33fd2,1,GUCUCCGAGACUCG,0.33228978133494547,0.5437468768175177,100,101,1000,B1L14RNA1,startRNAL14_0,NAMb_ss0,10, 10,CbAS_Q0.8_generatorVAE
12670586-455b-11ea-a194-3af9d3b33fd2,1,GUCUCUGGAACACG,0.3158125921387545,0.5437468768175177,100,101,1000,B1L14RNA1,startRNAL14_0,NAMb_ss0,10, 10,CbAS_Q0.8_generatorVAE
12670586-455b-11ea-a194-3af9d3b33fd2,1,UGCUCCGUAACUGG,0.35700553893946163,0.5437468768175177,100,101,1000,B1L14RNA1,startRNAL14_0,NAMb_ss0,10, 10,CbAS_Q0.8_generatorVAE
12670586-455b-11ea-a194-3af9d3b33fd2,1,CUCUCGGGACACCC,0.3487669443413662,0.5437468768175177,100,101,1000,B1L14RNA1,startRNAL14_0,NAMb_ss0,10, 10,CbAS_Q0.8_generatorVAE
12670586-455b-11ea-a194-3af9d3b33fd2,1,UUCUCUAGUUCUCA,0.2361729054666289,0.5437468768175177,100,101,1000,B1L14RNA1,startRNAL14_0,NAMb_ss0,10, 10,CbAS_Q0.8_generatorVAE
12670586-455b-11ea-a194-3af9d3b33fd2,1,GACUCCGAGACGCC,0.33778216900375235,0.5437468768175177,100,101,1000,B1L14RNA1,startRNAL14_0,NAMb_ss0,10, 10,CbAS_Q0.8_generatorVAE
12670586-455b-11ea-a194-3af9d3b33fd2,1,AUUUCCGAGGUUAC,0.21145712167234246,0.5437468768175177,100,101,1000,B1L14RNA1,startRNAL14_0,NAMb_ss0,10, 10,CbAS_Q0.8_generatorVAE
12670586-455b-11ea-a194-3af9d3b33fd2,1,AUCUCAGGUACGCA,0.26638105073995194,0.5437468768175177,100,101,1000,B1L14RNA1,startRNAL14_0,NAMb_ss0,10, 10,CbAS_Q0.8_generatorVAE
12670586-455b-11ea-a194-3af9d3b33fd2,1,GUCAAUGCAACUCG,0.2279343108685334,0.5437468768175177,100,101,1000,B1L14RNA1,startRNAL14_0,NAMb_ss0,10, 10,CbAS_Q0.8_generatorVAE
12670586-455b-11ea-a194-3af9d3b33fd2,1,CUCACUUCUUUAUG,0.20596473400353557,0.5437468768175177,100,101,1000,B1L14RNA1,startRNAL14_0,NAMb_ss0,10, 10,CbAS_Q0.8_generatorVAE
12670586-455b-11ea-a194-3af9d3b33fd2,1,GGCGCCAGAACCUG,0.33778216900375235,0.5437468768175177,100,101,1000,B1L14RNA1,startRNAL14_0,NAMb_ss0,10, 10,CbAS_Q0.8_generatorVAE
12670586-455b-11ea-a194-3af9d3b33fd2,1,GUCUCUACUUCACC,0.2224419231997265,0.5437468768175177,100,101,1000,B1L14RNA1,startRNAL14_0,NAMb_ss0,10, 10,CbAS_Q0.8_generatorVAE
12670586-455b-11ea-a194-3af9d3b33fd2,1,CUCUGCGCGCCUUU,0.4668533970746806,0.5437468768175177,100,101,1000,B1L14RNA1,startRNAL14_0,NAMb_ss0,10, 10,CbAS_Q0.8_generatorVAE
12670586-455b-11ea-a194-3af9d3b33fd2,1,AUUCCAAGAACACG,0.20596473400353557,0.5437468768175177,100,101,1000,B1L14RNA1,startRNAL14_0,NAMb_ss0,10, 10,CbAS_Q0.8_generatorVAE
12670586-455b-11ea-a194-3af9d3b33fd2,1,GUCGGCUACACUAG,0.29384301527375667,0.5437468768175177,100,101,1000,B1L14RNA1,startRNAL14_0,NAMb_ss0,10, 10,CbAS_Q0.8_generatorVAE
12670586-455b-11ea-a194-3af9d3b33fd2,1,CUCUCCAGAACUGG,0.20047234633472866,0.5437468768175177,100,101,1000,B1L14RNA1,startRNAL14_0,NAMb_ss0,10, 10,CbAS_Q0.8_generatorVAE
12670586-455b-11ea-a194-3af9d3b33fd2,1,AAGUCCGACUCUAG,0.3158125921387545,0.5437468768175177,100,101,1000,B1L14RNA1,startRNAL14_0,NAMb_ss0,10, 10,CbAS_Q0.8_generatorVAE
12670586-455b-11ea-a194-3af9d3b33fd2,1,GUAGCCCGCGCUGG,0.480584379341583,0.5437468768175177,100,101,1000,B1L14RNA1,startRNAL14_0,NAMb_ss0,10, 10,CbAS_Q0.8_generatorVAE
12670586-455b-11ea-a194-3af9d3b33fd2,1,CUCCCGGGUUCUCA,0.4091832610777826,0.5437468768175177,100,101,1000,B1L14RNA1,startRNAL14_0,NAMb_ss0,10, 10,CbAS_Q0.8_generatorVAE
12670586-455b-11ea-a194-3af9d3b33fd2,1,UUGUUCCCGACUAG,0.38446750347326636,0.5437468768175177,100,101,1000,B1L14RNA1,startRNAL14_0,NAMb_ss0,10, 10,CbAS_Q0.8_generatorVAE
12670586-455b-11ea-a194-3af9d3b33fd2,1,CGCUCCUGAAGUUG,0.39270609807136186,0.5437468768175177,100,101,1000,B1L14RNA1,startRNAL14_0,NAMb_ss0,10, 10,CbAS_Q0.8_generatorVAE
12670586-455b-11ea-a194-3af9d3b33fd2,1,AUCUCGCGGCCUUG,0.4256604502739735,0.5437468768175177,100,101,1000,B1L14RNA1,startRNAL14_0,NAMb_ss0,10, 10,CbAS_Q0.8_generatorVAE
12670586-455b-11ea-a194-3af9d3b33fd2,1,AUCUAUUUGACUGG,0.18399515713853773,0.5437468768175177,100,101,1000,B1L14RNA1,startRNAL14_0,NAMb_ss0,10, 10,CbAS_Q0.8_generatorVAE
12670586-455b-11ea-a194-3af9d3b33fd2,1,GACUCCUAAGUUAG,0.19223375173663318,0.5437468768175177,100,101,1000,B1L14RNA1,startRNAL14_0,NAMb_ss0,10, 10,CbAS_Q0.8_generatorVAE
12670586-455b-11ea-a194-3af9d3b33fd2,1,CACGCUGGAACUCG,0.3762289088751709,0.5437468768175177,100,101,1000,B1L14RNA1,startRNAL14_0,NAMb_ss0,10, 10,CbAS_Q0.8_generatorVAE
12670586-455b-11ea-a194-3af9d3b33fd2,1,AUAUCACUCACUAG,0.19223375173663318,0.5437468768175177,100,101,1000,B1L14RNA1,startRNAL14_0,NAMb_ss0,10, 10,CbAS_Q0.8_generatorVAE
12670586-455b-11ea-a194-3af9d3b33fd2,1,GGAGCCAUGCGGGG,0.4943153616084853,0.5437468768175177,100,101,1000,B1L14RNA1,startRNAL14_0,NAMb_ss0,10, 10,CbAS_Q0.8_generatorVAE
12670586-455b-11ea-a194-3af9d3b33fd2,1,UCCUCCUACAAUCU,0.21969571627043794,0.5437468768175177,100,101,1000,B1L14RNA1,startRNAL14_0,NAMb_ss0,10, 10,CbAS_Q0.8_generatorVAE
12670586-455b-11ea-a194-3af9d3b33fd2,1,UCCGGGGGGGCUCG,0.6810566994865414,0.5437468768175177,100,101,1000,B1L14RNA1,startRNAL14_0,NAMb_ss0,10, 10,CbAS_Q0.8_generatorVAE
12670586-455b-11ea-a194-3af9d3b33fd2,1,GGCUCCCGGACCCG,0.5327621014799039,0.5437468768175177,100,101,1000,B1L14RNA1,startRNAL14_0,NAMb_ss0,10, 10,CbAS_Q0.8_generatorVAE
12670586-455b-11ea-a194-3af9d3b33fd2,1,AUCUAUAGUAGAGG,0.11808645273331445,0.5437468768175177,100,101,1000,B1L14RNA1,startRNAL14_0,NAMb_ss0,10, 10,CbAS_Q0.8_generatorVAE
12670586-455b-11ea-a194-3af9d3b33fd2,1,AUCACCCACACUCG,0.277365852267336,0.5437468768175177,100,101,1000,B1L14RNA1,startRNAL14_0,NAMb_ss0,10, 10,CbAS_Q0.8_generatorVAE
12670586-455b-11ea-a194-3af9d3b33fd2,1,UACGCCAGGACUCG,0.3158125921387545,0.5437468768175177,100,101,1000,B1L14RNA1,startRNAL14_0,NAMb_ss0,10, 10,CbAS_Q0.8_generatorVAE
12670586-455b-11ea-a194-3af9d3b33fd2,1,CACUCGCCCAUAAG,0.4201680626051666,0.5437468768175177,100,101,1000,B1L14RNA1,startRNAL14_0,NAMb_ss0,10, 10,CbAS_Q0.8_generatorVAE
12670586-455b-11ea-a194-3af9d3b33fd2,1,AGGUCGAGCACUUG,0.32405118673685,0.5437468768175177,100,101,1000,B1L14RNA1,startRNAL14_0,NAMb_ss0,10, 10,CbAS_Q0.8_generatorVAE
12670586-455b-11ea-a194-3af9d3b33fd2,1,GGCUCCUAGGUUAG,0.3405283497432707,0.5437468768175177,100,101,1000,B1L14RNA1,startRNAL14_0,NAMb_ss0,10, 10,CbAS_Q0.8_generatorVAE
12670586-455b-11ea-a194-3af9d3b33fd2,1,ACUUAUGGGACUCG,0.24715768080424266,0.5437468768175177,100,101,1000,B1L14RNA1,startRNAL14_0,NAMb_ss0,10, 10,CbAS_Q0.8_generatorVAE
12670586-455b-11ea-a194-3af9d3b33fd2,1,AUCGCUCGUACCCG,0.49706156853777395,0.5437468768175177,100,101,1000,B1L14RNA1,startRNAL14_0,NAMb_ss0,10, 10,CbAS_Q0.8_generatorVAE
12670586-455b-11ea-a194-3af9d3b33fd2,1,GCCAGCAGAGUUCG,0.29384301527375667,0.5437468768175177,100,101,1000,B1L14RNA1,startRNAL14_0,NAMb_ss0,10, 10,CbAS_Q0.8_generatorVAE
12670586-455b-11ea-a194-3af9d3b33fd2,1,AUUUCUGCACGUCG,0.2993354029425636,0.5437468768175177,100,101,1000,B1L14RNA1,startRNAL14_0,NAMb_ss0,10, 10,CbAS_Q0.8_generatorVAE
12670586-455b-11ea-a194-3af9d3b33fd2,1,GUCUACGGUGCGCC,0.40369087340897564,0.5437468768175177,100,101,1000,B1L14RNA1,startRNAL14_0,NAMb_ss0,10, 10,CbAS_Q0.8_generatorVAE
12670586-455b-11ea-a194-3af9d3b33fd2,1,AUCGCCAUUUCUCG,0.29109683453423835,0.5437468768175177,100,101,1000,B1L14RNA1,startRNAL14_0,NAMb_ss0,10, 10,CbAS_Q0.8_generatorVAE
12670586-455b-11ea-a194-3af9d3b33fd2,1,AGCUCCCAAACUCG,0.3432745566725593,0.5437468768175177,100,101,1000,B1L14RNA1,startRNAL14_0,NAMb_ss0,10, 10,CbAS_Q0.8_generatorVAE
12670586-455b-11ea-a194-3af9d3b33fd2,1,GUCUCGUGCUCUGU,0.4311528379427804,0.5437468768175177,100,101,1000,B1L14RNA1,startRNAL14_0,NAMb_ss0,10, 10,CbAS_Q0.8_generatorVAE
12670586-455b-11ea-a194-3af9d3b33fd2,1,AUCCGGUGGCGGCU,0.5217773261422901,0.5437468768175177,100,101,1000,B1L14RNA1,startRNAL14_0,NAMb_ss0,10, 10,CbAS_Q0.8_generatorVAE
12670586-455b-11ea-a194-3af9d3b33fd2,1,GUCUCCAUUACUUC,0.2746196453380474,0.5437468768175177,100,101,1000,B1L14RNA1,startRNAL14_0,NAMb_ss0,10, 10,CbAS_Q0.8_generatorVAE
12670586-455b-11ea-a194-3af9d3b33fd2,1,GUCUCGACCACGCC,0.3817212965439778,0.5437468768175177,100,101,1000,B1L14RNA1,startRNAL14_0,NAMb_ss0,10, 10,CbAS_Q0.8_generatorVAE
12670586-455b-11ea-a194-3af9d3b33fd2,1,UUCUCUGCGUCUAG,0.32679736747636834,0.5437468768175177,100,101,1000,B1L14RNA1,startRNAL14_0,NAMb_ss0,10, 10,CbAS_Q0.8_generatorVAE
12670586-455b-11ea-a194-3af9d3b33fd2,1,CUCAUACUAACUCA,0.1510408049359261,0.5437468768175177,100,101,1000,B1L14RNA1,startRNAL14_0,NAMb_ss0,10, 10,CbAS_Q0.8_generatorVAE
12670586-455b-11ea-a194-3af9d3b33fd2,1,UUCUCCUUCACUGC,0.30757399754065906,0.5437468768175177,100,101,1000,B1L14RNA1,startRNAL14_0,NAMb_ss0,10, 10,CbAS_Q0.8_generatorVAE
12670586-455b-11ea-a194-3af9d3b33fd2,1,UUGUGGUGUACUCG,0.2883506276049498,0.5437468768175177,100,101,1000,B1L14RNA1,startRNAL14_0,NAMb_ss0,10, 10,CbAS_Q0.8_generatorVAE
12670586-455b-11ea-a194-3af9d3b33fd2,1,GUCUUGCGAAUUCG,0.33778216900375235,0.5437468768175177,100,101,1000,B1L14RNA1,startRNAL14_0,NAMb_ss0,10, 10,CbAS_Q0.8_generatorVAE
12670586-455b-11ea-a194-3af9d3b33fd2,1,CGCGCUCAACCGCG,0.5410007222677696,0.5437468768175177,100,101,1000,B1L14RNA1,startRNAL14_0,NAMb_ss0,10, 10,CbAS_Q0.8_generatorVAE
12670586-455b-11ea-a194-3af9d3b33fd2,1,AGCCGCUUAACUUG,0.24166529313543578,0.5437468768175177,100,101,1000,B1L14RNA1,startRNAL14_0,NAMb_ss0,10, 10,CbAS_Q0.8_generatorVAE
12670586-455b-11ea-a194-3af9d3b33fd2,1,GUCUGAGAAUCUCG,0.2444114738749541,0.5437468768175177,100,101,1000,B1L14RNA1,startRNAL14_0,NAMb_ss0,10, 10,CbAS_Q0.8_generatorVAE
12670586-455b-11ea-a194-3af9d3b33fd2,1,AUCGCCUGCAUCAG,0.3789751158044595,0.5437468768175177,100,101,1000,B1L14RNA1,startRNAL14_0,NAMb_ss0,10, 10,CbAS_Q0.8_generatorVAE
12670586-455b-11ea-a194-3af9d3b33fd2,1,AUCUCACCCACUCG,0.2746196453380474,0.5437468768175177,100,101,1000,B1L14RNA1,startRNAL14_0,NAMb_ss0,10, 10,CbAS_Q0.8_generatorVAE
12670586-455b-11ea-a194-3af9d3b33fd2,1,GUCGUGCUUACUCC,0.3789751158044595,0.5437468768175177,100,101,1000,B1L14RNA1,startRNAL14_0,NAMb_ss0,10, 10,CbAS_Q0.8_generatorVAE
12670586-455b-11ea-a194-3af9d3b33fd2,1,UUGUGCUGACCUAA,0.29109683453423835,0.5437468768175177,100,101,1000,B1L14RNA1,startRNAL14_0,NAMb_ss0,10, 10,CbAS_Q0.8_generatorVAE
12670586-455b-11ea-a194-3af9d3b33fd2,1,CUCUCCGUCAAUCG,0.35425933201017307,0.5437468768175177,100,101,1000,B1L14RNA1,startRNAL14_0,NAMb_ss0,10, 10,CbAS_Q0.8_generatorVAE
12670586-455b-11ea-a194-3af9d3b33fd2,1,AGCACCAGGACUAC,0.2361729054666289,0.5437468768175177,100,101,1000,B1L14RNA1,startRNAL14_0,NAMb_ss0,10, 10,CbAS_Q0.8_generatorVAE
12670586-455b-11ea-a194-3af9d3b33fd2,1,GACUCUAGAACUGG,0.15653319260473297,0.5437468768175177,100,101,1000,B1L14RNA1,startRNAL14_0,NAMb_ss0,10, 10,CbAS_Q0.8_generatorVAE
12670586-455b-11ea-a194-3af9d3b33fd2,1,CACUCUCGCACUCG,0.3487669443413662,0.5437468768175177,100,101,1000,B1L14RNA1,startRNAL14_0,NAMb_ss0,10, 10,CbAS_Q0.8_generatorVAE
12670586-455b-11ea-a194-3af9d3b33fd2,1,CCCUCUUAGAGUUG,0.2361729054666289,0.5437468768175177,100,101,1000,B1L14RNA1,startRNAL14_0,NAMb_ss0,10, 10,CbAS_Q0.8_generatorVAE
12670586-455b-11ea-a194-3af9d3b33fd2,1,AUCUCCACCCCUCA,0.3350359620744638,0.5437468768175177,100,101,1000,B1L14RNA1,startRNAL14_0,NAMb_ss0,10, 10,CbAS_Q0.8_generatorVAE
12670586-455b-11ea-a194-3af9d3b33fd2,1,CUCUCCUGGUCUCG,0.3954522788108802,0.5437468768175177,100,101,1000,B1L14RNA1,startRNAL14_0,NAMb_ss0,10, 10,CbAS_Q0.8_generatorVAE
12670586-455b-11ea-a194-3af9d3b33fd2,1,GUCGCAAAAACACG,0.162025593368425,0.5437468768175177,100,101,1000,B1L14RNA1,startRNAL14_0,NAMb_ss0,10, 10,CbAS_Q0.8_generatorVAE
12670586-455b-11ea-a194-3af9d3b33fd2,1,UCCUCCCGCACUGG,0.387213710402555,0.5437468768175177,100,101,1000,B1L14RNA1,startRNAL14_0,NAMb_ss0,10, 10,CbAS_Q0.8_generatorVAE
12670586-455b-11ea-a194-3af9d3b33fd2,1,GGCUCCGGAACUCG,0.4476300009492011,0.5437468768175177,100,101,1000,B1L14RNA1,startRNAL14_0,NAMb_ss0,10, 10,CbAS_Q0.8_generatorVAE
12670586-455b-11ea-a194-3af9d3b33fd2,1,UUCUCCUGAUCACG,0.26638105073995194,0.5437468768175177,100,101,1000,B1L14RNA1,startRNAL14_0,NAMb_ss0,10, 10,CbAS_Q0.8_generatorVAE
12670586-455b-11ea-a194-3af9d3b33fd2,1,GGCUCGAGUGCUCG,0.480584379341583,0.5437468768175177,100,101,1000,B1L14RNA1,startRNAL14_0,NAMb_ss0,10, 10,CbAS_Q0.8_generatorVAE
12670586-455b-11ea-a194-3af9d3b33fd2,1,CUCUCCACAACUCG,0.19223375173663318,0.5437468768175177,100,101,1000,B1L14RNA1,startRNAL14_0,NAMb_ss0,10, 10,CbAS_Q0.8_generatorVAE
12670586-455b-11ea-a194-3af9d3b33fd2,1,CUCUCCAGGACUCG,0.29384301527375667,0.5437468768175177,100,101,1000,B1L14RNA1,startRNAL14_0,NAMb_ss0,10, 10,CbAS_Q0.8_generatorVAE
12670586-455b-11ea-a194-3af9d3b33fd2,1,GUCUCCUGAACUAG,0.2718734384087588,0.5437468768175177,100,101,1000,B1L14RNA1,startRNAL14_0,NAMb_ss0,10, 10,CbAS_Q0.8_generatorVAE
12670586-455b-11ea-a194-3af9d3b33fd2,1,GUCUCCAAUCCUUG,0.34602076360184786,0.5437468768175177,100,101,1000,B1L14RNA1,startRNAL14_0,NAMb_ss0,10, 10,CbAS_Q0.8_generatorVAE
12670586-455b-11ea-a194-3af9d3b33fd2,1,GUCUCCAGAACUUG,0.2746196453380474,0.5437468768175177,100,101,1000,B1L14RNA1,startRNAL14_0,NAMb_ss0,10, 10,CbAS_Q0.8_generatorVAE
12670586-455b-11ea-a194-3af9d3b33fd2,1,UUAUCCUGGAAUCG,0.2169495224360345,0.5437468768175177,100,101,1000,B1L14RNA1,startRNAL14_0,NAMb_ss0,10, 10,CbAS_Q0.8_generatorVAE
12670586-455b-11ea-a194-3af9d3b33fd2,1,AUCUCUAGCACUCG,0.21145712167234246,0.5437468768175177,100,101,1000,B1L14RNA1,startRNAL14_0,NAMb_ss0,10, 10,CbAS_Q0.8_generatorVAE
12670586-455b-11ea-a194-3af9d3b33fd2,1,GUCUCUAGACCUCG,0.277365852267336,0.5437468768175177,100,101,1000,B1L14RNA1,startRNAL14_0,NAMb_ss0,10, 10,CbAS_Q0.8_generatorVAE
12670586-455b-11ea-a194-3af9d3b33fd2,1,GUCUCCAGCACUUG,0.2746196453380474,0.5437468768175177,100,101,1000,B1L14RNA1,startRNAL14_0,NAMb_ss0,10, 10,CbAS_Q0.8_generatorVAE
12670586-455b-11ea-a194-3af9d3b33fd2,1,AUUUCCGGAACUCG,0.35151315127065474,0.5437468768175177,100,101,1000,B1L14RNA1,startRNAL14_0,NAMb_ss0,10, 10,CbAS_Q0.8_generatorVAE
12670586-455b-11ea-a194-3af9d3b33fd2,1,GUCUCCAGCGGUCG,0.4284066572032621,0.5437468768175177,100,101,1000,B1L14RNA1,startRNAL14_0,NAMb_ss0,10, 10,CbAS_Q0.8_generatorVAE
12670586-455b-11ea-a194-3af9d3b33fd2,1,GGCUGCAGCACUCG,0.35700553893946163,0.5437468768175177,100,101,1000,B1L14RNA1,startRNAL14_0,NAMb_ss0,10, 10,CbAS_Q0.8_generatorVAE
12670586-455b-11ea-a194-3af9d3b33fd2,1,AUCUCCUGCACUCG,0.28011203300685433,0.5437468768175177,100,101,1000,B1L14RNA1,startRNAL14_0,NAMb_ss0,10, 10,CbAS_Q0.8_generatorVAE
12670586-455b-11ea-a194-3af9d3b33fd2,2,GACUCCCGCGCGAG,0.5410007222677696,0.5437468768175177,100,201,2000,B1L14RNA1,startRNAL14_0,NAMb_ss0,10, 9,CbAS_Q0.8_generatorVAE
12670586-455b-11ea-a194-3af9d3b33fd2,2,CCCGGCCAGUCUGG,0.43939143254087587,0.5437468768175177,100,201,2000,B1L14RNA1,startRNAL14_0,NAMb_ss0,10, 9,CbAS_Q0.8_generatorVAE
12670586-455b-11ea-a194-3af9d3b33fd2,2,AUCGCGCGUGCUCG,0.4860767932001601,0.5327621014799039,100,201,2000,B1L14RNA1,startRNAL14_0,NAMb_ss0,10, 9,CbAS_Q0.8_generatorVAE
12670586-455b-11ea-a194-3af9d3b33fd2,2,AUCGGGCUGCCCUC,0.5767012552098996,0.5217773261422901,100,201,2000,B1L14RNA1,startRNAL14_0,NAMb_ss0,10, 9,CbAS_Q0.8_generatorVAE
12670586-455b-11ea-a194-3af9d3b33fd2,2,AUCUCGCCCGCUCG,0.4888229477499082,0.49706156853777395,100,201,2000,B1L14RNA1,startRNAL14_0,NAMb_ss0,10, 9,CbAS_Q0.8_generatorVAE
12670586-455b-11ea-a194-3af9d3b33fd2,2,GUCGACCGCGCUCG,0.4284066572032621,0.4943153616084853,100,201,2000,B1L14RNA1,startRNAL14_0,NAMb_ss0,10, 9,CbAS_Q0.8_generatorVAE
12670586-455b-11ea-a194-3af9d3b33fd2,2,GUCGCGCAAUCUCG,0.3597517458687502,0.480584379341583,100,201,2000,B1L14RNA1,startRNAL14_0,NAMb_ss0,10, 9,CbAS_Q0.8_generatorVAE
12670586-455b-11ea-a194-3af9d3b33fd2,2,GGCACGCUCCUUCC,0.5767012552098996,0.4723458109332578,100,201,2000,B1L14RNA1,startRNAL14_0,NAMb_ss0,10, 9,CbAS_Q0.8_generatorVAE
12670586-455b-11ea-a194-3af9d3b33fd2,2,UUCUUUCCUCCUCG,0.30482781680114074,0.4723458109332578,100,201,2000,B1L14RNA1,startRNAL14_0,NAMb_ss0,10, 9,CbAS_Q0.8_generatorVAE
12670586-455b-11ea-a194-3af9d3b33fd2,2,CUCUCCCGUGCUCG,0.4998077754670625,0.4723458109332578,100,201,2000,B1L14RNA1,startRNAL14_0,NAMb_ss0,10, 9,CbAS_Q0.8_generatorVAE
12670586-455b-11ea-a194-3af9d3b33fd2,2,GUCGCCCGGGUUGG,0.4998077754670625,0.4668533970746806,100,201,2000,B1L14RNA1,startRNAL14_0,NAMb_ss0,10, 9,CbAS_Q0.8_generatorVAE
12670586-455b-11ea-a194-3af9d3b33fd2,2,GGCUCGGCGGGUCG,0.6371175981360863,0.4476300009492011,100,201,2000,B1L14RNA1,startRNAL14_0,NAMb_ss0,10, 9,CbAS_Q0.8_generatorVAE
12670586-455b-11ea-a194-3af9d3b33fd2,2,AUUGCCAGUGCUUG,0.35151315127065474,0.4476300009492011,100,201,2000,B1L14RNA1,startRNAL14_0,NAMb_ss0,10, 9,CbAS_Q0.8_generatorVAE
12670586-455b-11ea-a194-3af9d3b33fd2,2,AGCGCUGCCCCUGU,0.5410007222677696,0.4284066572032621,100,201,2000,B1L14RNA1,startRNAL14_0,NAMb_ss0,10, 9,CbAS_Q0.8_generatorVAE
12670586-455b-11ea-a194-3af9d3b33fd2,2,GCCUACCGUGCUUG,0.4476300009492011,0.4284066572032621,100,201,2000,B1L14RNA1,startRNAL14_0,NAMb_ss0,10, 9,CbAS_Q0.8_generatorVAE
12670586-455b-11ea-a194-3af9d3b33fd2,2,UCCAAUGAGAGUCU,0.20871092783793901,0.4256604502739735,100,201,2000,B1L14RNA1,startRNAL14_0,NAMb_ss0,10, 9,CbAS_Q0.8_generatorVAE
12670586-455b-11ea-a194-3af9d3b33fd2,2,CUCGACCGUACUUG,0.2993354029425636,0.4201680626051666,100,201,2000,B1L14RNA1,startRNAL14_0,NAMb_ss0,10, 9,CbAS_Q0.8_generatorVAE
12670586-455b-11ea-a194-3af9d3b33fd2,2,GUCUCCGGCGCUUG,0.5025539300168106,0.4201680626051666,100,201,2000,B1L14RNA1,startRNAL14_0,NAMb_ss0,10, 9,CbAS_Q0.8_generatorVAE
12670586-455b-11ea-a194-3af9d3b33fd2,2,AACGCCCGUGGUGG,0.4311528379427804,0.4091832610777826,100,201,2000,B1L14RNA1,startRNAL14_0,NAMb_ss0,10, 9,CbAS_Q0.8_generatorVAE
12670586-455b-11ea-a194-3af9d3b33fd2,2,GUCGCGCGUCCUCG,0.49706156853777395,0.40369087340897564,100,201,2000,B1L14RNA1,startRNAL14_0,NAMb_ss0,10, 9,CbAS_Q0.8_generatorVAE
12670586-455b-11ea-a194-3af9d3b33fd2,2,GUCUCCCGGGCUUG,0.433899044872069,0.3954522788108802,100,201,2000,B1L14RNA1,startRNAL14_0,NAMb_ss0,10, 9,CbAS_Q0.8_generatorVAE
12670586-455b-11ea-a194-3af9d3b33fd2,2,GUAUCUCUCUCUUG,0.24990388773353125,0.39270609807136186,100,201,2000,B1L14RNA1,startRNAL14_0,NAMb_ss0,10, 9,CbAS_Q0.8_generatorVAE
12670586-455b-11ea-a194-3af9d3b33fd2,2,CUCUCGCGCGCUCG,0.4860767932001601,0.38446750347326636,100,201,2000,B1L14RNA1,startRNAL14_0,NAMb_ss0,10, 9,CbAS_Q0.8_generatorVAE
12670586-455b-11ea-a194-3af9d3b33fd2,2,AUCGCCCACCCUCG,0.4558686217370668,0.3817212965439778,100,201,2000,B1L14RNA1,startRNAL14_0,NAMb_ss0,10, 9,CbAS_Q0.8_generatorVAE
12670586-455b-11ea-a194-3af9d3b33fd2,2,GGCUCCCGCGCUCG,0.6178942020106067,0.3817212965439778,100,201,2000,B1L14RNA1,startRNAL14_0,NAMb_ss0,10, 9,CbAS_Q0.8_generatorVAE
12670586-455b-11ea-a194-3af9d3b33fd2,2,GUCUCCCCGACGGG,0.516284912283713,0.3789751158044595,100,201,2000,B1L14RNA1,startRNAL14_0,NAMb_ss0,10, 9,CbAS_Q0.8_generatorVAE
12670586-455b-11ea-a194-3af9d3b33fd2,2,AGAUCCCAUUCUCG,0.3020816098718522,0.3789751158044595,100,201,2000,B1L14RNA1,startRNAL14_0,NAMb_ss0,10, 9,CbAS_Q0.8_generatorVAE
12670586-455b-11ea-a194-3af9d3b33fd2,2,UUCGCCCGCUAUUA,0.4091832610777826,0.3762289088751709,100,201,2000,B1L14RNA1,startRNAL14_0,NAMb_ss0,10, 9,CbAS_Q0.8_generatorVAE
12670586-455b-11ea-a194-3af9d3b33fd2,2,GACUACGGUCGUGG,0.277365852267336,0.3762289088751709,100,201,2000,B1L14RNA1,startRNAL14_0,NAMb_ss0,10, 9,CbAS_Q0.8_generatorVAE
12670586-455b-11ea-a194-3af9d3b33fd2,2,GUCGCCCGGGCUUA,0.5245235330715786,0.35700553893946163,100,201,2000,B1L14RNA1,startRNAL14_0,NAMb_ss0,10, 9,CbAS_Q0.8_generatorVAE
12670586-455b-11ea-a194-3af9d3b33fd2,2,UUCGCCUUGCCUCG,0.4888229477499082,0.35425933201017307,100,201,2000,B1L14RNA1,startRNAL14_0,NAMb_ss0,10, 9,CbAS_Q0.8_generatorVAE
12670586-455b-11ea-a194-3af9d3b33fd2,2,AUCUCCCGGUCUCG,0.4146756749363597,0.35151315127065474,100,201,2000,B1L14RNA1,startRNAL14_0,NAMb_ss0,10, 9,CbAS_Q0.8_generatorVAE
12670586-455b-11ea-a194-3af9d3b33fd2,2,AUCGCGUCUACGUG,0.3899598911420733,0.3487669443413662,100,201,2000,B1L14RNA1,startRNAL14_0,NAMb_ss0,10, 9,CbAS_Q0.8_generatorVAE
12670586-455b-11ea-a194-3af9d3b33fd2,2,AUCACGCGCUCACG,0.33228978133494547,0.3487669443413662,100,201,2000,B1L14RNA1,startRNAL14_0,NAMb_ss0,10, 9,CbAS_Q0.8_generatorVAE
12670586-455b-11ea-a194-3af9d3b33fd2,2,AUGGAGCGGUAUUG,0.2691272576692405,0.3487669443413662,100,201,2000,B1L14RNA1,startRNAL14_0,NAMb_ss0,10, 9,CbAS_Q0.8_generatorVAE
12670586-455b-11ea-a194-3af9d3b33fd2,2,GCUGCGCGUUCUUG,0.3954522788108802,0.34602076360184786,100,201,2000,B1L14RNA1,startRNAL14_0,NAMb_ss0,10, 9,CbAS_Q0.8_generatorVAE
12670586-455b-11ea-a194-3af9d3b33fd2,2,CUCUGCGAGCCUCG,0.4476300009492011,0.34602076360184786,100,201,2000,B1L14RNA1,startRNAL14_0,NAMb_ss0,10, 9,CbAS_Q0.8_generatorVAE
12670586-455b-11ea-a194-3af9d3b33fd2,2,GUCGCGCAGCCACG,0.41192946800707114,0.3432745566725593,100,201,2000,B1L14RNA1,startRNAL14_0,NAMb_ss0,10, 9,CbAS_Q0.8_generatorVAE
12670586-455b-11ea-a194-3af9d3b33fd2,2,AUUCCCCGCGCUCG,0.5300158945506153,0.3432745566725593,100,201,2000,B1L14RNA1,startRNAL14_0,NAMb_ss0,10, 9,CbAS_Q0.8_generatorVAE
12670586-455b-11ea-a194-3af9d3b33fd2,2,AUCGGCCGGGCUGG,0.6014170128144157,0.3405283497432707,100,201,2000,B1L14RNA1,startRNAL14_0,NAMb_ss0,10, 9,CbAS_Q0.8_generatorVAE
12670586-455b-11ea-a194-3af9d3b33fd2,2,CUCCAGCGGGCAUG,0.4586148286663554,0.3405283497432707,100,201,2000,B1L14RNA1,startRNAL14_0,NAMb_ss0,10, 9,CbAS_Q0.8_generatorVAE
12670586-455b-11ea-a194-3af9d3b33fd2,2,GUAAGCCGUACCUG,0.2965892222030453,0.3405283497432707,100,201,2000,B1L14RNA1,startRNAL14_0,NAMb_ss0,10, 9,CbAS_Q0.8_generatorVAE
12670586-455b-11ea-a194-3af9d3b33fd2,2,UUCGCGGUAGCUCG,0.4256604502739735,0.33778216900375235,100,201,2000,B1L14RNA1,startRNAL14_0,NAMb_ss0,10, 9,CbAS_Q0.8_generatorVAE
12670586-455b-11ea-a194-3af9d3b33fd2,2,UUCGCGCGAACUCG,0.43939143254087587,0.3350359620744638,100,201,2000,B1L14RNA1,startRNAL14_0,NAMb_ss0,10, 9,CbAS_Q0.8_generatorVAE
12670586-455b-11ea-a194-3af9d3b33fd2,2,CUCUCGCAUUCUCG,0.31306638520946595,0.3350359620744638,100,201,2000,B1L14RNA1,startRNAL14_0,NAMb_ss0,10, 9,CbAS_Q0.8_generatorVAE
12670586-455b-11ea-a194-3af9d3b33fd2,2,UGCUGCCGGCCAGG,0.39819848574016875,0.33228978133494547,100,201,2000,B1L14RNA1,startRNAL14_0,NAMb_ss0,10, 9,CbAS_Q0.8_generatorVAE
12670586-455b-11ea-a194-3af9d3b33fd2,2,UGCGCCCACGCCUC,0.433899044872069,0.32679736747636834,100,201,2000,B1L14RNA1,startRNAL14_0,NAMb_ss0,10, 9,CbAS_Q0.8_generatorVAE
12670586-455b-11ea-a194-3af9d3b33fd2,2,CUCUCGCAGACUAG,0.33228978133494547,0.32405118673685,100,201,2000,B1L14RNA1,startRNAL14_0,NAMb_ss0,10, 9,CbAS_Q0.8_generatorVAE
12670586-455b-11ea-a194-3af9d3b33fd2,2,GUCUGGCUUGCUCA,0.6041632197437043,0.3158125921387545,100,201,2000,B1L14RNA1,startRNAL14_0,NAMb_ss0,10, 9,CbAS_Q0.8_generatorVAE
12670586-455b-11ea-a194-3af9d3b33fd2,2,GUCGCUCAACCUGG,0.33228978133494547,0.3158125921387545,100,201,2000,B1L14RNA1,startRNAL14_0,NAMb_ss0,10, 9,CbAS_Q0.8_generatorVAE
12670586-455b-11ea-a194-3af9d3b33fd2,2,UUAGCGGGUACUGG,0.36799031427707546,0.3158125921387545,100,201,2000,B1L14RNA1,startRNAL14_0,NAMb_ss0,10, 9,CbAS_Q0.8_generatorVAE
12670586-455b-11ea-a194-3af9d3b33fd2,2,GGCACCCGUUCUUG,0.433899044872069,0.3158125921387545,100,201,2000,B1L14RNA1,startRNAL14_0,NAMb_ss0,10, 9,CbAS_Q0.8_generatorVAE
12670586-455b-11ea-a194-3af9d3b33fd2,2,GUCUCCCGACCUCG,0.41742185567587803,0.3158125921387545,100,201,2000,B1L14RNA1,startRNAL14_0,NAMb_ss0,10, 9,CbAS_Q0.8_generatorVAE
12670586-455b-11ea-a194-3af9d3b33fd2,2,ACCUCCCGCGCUUU,0.49156915467919676,0.2993354029425636,100,201,2000,B1L14RNA1,startRNAL14_0,NAMb_ss0,10, 9,CbAS_Q0.8_generatorVAE
12670586-455b-11ea-a194-3af9d3b33fd2,2,GUCGACCAAGGUUG,0.20596473400353557,0.2965892222030453,100,201,2000,B1L14RNA1,startRNAL14_0,NAMb_ss0,10, 9,CbAS_Q0.8_generatorVAE
12670586-455b-11ea-a194-3af9d3b33fd2,2,CUCGCGGGCCCGUU,0.5602240660137087,0.29384301527375667,100,201,2000,B1L14RNA1,startRNAL14_0,NAMb_ss0,10, 9,CbAS_Q0.8_generatorVAE
12670586-455b-11ea-a194-3af9d3b33fd2,2,GUGCCGCGUCCUUU,0.43939143254087587,0.29384301527375667,100,201,2000,B1L14RNA1,startRNAL14_0,NAMb_ss0,10, 9,CbAS_Q0.8_generatorVAE
12670586-455b-11ea-a194-3af9d3b33fd2,2,AUCUCCCGGUCUGG,0.4366452256115873,0.29384301527375667,100,201,2000,B1L14RNA1,startRNAL14_0,NAMb_ss0,10, 9,CbAS_Q0.8_generatorVAE
12670586-455b-11ea-a194-3af9d3b33fd2,2,CUGUCGCACGCUCG,0.3487669443413662,0.29384301527375667,100,201,2000,B1L14RNA1,startRNAL14_0,NAMb_ss0,10, 9,CbAS_Q0.8_generatorVAE
12670586-455b-11ea-a194-3af9d3b33fd2,2,CUCUCGCAGUUUAG,0.2334266985373403,0.29384301527375667,100,201,2000,B1L14RNA1,startRNAL14_0,NAMb_ss0,10, 9,CbAS_Q0.8_generatorVAE
12670586-455b-11ea-a194-3af9d3b33fd2,2,UUCGAGCGUGGUUG,0.33778216900375235,0.29384301527375667,100,201,2000,B1L14RNA1,startRNAL14_0,NAMb_ss0,10, 9,CbAS_Q0.8_generatorVAE
12670586-455b-11ea-a194-3af9d3b33fd2,2,GUCGCCCGGGCUCG,0.5794474621391882,0.29109683453423835,100,201,2000,B1L14RNA1,startRNAL14_0,NAMb_ss0,10, 9,CbAS_Q0.8_generatorVAE
12670586-455b-11ea-a194-3af9d3b33fd2,2,GUCUCCCACAUUAG,0.2636348700004336,0.28011203300685433,100,201,2000,B1L14RNA1,startRNAL14_0,NAMb_ss0,10, 9,CbAS_Q0.8_generatorVAE
12670586-455b-11ea-a194-3af9d3b33fd2,2,GGCUGCUACUUUUG,0.3103202044699476,0.28011203300685433,100,201,2000,B1L14RNA1,startRNAL14_0,NAMb_ss0,10, 9,CbAS_Q0.8_generatorVAE
12670586-455b-11ea-a194-3af9d3b33fd2,2,GUCGCCCCGACGAG,0.4668533970746806,0.28011203300685433,100,201,2000,B1L14RNA1,startRNAL14_0,NAMb_ss0,10, 9,CbAS_Q0.8_generatorVAE
12670586-455b-11ea-a194-3af9d3b33fd2,2,AUCAACCAUGCUCG,0.4256604502739735,0.277365852267336,100,201,2000,B1L14RNA1,startRNAL14_0,NAMb_ss0,10, 9,CbAS_Q0.8_generatorVAE
12670586-455b-11ea-a194-3af9d3b33fd2,2,GACUCCCAUUAUCU,0.2444114738749541,0.277365852267336,100,201,2000,B1L14RNA1,startRNAL14_0,NAMb_ss0,10, 9,CbAS_Q0.8_generatorVAE
12670586-455b-11ea-a194-3af9d3b33fd2,2,AUCUCCCGUACUCG,0.34602076360184786,0.2746196453380474,100,201,2000,B1L14RNA1,startRNAL14_0,NAMb_ss0,10, 9,CbAS_Q0.8_generatorVAE
12670586-455b-11ea-a194-3af9d3b33fd2,2,CUCGCUCGGCUUCG,0.5053001369460991,0.2746196453380474,100,201,2000,B1L14RNA1,startRNAL14_0,NAMb_ss0,10, 9,CbAS_Q0.8_generatorVAE
12670586-455b-11ea-a194-3af9d3b33fd2,2,AUCGCCAGUGCUCG,0.4229142433446849,0.2746196453380474,100,201,2000,B1L14RNA1,startRNAL14_0,NAMb_ss0,10, 9,CbAS_Q0.8_generatorVAE
12670586-455b-11ea-a194-3af9d3b33fd2,2,AUCGGGUGGCCCUG,0.6014170128144157,0.26638105073995194,100,201,2000,B1L14RNA1,startRNAL14_0,NAMb_ss0,10, 9,CbAS_Q0.8_generatorVAE
12670586-455b-11ea-a194-3af9d3b33fd2,2,ACCAGGAGGUUUCG,0.30757399754065906,0.26638105073995194,100,201,2000,B1L14RNA1,startRNAL14_0,NAMb_ss0,10, 9,CbAS_Q0.8_generatorVAE
12670586-455b-11ea-a194-3af9d3b33fd2,2,CGCGAGGAUCCCCG,0.516284912283713,0.26638105073995194,100,201,2000,B1L14RNA1,startRNAL14_0,NAMb_ss0,10, 9,CbAS_Q0.8_generatorVAE
12670586-455b-11ea-a194-3af9d3b33fd2,2,GUCUCCUGAGGUCG,0.35151315127065474,0.26638105073995194,100,201,2000,B1L14RNA1,startRNAL14_0,NAMb_ss0,10, 9,CbAS_Q0.8_generatorVAE
12670586-455b-11ea-a194-3af9d3b33fd2,2,AUCGCGCGAGCUCG,0.4860767932001601,0.26638105073995194,100,201,2000,B1L14RNA1,startRNAL14_0,NAMb_ss0,10, 9,CbAS_Q0.8_generatorVAE
12670586-455b-11ea-a194-3af9d3b33fd2,2,GUCGACCAAGCUCG,0.3762289088751709,0.26638105073995194,100,201,2000,B1L14RNA1,startRNAL14_0,NAMb_ss0,10, 9,CbAS_Q0.8_generatorVAE
12670586-455b-11ea-a194-3af9d3b33fd2,2,CUCCCCUAGCCUGG,0.35700553893946163,0.24715768080424266,100,201,2000,B1L14RNA1,startRNAL14_0,NAMb_ss0,10, 9,CbAS_Q0.8_generatorVAE
12670586-455b-11ea-a194-3af9d3b33fd2,2,CUCGCCCGACCUCG,0.48333058627087155,0.2444114738749541,100,201,2000,B1L14RNA1,startRNAL14_0,NAMb_ss0,10, 9,CbAS_Q0.8_generatorVAE
12670586-455b-11ea-a194-3af9d3b33fd2,2,GCCGCGGGUGCUAG,0.480584379341583,0.2444114738749541,100,201,2000,B1L14RNA1,startRNAL14_0,NAMb_ss0,10, 9,CbAS_Q0.8_generatorVAE
12670586-455b-11ea-a194-3af9d3b33fd2,2,GUCUCCCGUGCUCG,0.5767012552098996,0.2444114738749541,100,201,2000,B1L14RNA1,startRNAL14_0,NAMb_ss0,10, 9,CbAS_Q0.8_generatorVAE
12670586-455b-11ea-a194-3af9d3b33fd2,2,GCCUCGCGAGCUCG,0.5025539300168106,0.2361729054666289,100,201,2000,B1L14RNA1,startRNAL14_0,NAMb_ss0,10, 9,CbAS_Q0.8_generatorVAE
12670586-455b-11ea-a194-3af9d3b33fd2,2,GUAGACGCCGAUUC,0.26088866307114505,0.2279343108685334,100,201,2000,B1L14RNA1,startRNAL14_0,NAMb_ss0,10, 9,CbAS_Q0.8_generatorVAE
12670586-455b-11ea-a194-3af9d3b33fd2,2,AUCGCCGGCGCUCG,0.4229142433446849,0.2224419231997265,100,201,2000,B1L14RNA1,startRNAL14_0,NAMb_ss0,10, 9,CbAS_Q0.8_generatorVAE
12670586-455b-11ea-a194-3af9d3b33fd2,2,UUCCCCCCGGCUCG,0.5190311192130015,0.21969571627043794,100,201,2000,B1L14RNA1,startRNAL14_0,NAMb_ss0,10, 9,CbAS_Q0.8_generatorVAE
12670586-455b-11ea-a194-3af9d3b33fd2,2,GUCGUGCCAUCUUG,0.2993354029425636,0.21145712167234246,100,201,2000,B1L14RNA1,startRNAL14_0,NAMb_ss0,10, 9,CbAS_Q0.8_generatorVAE
12670586-455b-11ea-a194-3af9d3b33fd2,2,UUCUAGAGGGCCGU,0.4146756749363597,0.20596473400353557,100,201,2000,B1L14RNA1,startRNAL14_0,NAMb_ss0,10, 9,CbAS_Q0.8_generatorVAE
12670586-455b-11ea-a194-3af9d3b33fd2,2,GCCGGCCCGGUUCG,0.6288789773482205,0.20596473400353557,100,201,2000,B1L14RNA1,startRNAL14_0,NAMb_ss0,10, 9,CbAS_Q0.8_generatorVAE
12670586-455b-11ea-a194-3af9d3b33fd2,2,CCCGGCCGGGCUGA,0.6343713912067976,0.20596473400353557,100,201,2000,B1L14RNA1,startRNAL14_0,NAMb_ss0,10, 9,CbAS_Q0.8_generatorVAE
12670586-455b-11ea-a194-3af9d3b33fd2,2,AUCUCCCGUCCACG,0.5464930837468063,0.20596473400353557,100,201,2000,B1L14RNA1,startRNAL14_0,NAMb_ss0,10, 9,CbAS_Q0.8_generatorVAE
12670586-455b-11ea-a194-3af9d3b33fd2,2,UGCUCCCGGGCUCG,0.590432237476802,0.19223375173663318,100,201,2000,B1L14RNA1,startRNAL14_0,NAMb_ss0,10, 9,CbAS_Q0.8_generatorVAE
12670586-455b-11ea-a194-3af9d3b33fd2,2,AUCUCCCGGACUCG,0.3899598911420733,0.19223375173663318,100,201,2000,B1L14RNA1,startRNAL14_0,NAMb_ss0,10, 9,CbAS_Q0.8_generatorVAE
12670586-455b-11ea-a194-3af9d3b33fd2,2,CUCUCUCCGGCUCG,0.5025539300168106,0.19223375173663318,100,201,2000,B1L14RNA1,startRNAL14_0,NAMb_ss0,10, 9,CbAS_Q0.8_generatorVAE
12670586-455b-11ea-a194-3af9d3b33fd2,2,GUCGCCCGCGCUCG,0.516284912283713,0.18399515713853773,100,201,2000,B1L14RNA1,startRNAL14_0,NAMb_ss0,10, 9,CbAS_Q0.8_generatorVAE
12670586-455b-11ea-a194-3af9d3b33fd2,2,CUCUCCCGCGAUUG,0.38446750347326636,0.18399515713853773,100,201,2000,B1L14RNA1,startRNAL14_0,NAMb_ss0,10, 9,CbAS_Q0.8_generatorVAE
12670586-455b-11ea-a194-3af9d3b33fd2,2,GUCUCCCGACCUUG,0.38446750347326636,0.1675179810372319,100,201,2000,B1L14RNA1,startRNAL14_0,NAMb_ss0,10, 9,CbAS_Q0.8_generatorVAE
12670586-455b-11ea-a194-3af9d3b33fd2,2,AUCGCCAUUGCUUG,0.35425933201017307,0.162025593368425,100,201,2000,B1L14RNA1,startRNAL14_0,NAMb_ss0,10, 9,CbAS_Q0.8_generatorVAE
12670586-455b-11ea-a194-3af9d3b33fd2,2,GAAGUAAUGGGUCG,0.35700553893946163,0.162025593368425,100,201,2000,B1L14RNA1,startRNAL14_0,NAMb_ss0,10, 9,CbAS_Q0.8_generatorVAE
12670586-455b-11ea-a194-3af9d3b33fd2,2,UUCACUCGUGCUGG,0.35151315127065474,0.15653319260473297,100,201,2000,B1L14RNA1,startRNAL14_0,NAMb_ss0,10, 9,CbAS_Q0.8_generatorVAE
12670586-455b-11ea-a194-3af9d3b33fd2,2,GGCGCACGUACUCG,0.40643708033826426,0.11808645273331445,100,201,2000,B1L14RNA1,startRNAL14_0,NAMb_ss0,10, 9,CbAS_Q0.8_generatorVAE
12670586-455b-11ea-a194-3af9d3b33fd2,2,CUCUCCCAUGCUCG,0.5107925508046763,0.11808645273331445,100,201,2000,B1L14RNA1,startRNAL14_0,NAMb_ss0,10, 9,CbAS_Q0.8_generatorVAE
12670586-455b-11ea-a194-3af9d3b33fd2,3,GUCGAGCCCACUCG,0.45312241480777826,0.6810566994865414,100,301,3000,B1L14RNA1,startRNAL14_0,NAMb_ss0,10, 8,CbAS_Q0.8_generatorVAE
12670586-455b-11ea-a194-3af9d3b33fd2,3,AAGGCGCCGGCUCG,0.5959246513353791,0.6810566994865414,100,301,3000,B1L14RNA1,startRNAL14_0,NAMb_ss0,10, 8,CbAS_Q0.8_generatorVAE
12670586-455b-11ea-a194-3af9d3b33fd2,3,GUCGCGGGGGCUGU,0.6755643380075047,0.6178942020106067,100,301,3000,B1L14RNA1,startRNAL14_0,NAMb_ss0,10, 8,CbAS_Q0.8_generatorVAE
12670586-455b-11ea-a194-3af9d3b33fd2,3,UUCGCGGUUUCUCG,0.33778216900375235,0.6041632197437043,100,301,3000,B1L14RNA1,startRNAL14_0,NAMb_ss0,10, 8,CbAS_Q0.8_generatorVAE
12670586-455b-11ea-a194-3af9d3b33fd2,3,GGCGCUCGGGCUCG,0.6041632197437043,0.6014170128144157,100,301,3000,B1L14RNA1,startRNAL14_0,NAMb_ss0,10, 8,CbAS_Q0.8_generatorVAE
12670586-455b-11ea-a194-3af9d3b33fd2,3,UUCCCGUGCACUUG,0.4229142433446849,0.5767012552098996,100,301,3000,B1L14RNA1,startRNAL14_0,NAMb_ss0,10, 8,CbAS_Q0.8_generatorVAE
12670586-455b-11ea-a194-3af9d3b33fd2,3,AUCGCCCGGGCUCG,0.5794474621391882,0.5492392906760948,100,301,3000,B1L14RNA1,startRNAL14_0,NAMb_ss0,10, 8,CbAS_Q0.8_generatorVAE
12670586-455b-11ea-a194-3af9d3b33fd2,3,AUCACCUGGACUCC,0.26088866307114505,0.5437468768175177,100,301,3000,B1L14RNA1,startRNAL14_0,NAMb_ss0,10, 8,CbAS_Q0.8_generatorVAE
12670586-455b-11ea-a194-3af9d3b33fd2,3,AUCGCCCGGCCUCG,0.6041632197437043,0.5437468768175177,100,301,3000,B1L14RNA1,startRNAL14_0,NAMb_ss0,10, 8,CbAS_Q0.8_generatorVAE
12670586-455b-11ea-a194-3af9d3b33fd2,3,AUCGGCGUGCCCGG,0.5410007222677696,0.5327621014799039,100,301,3000,B1L14RNA1,startRNAL14_0,NAMb_ss0,10, 8,CbAS_Q0.8_generatorVAE
12670586-455b-11ea-a194-3af9d3b33fd2,3,AUCCCGCGCGCUCU,0.5300158945506153,0.5300158945506153,100,301,3000,B1L14RNA1,startRNAL14_0,NAMb_ss0,10, 8,CbAS_Q0.8_generatorVAE
12670586-455b-11ea-a194-3af9d3b33fd2,3,CGCACGUGGUCCCA,0.5190311192130015,0.5217773261422901,100,301,3000,B1L14RNA1,startRNAL14_0,NAMb_ss0,10, 8,CbAS_Q0.8_generatorVAE
12670586-455b-11ea-a194-3af9d3b33fd2,3,AUCGCGCGACCUCG,0.46959960400396916,0.5190311192130015,100,301,3000,B1L14RNA1,startRNAL14_0,NAMb_ss0,10, 8,CbAS_Q0.8_generatorVAE
12670586-455b-11ea-a194-3af9d3b33fd2,3,ACCGCCCGGCCUCG,0.5712088413513224,0.5190311192130015,100,301,3000,B1L14RNA1,startRNAL14_0,NAMb_ss0,10, 8,CbAS_Q0.8_generatorVAE
12670586-455b-11ea-a194-3af9d3b33fd2,3,GUCUACGUCCCUCU,0.3817212965439778,0.516284912283713,100,301,3000,B1L14RNA1,startRNAL14_0,NAMb_ss0,10, 8,CbAS_Q0.8_generatorVAE
12670586-455b-11ea-a194-3af9d3b33fd2,3,AUCGCCGGACCUCG,0.5025539300168106,0.516284912283713,100,301,3000,B1L14RNA1,startRNAL14_0,NAMb_ss0,10, 8,CbAS_Q0.8_generatorVAE
12670586-455b-11ea-a194-3af9d3b33fd2,3,AUCGAGCGGGCUCU,0.43939143254087587,0.516284912283713,100,301,3000,B1L14RNA1,startRNAL14_0,NAMb_ss0,10, 8,CbAS_Q0.8_generatorVAE
12670586-455b-11ea-a194-3af9d3b33fd2,3,UUCGCCCGGCCUGG,0.5437468768175177,0.5053001369460991,100,301,3000,B1L14RNA1,startRNAL14_0,NAMb_ss0,10, 8,CbAS_Q0.8_generatorVAE
12670586-455b-11ea-a194-3af9d3b33fd2,3,GUCUGGAGAGCUCG,0.40643708033826426,0.5053001369460991,100,301,3000,B1L14RNA1,startRNAL14_0,NAMb_ss0,10, 8,CbAS_Q0.8_generatorVAE
12670586-455b-11ea-a194-3af9d3b33fd2,3,AUCGCCUCGCCACG,0.433899044872069,0.5025539300168106,100,301,3000,B1L14RNA1,startRNAL14_0,NAMb_ss0,10, 8,CbAS_Q0.8_generatorVAE
12670586-455b-11ea-a194-3af9d3b33fd2,3,GCCGCCCGGGCUCC,0.6618333557406024,0.5025539300168106,100,301,3000,B1L14RNA1,startRNAL14_0,NAMb_ss0,10, 8,CbAS_Q0.8_generatorVAE
12670586-455b-11ea-a194-3af9d3b33fd2,3,CUCGCCCCCGGUGG,0.7057725094705981,0.5025539300168106,100,301,3000,B1L14RNA1,startRNAL14_0,NAMb_ss0,10, 8,CbAS_Q0.8_generatorVAE
12670586-455b-11ea-a194-3af9d3b33fd2,3,AUCGCGCGGGCUCG,0.5876860305475133,0.5025539300168106,100,301,3000,B1L14RNA1,startRNAL14_0,NAMb_ss0,10, 8,CbAS_Q0.8_generatorVAE
12670586-455b-11ea-a194-3af9d3b33fd2,3,ACCCCUGUUGCUCG,0.48333058627087155,0.49706156853777395,100,301,3000,B1L14RNA1,startRNAL14_0,NAMb_ss0,10, 8,CbAS_Q0.8_generatorVAE
12670586-455b-11ea-a194-3af9d3b33fd2,3,CUCGACCGGCGUCG,0.3954522788108802,0.49706156853777395,100,301,3000,B1L14RNA1,startRNAL14_0,NAMb_ss0,10, 8,CbAS_Q0.8_generatorVAE
12670586-455b-11ea-a194-3af9d3b33fd2,3,AGCGCCGGUGCUCC,0.5300158945506153,0.49706156853777395,100,301,3000,B1L14RNA1,startRNAL14_0,NAMb_ss0,10, 8,CbAS_Q0.8_generatorVAE
12670586-455b-11ea-a194-3af9d3b33fd2,3,GUCUGCGGCCCUCA,0.5657164798722858,0.4888229477499082,100,301,3000,B1L14RNA1,startRNAL14_0,NAMb_ss0,10, 8,CbAS_Q0.8_generatorVAE
12670586-455b-11ea-a194-3af9d3b33fd2,3,GUCGCCAUGGCGGU,0.4146756749363597,0.4888229477499082,100,301,3000,B1L14RNA1,startRNAL14_0,NAMb_ss0,10, 8,CbAS_Q0.8_generatorVAE
12670586-455b-11ea-a194-3af9d3b33fd2,3,UGCGGUCCCCCUAG,0.4586148286663554,0.480584379341583,100,301,3000,B1L14RNA1,startRNAL14_0,NAMb_ss0,10, 8,CbAS_Q0.8_generatorVAE
12670586-455b-11ea-a194-3af9d3b33fd2,3,AGAGCGCACGCUCG,0.3817212965439778,0.480584379341583,100,301,3000,B1L14RNA1,startRNAL14_0,NAMb_ss0,10, 8,CbAS_Q0.8_generatorVAE
12670586-455b-11ea-a194-3af9d3b33fd2,3,UUCGCCCGGCCUCG,0.6124017881520295,0.480584379341583,100,301,3000,B1L14RNA1,startRNAL14_0,NAMb_ss0,10, 8,CbAS_Q0.8_generatorVAE
12670586-455b-11ea-a194-3af9d3b33fd2,3,GUCGCGCGGCGUCG,0.5217773261422901,0.4723458109332578,100,301,3000,B1L14RNA1,startRNAL14_0,NAMb_ss0,10, 8,CbAS_Q0.8_generatorVAE
12670586-455b-11ea-a194-3af9d3b33fd2,3,GUCGCGCCGCCUCC,0.516284912283713,0.4476300009492011,100,301,3000,B1L14RNA1,startRNAL14_0,NAMb_ss0,10, 8,CbAS_Q0.8_generatorVAE
12670586-455b-11ea-a194-3af9d3b33fd2,3,GUCCCGGGGCAUGG,0.4943153616084853,0.4476300009492011,100,301,3000,B1L14RNA1,startRNAL14_0,NAMb_ss0,10, 8,CbAS_Q0.8_generatorVAE
12670586-455b-11ea-a194-3af9d3b33fd2,3,CCCGGCCGUCUUCG,0.6233866158691839,0.43939143254087587,100,301,3000,B1L14RNA1,startRNAL14_0,NAMb_ss0,10, 8,CbAS_Q0.8_generatorVAE
12670586-455b-11ea-a194-3af9d3b33fd2,3,AUCGCGCCGCCAUG,0.36799031427707546,0.43939143254087587,100,301,3000,B1L14RNA1,startRNAL14_0,NAMb_ss0,10, 8,CbAS_Q0.8_generatorVAE
12670586-455b-11ea-a194-3af9d3b33fd2,3,UUCGCCCUAGCUUG,0.38446750347326636,0.43939143254087587,100,301,3000,B1L14RNA1,startRNAL14_0,NAMb_ss0,10, 8,CbAS_Q0.8_generatorVAE
12670586-455b-11ea-a194-3af9d3b33fd2,3,CCCGCCCUGUCUCG,0.4586148286663554,0.433899044872069,100,301,3000,B1L14RNA1,startRNAL14_0,NAMb_ss0,10, 8,CbAS_Q0.8_generatorVAE
12670586-455b-11ea-a194-3af9d3b33fd2,3,UUCGCGCGGCCUUG,0.5849398236182248,0.4311528379427804,100,301,3000,B1L14RNA1,startRNAL14_0,NAMb_ss0,10, 8,CbAS_Q0.8_generatorVAE
12670586-455b-11ea-a194-3af9d3b33fd2,3,GUCGCGGGGGACCG,0.6426099596151229,0.4284066572032621,100,301,3000,B1L14RNA1,startRNAL14_0,NAMb_ss0,10, 8,CbAS_Q0.8_generatorVAE
12670586-455b-11ea-a194-3af9d3b33fd2,3,CACGCCCGGCCUCG,0.5602240660137087,0.4256604502739735,100,301,3000,B1L14RNA1,startRNAL14_0,NAMb_ss0,10, 8,CbAS_Q0.8_generatorVAE
12670586-455b-11ea-a194-3af9d3b33fd2,3,AUCGCCGGGGCUCG,0.5794474621391882,0.4256604502739735,100,301,3000,B1L14RNA1,startRNAL14_0,NAMb_ss0,10, 8,CbAS_Q0.8_generatorVAE
12670586-455b-11ea-a194-3af9d3b33fd2,3,GUCGUCCGGGUAAG,0.4229142433446849,0.4229142433446849,100,301,3000,B1L14RNA1,startRNAL14_0,NAMb_ss0,10, 8,CbAS_Q0.8_generatorVAE
12670586-455b-11ea-a194-3af9d3b33fd2,3,GUCGCCGUGGCUCG,0.5025539300168106,0.4229142433446849,100,301,3000,B1L14RNA1,startRNAL14_0,NAMb_ss0,10, 8,CbAS_Q0.8_generatorVAE
12670586-455b-11ea-a194-3af9d3b33fd2,3,AUCGCCCUGCUUCU,0.4476300009492011,0.4091832610777826,100,301,3000,B1L14RNA1,startRNAL14_0,NAMb_ss0,10, 8,CbAS_Q0.8_generatorVAE
12670586-455b-11ea-a194-3af9d3b33fd2,3,GGAGCGCGGGCUGA,0.5053001369460991,0.4091832610777826,100,301,3000,B1L14RNA1,startRNAL14_0,NAMb_ss0,10, 8,CbAS_Q0.8_generatorVAE
12670586-455b-11ea-a194-3af9d3b33fd2,3,AGCGCGCGCCAUGC,0.5025539300168106,0.39819848574016875,100,301,3000,B1L14RNA1,startRNAL14_0,NAMb_ss0,10, 8,CbAS_Q0.8_generatorVAE
12670586-455b-11ea-a194-3af9d3b33fd2,3,UUCGCCCCGGCUCG,0.5876860305475133,0.3954522788108802,100,301,3000,B1L14RNA1,startRNAL14_0,NAMb_ss0,10, 8,CbAS_Q0.8_generatorVAE
12670586-455b-11ea-a194-3af9d3b33fd2,3,UUCUCCCGGGCCCG,0.5464930837468063,0.3899598911420733,100,301,3000,B1L14RNA1,startRNAL14_0,NAMb_ss0,10, 8,CbAS_Q0.8_generatorVAE
12670586-455b-11ea-a194-3af9d3b33fd2,3,CCCGCGUUGAUUCG,0.4723458109332578,0.3789751158044595,100,301,3000,B1L14RNA1,startRNAL14_0,NAMb_ss0,10, 8,CbAS_Q0.8_generatorVAE
12670586-455b-11ea-a194-3af9d3b33fd2,3,GUCUCCGGGCGCCG,0.5959246513353791,0.3762289088751709,100,301,3000,B1L14RNA1,startRNAL14_0,NAMb_ss0,10, 8,CbAS_Q0.8_generatorVAE
12670586-455b-11ea-a194-3af9d3b33fd2,3,AUCGCCCGCGCUCG,0.5080463438753877,0.36799031427707546,100,301,3000,B1L14RNA1,startRNAL14_0,NAMb_ss0,10, 8,CbAS_Q0.8_generatorVAE
12670586-455b-11ea-a194-3af9d3b33fd2,3,AACGAGCGCAUUCC,0.39270609807136186,0.3597517458687502,100,301,3000,B1L14RNA1,startRNAL14_0,NAMb_ss0,10, 8,CbAS_Q0.8_generatorVAE
12670586-455b-11ea-a194-3af9d3b33fd2,3,UUCCGCCGCCCUCA,0.5931784444060906,0.35700553893946163,100,301,3000,B1L14RNA1,startRNAL14_0,NAMb_ss0,10, 8,CbAS_Q0.8_generatorVAE
12670586-455b-11ea-a194-3af9d3b33fd2,3,AAAUCCUGGGCGCU,0.35700553893946163,0.35700553893946163,100,301,3000,B1L14RNA1,startRNAL14_0,NAMb_ss0,10, 8,CbAS_Q0.8_generatorVAE
12670586-455b-11ea-a194-3af9d3b33fd2,3,AACGCCCGGCCUCG,0.5602240660137087,0.35700553893946163,100,301,3000,B1L14RNA1,startRNAL14_0,NAMb_ss0,10, 8,CbAS_Q0.8_generatorVAE
12670586-455b-11ea-a194-3af9d3b33fd2,3,UUCACCCGGCCUCU,0.4311528379427804,0.35700553893946163,100,301,3000,B1L14RNA1,startRNAL14_0,NAMb_ss0,10, 8,CbAS_Q0.8_generatorVAE
12670586-455b-11ea-a194-3af9d3b33fd2,3,AUCGUCGUGGCUCG,0.36524413353755714,0.35151315127065474,100,301,3000,B1L14RNA1,startRNAL14_0,NAMb_ss0,10, 8,CbAS_Q0.8_generatorVAE
12670586-455b-11ea-a194-3af9d3b33fd2,3,CUAGCACGGGGUCG,0.4998077754670625,0.35151315127065474,100,301,3000,B1L14RNA1,startRNAL14_0,NAMb_ss0,10, 8,CbAS_Q0.8_generatorVAE
12670586-455b-11ea-a194-3af9d3b33fd2,3,CCUGCCGGCGCUCC,0.5272697400008672,0.35151315127065474,100,301,3000,B1L14RNA1,startRNAL14_0,NAMb_ss0,10, 8,CbAS_Q0.8_generatorVAE
12670586-455b-11ea-a194-3af9d3b33fd2,3,AGCACACGACUUCG,0.2856044206756612,0.34602076360184786,100,301,3000,B1L14RNA1,startRNAL14_0,NAMb_ss0,10, 8,CbAS_Q0.8_generatorVAE
12670586-455b-11ea-a194-3af9d3b33fd2,3,UUCACUCCCACUGG,0.33228978133494547,0.3432745566725593,100,301,3000,B1L14RNA1,startRNAL14_0,NAMb_ss0,10, 8,CbAS_Q0.8_generatorVAE
12670586-455b-11ea-a194-3af9d3b33fd2,3,GCUGCCCGGACUCU,0.4229142433446849,0.33778216900375235,100,301,3000,B1L14RNA1,startRNAL14_0,NAMb_ss0,10, 8,CbAS_Q0.8_generatorVAE
12670586-455b-11ea-a194-3af9d3b33fd2,3,AACGCCUGGCCCCG,0.5959246513353791,0.3350359620744638,100,301,3000,B1L14RNA1,startRNAL14_0,NAMb_ss0,10, 8,CbAS_Q0.8_generatorVAE
12670586-455b-11ea-a194-3af9d3b33fd2,3,UUCGCCCGUGCCCG,0.5355083084091925,0.3350359620744638,100,301,3000,B1L14RNA1,startRNAL14_0,NAMb_ss0,10, 8,CbAS_Q0.8_generatorVAE
12670586-455b-11ea-a194-3af9d3b33fd2,3,AUCGGCCAGGCUCG,0.48333058627087155,0.33228978133494547,100,301,3000,B1L14RNA1,startRNAL14_0,NAMb_ss0,10, 8,CbAS_Q0.8_generatorVAE
12670586-455b-11ea-a194-3af9d3b33fd2,3,AUCGCUCGCGGUCG,0.43939143254087587,0.33228978133494547,100,301,3000,B1L14RNA1,startRNAL14_0,NAMb_ss0,10, 8,CbAS_Q0.8_generatorVAE
12670586-455b-11ea-a194-3af9d3b33fd2,3,GUCGCGGGGGCUCG,0.7469654562713052,0.3295435744056569,100,301,3000,B1L14RNA1,startRNAL14_0,NAMb_ss0,10, 8,CbAS_Q0.8_generatorVAE
12670586-455b-11ea-a194-3af9d3b33fd2,3,GGCGCCCGUUCGGC,0.6233866158691839,0.3103202044699476,100,301,3000,B1L14RNA1,startRNAL14_0,NAMb_ss0,10, 8,CbAS_Q0.8_generatorVAE
12670586-455b-11ea-a194-3af9d3b33fd2,3,AUCUCUCGUUCUCG,0.4201680626051666,0.30757399754065906,100,301,3000,B1L14RNA1,startRNAL14_0,NAMb_ss0,10, 8,CbAS_Q0.8_generatorVAE
12670586-455b-11ea-a194-3af9d3b33fd2,3,CUCAAGCGCCCCCG,0.5245235330715786,0.3020816098718522,100,301,3000,B1L14RNA1,startRNAL14_0,NAMb_ss0,10, 8,CbAS_Q0.8_generatorVAE
12670586-455b-11ea-a194-3af9d3b33fd2,3,AUCGGCCGCGCUCG,0.5629702729429972,0.29384301527375667,100,301,3000,B1L14RNA1,startRNAL14_0,NAMb_ss0,10, 8,CbAS_Q0.8_generatorVAE
12670586-455b-11ea-a194-3af9d3b33fd2,3,GUCCCCCCGGUUCU,0.5519854976053834,0.2883506276049498,100,301,3000,B1L14RNA1,startRNAL14_0,NAMb_ss0,10, 8,CbAS_Q0.8_generatorVAE
12670586-455b-11ea-a194-3af9d3b33fd2,3,AUCUCGCCGCCCCG,0.5629702729429972,0.2883506276049498,100,301,3000,B1L14RNA1,startRNAL14_0,NAMb_ss0,10, 8,CbAS_Q0.8_generatorVAE
12670586-455b-11ea-a194-3af9d3b33fd2,3,AGCGUCCUCCAUCC,0.39819848574016875,0.28011203300685433,100,301,3000,B1L14RNA1,startRNAL14_0,NAMb_ss0,10, 8,CbAS_Q0.8_generatorVAE
12670586-455b-11ea-a194-3af9d3b33fd2,3,AUCGCGGGCCCUCG,0.5107925508046763,0.2746196453380474,100,301,3000,B1L14RNA1,startRNAL14_0,NAMb_ss0,10, 8,CbAS_Q0.8_generatorVAE
12670586-455b-11ea-a194-3af9d3b33fd2,3,ACCGCCGUCACUCG,0.4091832610777826,0.2746196453380474,100,301,3000,B1L14RNA1,startRNAL14_0,NAMb_ss0,10, 8,CbAS_Q0.8_generatorVAE
12670586-455b-11ea-a194-3af9d3b33fd2,3,UUCGCCCGACCUUG,0.3789751158044595,0.2746196453380474,100,301,3000,B1L14RNA1,startRNAL14_0,NAMb_ss0,10, 8,CbAS_Q0.8_generatorVAE
12670586-455b-11ea-a194-3af9d3b33fd2,3,AUCGCCGGAGGUCG,0.4668533970746806,0.2718734384087588,100,301,3000,B1L14RNA1,startRNAL14_0,NAMb_ss0,10, 8,CbAS_Q0.8_generatorVAE
12670586-455b-11ea-a194-3af9d3b33fd2,3,AUCGGCCACACUCG,0.387213710402555,0.2691272576692405,100,301,3000,B1L14RNA1,startRNAL14_0,NAMb_ss0,10, 8,CbAS_Q0.8_generatorVAE
12670586-455b-11ea-a194-3af9d3b33fd2,3,GGCGCGCUGCCUCG,0.55747785908442,0.2444114738749541,100,301,3000,B1L14RNA1,startRNAL14_0,NAMb_ss0,10, 8,CbAS_Q0.8_generatorVAE
12670586-455b-11ea-a194-3af9d3b33fd2,3,UGCACCCUCUCUCU,0.32679736747636834,0.24166529313543578,100,301,3000,B1L14RNA1,startRNAL14_0,NAMb_ss0,10, 8,CbAS_Q0.8_generatorVAE
12670586-455b-11ea-a194-3af9d3b33fd2,3,GUCGCCCCGGCUCG,0.5794474621391882,0.24166529313543578,100,301,3000,B1L14RNA1,startRNAL14_0,NAMb_ss0,10, 8,CbAS_Q0.8_generatorVAE
12670586-455b-11ea-a194-3af9d3b33fd2,3,GUCGCCCGGCCUCG,0.6041632197437043,0.24166529313543578,100,301,3000,B1L14RNA1,startRNAL14_0,NAMb_ss0,10, 8,CbAS_Q0.8_generatorVAE
12670586-455b-11ea-a194-3af9d3b33fd2,3,UUCUCUAUCCUUCG,0.2444114738749541,0.2361729054666289,100,301,3000,B1L14RNA1,startRNAL14_0,NAMb_ss0,10, 8,CbAS_Q0.8_generatorVAE
12670586-455b-11ea-a194-3af9d3b33fd2,3,AUGGCCCGACCUUG,0.370736521206364,0.2334266985373403,100,301,3000,B1L14RNA1,startRNAL14_0,NAMb_ss0,10, 8,CbAS_Q0.8_generatorVAE
12670586-455b-11ea-a194-3af9d3b33fd2,3,AUCGCCCGACCUGG,0.4146756749363597,0.2279343108685334,100,301,3000,B1L14RNA1,startRNAL14_0,NAMb_ss0,10, 8,CbAS_Q0.8_generatorVAE
12670586-455b-11ea-a194-3af9d3b33fd2,3,GGCCCCGUACCUCG,0.5190311192130015,0.21969571627043794,100,301,3000,B1L14RNA1,startRNAL14_0,NAMb_ss0,10, 8,CbAS_Q0.8_generatorVAE
12670586-455b-11ea-a194-3af9d3b33fd2,3,GGCGCCCUUCCUCU,0.46410719014539203,0.21145712167234246,100,301,3000,B1L14RNA1,startRNAL14_0,NAMb_ss0,10, 8,CbAS_Q0.8_generatorVAE
12670586-455b-11ea-a194-3af9d3b33fd2,3,AUCAUCCACGUUCG,0.3405283497432707,0.21145712167234246,100,301,3000,B1L14RNA1,startRNAL14_0,NAMb_ss0,10, 8,CbAS_Q0.8_generatorVAE
12670586-455b-11ea-a194-3af9d3b33fd2,3,AUUGCGGGCGCUCG,0.4943153616084853,0.20596473400353557,100,301,3000,B1L14RNA1,startRNAL14_0,NAMb_ss0,10, 8,CbAS_Q0.8_generatorVAE
12670586-455b-11ea-a194-3af9d3b33fd2,3,ACCGCGCGCCCUCG,0.5849398236182248,0.19223375173663318,100,301,3000,B1L14RNA1,startRNAL14_0,NAMb_ss0,10, 8,CbAS_Q0.8_generatorVAE
12670586-455b-11ea-a194-3af9d3b33fd2,3,ACCGCCCAUCCUCG,0.46410719014539203,0.19223375173663318,100,301,3000,B1L14RNA1,startRNAL14_0,NAMb_ss0,10, 8,CbAS_Q0.8_generatorVAE
12670586-455b-11ea-a194-3af9d3b33fd2,3,ACCGCCCCGCUUGG,0.5464930837468063,0.18399515713853773,100,301,3000,B1L14RNA1,startRNAL14_0,NAMb_ss0,10, 8,CbAS_Q0.8_generatorVAE
12670586-455b-11ea-a194-3af9d3b33fd2,3,AUCAAAUCGCCUUG,0.31306638520946595,0.18399515713853773,100,301,3000,B1L14RNA1,startRNAL14_0,NAMb_ss0,10, 8,CbAS_Q0.8_generatorVAE
12670586-455b-11ea-a194-3af9d3b33fd2,3,AGCCCUGGCGCUCG,0.4998077754670625,0.1510408049359261,100,301,3000,B1L14RNA1,startRNAL14_0,NAMb_ss0,10, 8,CbAS_Q0.8_generatorVAE
12670586-455b-11ea-a194-3af9d3b33fd2,3,GGCGCAGUGCCUUG,0.5053001369460991,0.1510408049359261,100,301,3000,B1L14RNA1,startRNAL14_0,NAMb_ss0,10, 8,CbAS_Q0.8_generatorVAE
12670586-455b-11ea-a194-3af9d3b33fd2,3,ACUGCCCUGGCUCG,0.46410719014539203,0.1510408049359261,100,301,3000,B1L14RNA1,startRNAL14_0,NAMb_ss0,10, 8,CbAS_Q0.8_generatorVAE
12670586-455b-11ea-a194-3af9d3b33fd2,3,AUCGCCGGGACUCG,0.4284066572032621,0.14829461110152264,100,301,3000,B1L14RNA1,startRNAL14_0,NAMb_ss0,10, 8,CbAS_Q0.8_generatorVAE
12670586-455b-11ea-a194-3af9d3b33fd2,3,AUCGCCCGGCUUCU,0.4943153616084853,0.14829461110152264,100,301,3000,B1L14RNA1,startRNAL14_0,NAMb_ss0,10, 8,CbAS_Q0.8_generatorVAE
