{"run_id": "17:53:14-09/21/2020", "exp_name": "CbAS_Q=0.9_generator=VAE", "model_name": "LandscapeAsModel=RNABinding_T['GAACGAGGCACAUUCCGGCUCGCCCGGCCCAUGUGAGCAUGGGCCGGACCCCGUCCGCGCGGGGCCCCCGCGCGGACGGGGGCGAGCCGGAAUGUGCCUC', 'GAGGCACAUUCCGGCUCGCCCCCGUCCGCGCGGGGGCCCCGCGCGGACGGGGUCCGGCCCGCGCGGGGCCCCCGCGCGGGAGCCGGAAUGUGCCUCGUUC']_L14", "landscape_name": "RNABinding_T['GAACGAGGCACAUUCCGGCUCGCCCGGCCCAUGUGAGCAUGGGCCGGACCCCGUCCGCGCGGGGCCCCCGCGCGGACGGGGGCGAGCCGGAAUGUGCCUC', 'GAGGCACAUUCCGGCUCGCCCCCGUCCGCGCGGGGGCCCCGCGCGGACGGGGUCCGGCCCGCGCGGGGCCCCCGCGCGGGAGCCGGAAUGUGCCUCGUUC']_L14", "rounds": 10, "sequences_batch_size": 100, "model_queries_per_batch": 1000}
sequence,model_score,true_score,round,model_cost,measurement_cost
UCUUGGGGACUUUU,,0.27879076194752395,0,0,1
GCGGGGUCCUUGAU,0.6360553823288997,0.6360553823288997,1,1000,100
GGGGCCGGCCAUUG,0.6194745743649182,0.6194745743649182,1,1000,100
CCGCGGGCCUGGAU,0.5973236528621708,0.5973236528621708,1,1000,100
GCAGGGGCCUGGAG,0.5900695418645998,0.5900695418645998,1,1000,100
GCGCCAGGCCUCGG,0.5819864178711973,0.5819864178711973,1,1000,100
CGGACGGGGCAGUA,0.57216746025913,0.57216746025913,1,1000,100
CUCGCCUCGCGUGA,0.5658719336275482,0.5658719336275482,1,1000,100
GUGGAGGGCCACGG,0.5631257266982597,0.5631257266982597,1,1000,100
CAUGCCUCGCGUGA,0.5550426027048572,0.5550426027048572,1,1000,100
UGCGGCGCCCUUGA,0.5423219937485786,0.5423219937485786,1,1000,100
GCGGCAGGCCACGC,0.5388763033268033,0.5388763033268033,1,1000,100
UUCGCCUUGCGUGA,0.5092380963655793,0.5092380963655793,1,1000,100
GCGGAGUCCUCGAC,0.5040306982920828,0.5040306982920828,1,1000,100
GCGGCGGGACACGC,0.5038493641670606,0.5038493641670606,1,1000,100
GGUGCAGCCCUUGU,0.5010513169018885,0.5010513169018885,1,1000,100
GAUCGCCAGGGCCC,0.5010513169018885,0.5010513169018885,1,1000,100
GCGUGUCCGGCGAU,0.49892691481035284,0.49892691481035284,1,1000,100
GGGGCAGGCCAUUC,0.4982015058935607,0.4982015058935607,1,1000,100
GGGGCAGGCGUCGC,0.4979424312098284,0.4979424312098284,1,1000,100
ACCGUCCGCAAUUA,0.4957661887824092,0.4957661887824092,1,1000,100
ACCGUCCGCAGUUC,0.4957661887824092,0.4957661887824092,1,1000,100
GUCUCGCGCUGUGC,0.49545529896427215,0.49545529896427215,1,1000,100
GUGGCCGGACACUC,0.4928386503102563,0.4928386503102563,1,1000,100
GCACGGCCUUCGCU,0.491931894173557,0.491931894173557,1,1000,100
GCGGAUGGAAAGGG,0.4873203346349862,0.4873203346349862,1,1000,100
UCCUGUACCGCGAU,0.48504048812852774,0.48504048812852774,1,1000,100
UAAGGGUCUGCGCU,0.4848850427253134,0.4848850427253134,1,1000,100
GUGGCAUGCCUCUG,0.48439279358067555,0.48439279358067555,1,1000,100
GCGAGGGCAUGGAU,0.481102563250866,0.481102563250866,1,1000,100
AUGGCGGGCCAUAG,0.48081757365555555,0.48081757365555555,1,1000,100
AGGGCGUGCCAUAG,0.47970354487464356,0.47970354487464356,1,1000,100
UCAGGCCAUGCGCU,0.47690554900072046,0.47690554900072046,1,1000,100
GGCAAGGGCUGGUC,0.4754806052001927,0.4754806052001927,1,1000,100
GCGGAGUCCUGGAU,0.47237171950813256,0.47237171950813256,1,1000,100
CGGUUUCAUGGGCG,0.47187947036349465,0.47187947036349465,1,1000,100
GCGACGGGACACGG,0.47182765522908987,0.47182765522908987,1,1000,100
GUCUCGCGCAGUUU,0.46882237361606904,0.46882237361606904,1,1000,100
GGGGCUUGCCAAGC,0.468666954402625,0.468666954402625,1,1000,100
CCACGUCAUGCGCU,0.4661279818211852,0.4661279818211852,1,1000,100
GUCUCGCGCUAUUG,0.4661279818211852,0.4661279818211852,1,1000,100
AGGACGGGCCAUGG,0.4659984628305679,0.4659984628305679,1,1000,100
GGAUCCCAUUCGCU,0.46527306860252715,0.46527306860252715,1,1000,100
GACCCGCGCAAUUC,0.4634336414175504,0.4634336414175504,1,1000,100
AAAGGGCACUCGCU,0.4634336414175504,0.4634336414175504,1,1000,100
AAGGGGCACUCGAU,0.46332998594726216,0.46332998594726216,1,1000,100
CAUCCCUUCCGUGA,0.4632263556784526,0.4632263556784526,1,1000,100
UCUCCAUGACGGGG,0.4632263556784526,0.4632263556784526,1,1000,100
AGGGCAUGACCCGG,0.4622418720779282,0.4622418720779282,1,1000,100
GGGCUCUGACACGC,0.46195688248261785,0.46195688248261785,1,1000,100
GCUCAGGGCUAGGA,0.4606096918415396,0.4606096918415396,1,1000,100
UCACGGCACGCGCU,0.4603247043342413,0.4603247043342413,1,1000,100
CGACGUAAGGGGCU,0.45905525633988525,0.45905525633988525,1,1000,100
ACCGGAGCCUGGAU,0.45604998782174955,0.45604998782174955,1,1000,100
GCAGGUCAUGCGCU,0.4526560742380151,0.4526560742380151,1,1000,100
CUCCCAGGCCUUGA,0.450972107145004,0.450972107145004,1,1000,100
GCGUAGACGUCGGU,0.44757823185763357,0.44757823185763357,1,1000,100
CCACGUCCGGGACU,0.44726734203949653,0.44726734203949653,1,1000,100
ACCGGCCGCAGUUC,0.44672327776045384,0.44672327776045384,1,1000,100
CCACGUCAGGCGCU,0.44457295024461274,0.44457295024461274,1,1000,100
CCACGGCACGGACU,0.44299258723064083,0.44299258723064083,1,1000,100
UGAGGGCAGGCGCA,0.4418785584497289,0.4418785584497289,1,1000,100
GCAAAGGCCUCGAA,0.43918416665484505,0.43918416665484505,1,1000,100
GUGCCAGGCUACGC,0.4377074591111615,0.4377074591111615,1,1000,100
GCCUCGUCCUAUAG,0.43765564397675677,0.43765564397675677,1,1000,100
AACCCCGUCAAUUC,0.43628255360699764,0.43628255360699764,1,1000,100
CAAAGGCAGGCCCU,0.4352203268656052,0.4352203268656052,1,1000,100
GCGAAGUCCUGGGU,0.4337954344563264,0.4337954344563264,1,1000,100
GGGGAUGGACAGGC,0.432318688616279,0.432318688616279,1,1000,100
UUACGCAAGGCCCU,0.4307901528433056,0.4307901528433056,1,1000,100
GUGGCUGGACAUGC,0.43047927612005366,0.43047927612005366,1,1000,100
CGGGCAGGACAUGC,0.42895071514560146,0.42895071514560146,1,1000,100
GCAAGUCACGCGCU,0.42882119615498415,0.42882119615498415,1,1000,100
ACAUGCCAGGGGCU,0.42882119615498415,0.42882119615498415,1,1000,100
AGGGACGGACAGGG,0.42845847860170294,0.42845847860170294,1,1000,100
GUCAUGCGCCGUGG,0.4284066508665588,0.4284066508665588,1,1000,100
AGGCCAGGCCACGC,0.42799215696938253,0.42799215696938253,1,1000,100
UCCCGUCAUGCCUA,0.4270853751370587,0.4270853751370587,1,1000,100
GCGUAGGCCUAGAA,0.42692994332287526,0.42692994332287526,1,1000,100
GCGUAGGCCUAGAU,0.42692994332287526,0.42692994332287526,1,1000,100
UUUGCCUUGCGUUA,0.4257122847672995,0.4257122847672995,1,1000,100
AAAUGGCCCGCGAU,0.4256604570321554,0.4256604570321554,1,1000,100
AGGCCUUGCCAGUG,0.42301789297241565,0.42301789297241565,1,1000,100
GGCAUGCCCUAUAC,0.4227847180173643,0.4227847180173643,1,1000,100
GGCCGUUCCUAUAU,0.4220593091005722,0.4220593091005722,1,1000,100
AGGGCAGGACACGG,0.42066031850798635,0.42066031850798635,1,1000,100
CUGGCGUCGCUUGA,0.4195203879103814,0.4195203879103814,1,1000,100
ACAUGGGCCUAUUC,0.4190799403111174,0.4190799403111174,1,1000,100
UCAGGGCAGUCCCU,0.4163596744831771,0.4163596744831771,1,1000,100
CUCGCAUCCCGAGA,0.41550472038599745,0.41550472038599745,1,1000,100
GGGACGCGCUAUGG,0.41524564570226513,0.41524564570226513,1,1000,100
GUCUUGCGCAAUUG,0.4149347432833887,0.4149347432833887,1,1000,100
AGCGCAUUCCUUCA,0.4149347432833887,0.4149347432833887,1,1000,100
ACACGGUCCUCGUU,0.4143647918764045,0.4143647918764045,1,1000,100
ACGGCAGGCCACGG,0.4141834320557579,0.4141834320557579,1,1000,100
ACGGCGUGCCAUGG,0.414079789186209,0.414079789186209,1,1000,100
CCAUGUCAUGCGCU,0.4137171104234375,0.4137171104234375,1,1000,100
UCACGGCAGGCGCU,0.4134580357397052,0.4134580357397052,1,1000,100
AGAGCCUGCGAGUC,0.41265489677693024,0.41265489677693024,1,1000,100
GGCACGCGCUAUAC,0.4122403771841294,0.4122403771841294,1,1000,100
AUCCCGUGCGGGCA,0.7079487497373381,0.7079487497373381,2,2000,199
CGCGGGCGGGGCUA,0.700591009459249,0.700591009459249,2,2000,199
GGCCCCCGCGAUGC,0.662040639319021,0.662040639319021,2,2000,199
GGGGAGCGAGUCGG,0.6615224899515564,0.6615224899515564,2,2000,199
CGCGGGCAGGCCCA,0.6514185427441788,0.6514185427441788,2,2000,199
CCCCGUCGGCUCCA,0.6508744784651361,0.6508744784651361,2,2000,199
UAUAGGCGGGGGCA,0.5752245308167854,0.5752245308167854,2,2000,199
GGAGGCCAGGCGCA,0.5739032424865459,0.5739032424865459,2,2000,199
CCGGGCCGAGUCGA,0.5642138405675935,0.5642138405675935,2,2000,199
GGGGUUCGUGGCGA,0.5558975568020369,0.5558975568020369,2,2000,199
GCACGGCGGGUGCU,0.5238240327296614,0.5238240327296614,2,2000,199
CGAGGCCAGGCCCU,0.5219327798975525,0.5219327798975525,2,2000,199
GAGGGCCUGACGCU,0.5200156121538655,0.5200156121538655,2,2000,199
AGGUCCGGACCUGA,0.5185907197445867,0.5185907197445867,2,2000,199
CACGGGCGGACGCA,0.5171658011455377,0.5171658011455377,2,2000,199
GAAGGGCAGGCCCC,0.5166994669124778,0.5166994669124778,2,2000,199
CGCAGGCGGACCCA,0.5154559086282212,0.5154559086282212,2,2000,199
CGCGUGUUCGGGUU,0.5146268799553468,0.5146268799553468,2,2000,199
GGGGUUCGGAACGC,0.5132796767135294,0.5132796767135294,2,2000,199
CGGGUUCGGGUCGA,0.5078132039563005,0.5078132039563005,2,2000,199
GGGGAUCGGGUCGA,0.5077613888218957,0.5077613888218957,2,2000,199
GGCUAGCGCCUCCA,0.5074763992265854,0.5074763992265854,2,2000,199
CGGGAUCGAGUCGA,0.5049115526120891,0.5049115526120891,2,2000,199
CGGGUUACCCUCGC,0.5035384491474448,0.5035384491474448,2,2000,199
CGAGGCCGGAUGCA,0.5029166695111708,0.5029166695111708,2,2000,199
CGAGGACAGGGGCA,0.5012844913627942,0.5012844913627942,2,2000,199
UGGGUUCGCCUCGA,0.49827924645227095,0.49827924645227095,2,2000,199
GCAGGUGGGAUCCA,0.4957921036939873,0.4957921036939873,2,2000,199
CCGCGUCCGAACCA,0.4941340106340326,0.4941340106340326,2,2000,199
UCGAGCCGGCUCGA,0.49216505394571114,0.49216505394571114,2,2000,199
UGGGCUCGAAGCGC,0.4913360147601096,0.4913360147601096,2,2000,199
GAAGGGCGGGGACU,0.4902738011136023,0.4902738011136023,2,2000,199
UUCGGGAUCGAGCC,0.4874758052396792,0.4874758052396792,2,2000,199
CGCAGGCGGUGGCU,0.4873203346349862,0.4873203346349862,2,2000,199
CGAGGGCGGAGGCA,0.4868540256034051,0.4868540256034051,2,2000,199
GCGGGUAGUACCCA,0.48517002021403016,0.48517002021403016,2,2000,199
GGCAUGGGCACCGA,0.4823460963336439,0.4823460963336439,2,2000,199
CGGGAGCGAAGCGC,0.4822942811992391,0.4822942811992391,2,2000,199
CACUGCCAGGGGCA,0.48081757365555555,0.48081757365555555,2,2000,199
GGCGGGCGCAUCCA,0.4807139181852673,0.4807139181852673,2,2000,199
ACUGGCGUCCCUGA,0.47921129573000565,0.47921129573000565,2,2000,199
CGGGAUCGCCUCGA,0.47864133122813635,0.47864133122813635,2,2000,199
UGGGUCGGACAUGA,0.4786154310053097,0.4786154310053097,2,2000,199
GCCCCGUUUAAGCU,0.47807136672626704,0.47807136672626704,2,2000,199
UAAGGCCAGGCGCA,0.4742111572058367,0.4742111572058367,2,2000,199
UAACGGCAGGGGCU,0.4742111572058367,0.4742111572058367,2,2000,199
GGCGACGGAGUUGC,0.4742111572058367,0.4742111572058367,2,2000,199
CCUGUGUGAGUCGA,0.4732784756448319,0.4732784756448319,2,2000,199
UGAGGACAGGGGCU,0.4731748584709075,0.4731748584709075,2,2000,199
GGGUUUCGCCUCGU,0.4724753235871718,0.4724753235871718,2,2000,199
UCGCACCGGGUCGA,0.46983277212817154,0.46983277212817154,2,2000,199
UGGAUGCGAGUCGA,0.4695736974444392,0.4695736974444392,2,2000,199
CGGGCUAGGAGCGA,0.46897784422076205,0.46897784422076205,2,2000,199
CGGCAUGACUCCGA,0.4686151140667415,0.4686151140667415,2,2000,199
ACGCAUCGGGUCGA,0.4685632989323367,0.4685632989323367,2,2000,199
UUGGUUCGGCUCGC,0.4684337799417194,0.4684337799417194,2,2000,199
ACGGAUGCCUUCGC,0.4680451495648722,0.4680451495648722,2,2000,199
GGCACGCGCAGCGA,0.4661279818211852,0.4661279818211852,2,2000,199
CGGCCCCGAAAUGA,0.4661279818211852,0.4661279818211852,2,2000,199
UAAGGACAGGGGCU,0.46503988104673644,0.46503988104673644,2,2000,199
UGCGGGCAGAGGCA,0.46444401472817415,0.46444401472817415,2,2000,199
GGCACUCGCAGGCU,0.46408130977563233,0.46408130977563233,2,2000,199
AGUAGGGGCAACGA,0.4634336414175504,0.4634336414175504,2,2000,199
CGGGACGGACUCGA,0.4632004433490323,0.4632004433490323,2,2000,199
GUCCCGUUCGAGUC,0.46195688248261785,0.46195688248261785,2,2000,199
GGCACCCGCAACGA,0.46195688248261785,0.46195688248261785,2,2000,199
GGACGCCAUGCGUU,0.46174962293329036,0.46174962293329036,2,2000,199
GUCAUCCGUGCGCC,0.46099832430639887,0.46099832430639887,2,2000,199
CGGCCGCUGUACGC,0.46073924962266655,0.46073924962266655,2,2000,199
ACCGAGCGGAUCGA,0.46073924962266655,0.46073924962266655,2,2000,199
AUGACGCGCGCCCA,0.4606355941523783,0.4606355941523783,2,2000,199
GUCACGCGCAAGCC,0.46058377901797354,0.46058377901797354,2,2000,199
UGGGAUCGAGUCGA,0.460376519468646,0.460376519468646,2,2000,199
GCUCCCGGACUUGA,0.45983248039108215,0.45983248039108215,2,2000,199
GGCACCCGCAAUGA,0.45926249068773406,0.45926249068773406,2,2000,199
GUGGGUGGAUUCGA,0.45706037422725837,0.45706037422725837,2,2000,199
UGAAGCCGGGCACC,0.45698264418127554,0.45698264418127554,2,2000,199
GGCGUGCGGAUCAA,0.4554541215031872,0.4554541215031872,2,2000,199
UCUCGCGCACGUGC,0.45457324198170207,0.45457324198170207,2,2000,199
ACCGUGUUCGCUUC,0.45307061952644045,0.45307061952644045,2,2000,199
GAAGGACAGGGGGA,0.4518788632817034,0.4518788632817034,2,2000,199
GGCCUCUGCAAGUU,0.45167161583896953,0.45167161583896953,2,2000,199
GGCCCGUUCGACCU,0.4513866262436591,0.4513866262436591,2,2000,199
GUCACGCGCAACCC,0.45117936669433156,0.45117936669433156,2,2000,199
UGGGUUCGGAUCGC,0.4508166748366749,0.4508166748366749,2,2000,199
GUCACGUCCGAGCU,0.44804456609069343,0.44804456609069343,2,2000,199
GGACGGCAUGUUCU,0.4468787095746372,0.4468787095746372,2,2000,199
GCGGUUCGACUCGG,0.4463605602071727,0.4463605602071727,2,2000,199
GGGGAUGACUCCGA,0.4450651993892506,0.4450651993892506,2,2000,199
GGGGUUCGAAUCGC,0.44462476537901746,0.44462476537901746,2,2000,199
AAGGUCGGACUCGA,0.44428797533805375,0.44428797533805375,2,2000,199
CGCAUGGGCAAACA,0.4438216390169819,0.4438216390169819,2,2000,199
CGCAUGCGGGUUCU,0.4431998467799684,0.4431998467799684,2,2000,199
GGCACGCGCAACCC,0.4430444023650456,0.4430444023650456,2,2000,199
AUCGGGUGCGGCAU,0.4425521784218865,0.4425521784218865,2,2000,199
GGCACGCGCAACGA,0.44218946086860533,0.44218946086860533,2,2000,199
GGCAUUCGCAGCGA,0.44136040908226426,0.44136040908226426,2,2000,199
GGUAGGGGGAUCCA,0.4405572701194893,0.4405572701194893,2,2000,199
CGCAGUCGGUGGCC,0.4405054549850846,0.4405054549850846,2,2000,199
UGGCGGGCGGGGCA,0.646651563992164,0.646651563992164,3,3000,298
GCAUUGCGGGGCCC,0.5878674254041241,0.5878674254041241,3,3000,298
UUCUGGGCUGGGCU,0.5867792968460388,0.5867792968460388,3,3000,298
GCUCUGCCCCGCCU,0.5847325986107157,0.5847325986107157,3,3000,298
GCCCCGAGACGCGC,0.583774015233018,0.583774015233018,3,3000,298
GCCCCGCGACGUGU,0.5817791583218698,0.5817791583218698,3,3000,298
GGGCACUGUGUGGC,0.576545819147025,0.576545819147025,3,3000,298
GCCCUGGGCAGCCA,0.5763385595976974,0.5763385595976974,3,3000,298
UGGCUGGAUGGGGU,0.5659237487619528,0.5659237487619528,3,3000,298
UCCGAUGCUCCCGU,0.559110071774615,0.559110071774615,3,3000,298
GCCUGGCAGGGCGA,0.5576851541638574,0.5576851541638574,3,3000,298
GCGUGGUAGGGCGU,0.5451718299583851,0.5451718299583851,3,3000,298
GGGCCGAGACGCGA,0.5451200148239803,0.5451200148239803,3,3000,298
UGGCCGCAGCGGGA,0.542218363479769,0.542218363479769,3,3000,298
UCGUGUCGGGGCAA,0.54125980530355,0.54125980530355,3,3000,298
GGUCCGCGGUGCCA,0.5397830725583876,0.5397830725583876,3,3000,298
GGGCCGAGACGCGU,0.5382545236905292,0.5382545236905292,3,3000,298
ACCCGGCAGGCCUA,0.5359746519825919,0.5359746519825919,3,3000,298
GGCUCGGGGUGUCU,0.5332802853891869,0.5332802853891869,3,3000,298
GCGCUGGAGCGCCU,0.5320626273277569,0.5320626273277569,3,3000,298
GCCCCGAGACGGUC,0.5295754950822005,0.5295754950822005,3,3000,298
GCGCCGUGGUGCCG,0.5276842422500917,0.5276842422500917,3,3000,298
GGGCGGGGACGCAC,0.5267256840738728,0.5267256840738728,3,3000,298
GCCACGGGGUGCCA,0.523979477144584,0.523979477144584,3,3000,298
AUCCGGCCUGCGUA,0.5208705662510452,0.5208705662510452,3,3000,298
AUCCCGGCUCCUCA,0.5197565374701333,0.5197565374701333,3,3000,298
UGCACGCGGGGCAG,0.519342043572957,0.519342043572957,3,3000,298
GGUACGCCGCGCCC,0.5108702745139558,0.5108702745139558,3,3000,298
UCCCCGUAUCCGCU,0.5094453559149068,0.5094453559149068,3,3000,298
GUGCCGCGGCGCCA,0.5087717621325194,0.5087717621325194,3,3000,298
UCUUGUCGGUGCGA,0.506595544906579,0.506595544906579,3,3000,298
UGCCGGGAUCCGCU,0.49846058057729303,0.49846058057729303,3,3000,298
GGGACGAGCCACCA,0.497346551796381,0.497346551796381,3,3000,298
UUCCUGUAUGGGCC,0.49493714959680757,0.49493714959680757,3,3000,298
GUGUCGCGGCGCCC,0.49260548795594433,0.49260548795594433,3,3000,298
GAAAUGGGGCGCCC,0.4922945729363285,0.4922945729363285,3,3000,298
GAGCCGAGCCUCCG,0.4918023489931693,0.4918023489931693,3,3000,298
UCCCCGCAGUGCCA,0.489859307216426,0.489859307216426,3,3000,298
GAUCCGCGGCGCGA,0.4876830647890068,0.4876830647890068,3,3000,298
ACCUGCCAGGGCGA,0.4848850427253134,0.4848850427253134,3,3000,298
GCCUCGGUGAGCAA,0.4847814134447954,0.4847814134447954,3,3000,298
GCCCCGAGACGCCA,0.48472959831039064,0.48472959831039064,3,3000,298
GCGCUGUGGUGCCU,0.48213886198579514,0.48213886198579514,3,3000,298
GUGACGAGGCUCCG,0.4820352065155068,0.4820352065155068,3,3000,298
GCCUGGCAGUGCGG,0.47980717514345306,0.47980717514345306,3,3000,298
UGACAGGCUCCGCA,0.4795998894043553,0.4795998894043553,3,3000,298
UUCCGGCAGUGCCA,0.4790040361806781,0.4790040361806781,3,3000,298
GCCAUGCAGGGCGA,0.478382256544404,0.478382256544404,3,3000,298
GCCCUGAGGUGCCC,0.47786410717693945,0.47786410717693945,3,3000,298
AGUCAGGCUCCGCU,0.47690554900072046,0.47690554900072046,3,3000,298
GGCCCGAGACUCAC,0.47682780635399824,0.47682780635399824,3,3000,298
ACCUGGCAGGGCGA,0.4754806052001927,0.4754806052001927,3,3000,298
UUCCGGUAUUCGCU,0.47532518598674867,0.47532518598674867,3,3000,298
GUGACGAGGUCCCA,0.47374482297277687,0.47374482297277687,3,3000,298
GCGACGCGGUGCCA,0.47237171950813256,0.47237171950813256,3,3000,298
UGAAAGGCUGGGCU,0.47071362644817794,0.47071362644817794,3,3000,298
GACCCGUGGCGCUA,0.46882237361606904,0.46882237361606904,3,3000,298
ACCUGGCAGCGCGA,0.46882237361606904,0.46882237361606904,3,3000,298
GCGUGGCAGGUCGA,0.46617982215706877,0.46617982215706877,3,3000,298
UUGCUGGAUGCCCG,0.46581711819281846,0.46581711819281846,3,3000,298
GCUCCGCGGUUCAA,0.4651176085105615,0.4651176085105615,3,3000,298
GCGACGCUGUGCCU,0.4634336414175504,0.4634336414175504,3,3000,298
GCUAACGCGCGAGA,0.4627600214453928,0.4627600214453928,3,3000,298
UCGCCGCGAUGCCU,0.4619050673482131,0.4619050673482131,3,3000,298
GAGCCGAGACGCCA,0.4619050673482131,0.4619050673482131,3,3000,298
GCGCCGAGAGGCCA,0.4618532784035786,0.4618532784035786,3,3000,298
UGCCGGUAUGGGCU,0.4611537435198429,0.4611537435198429,3,3000,298
GCCCCGAGACGCUA,0.4611019283854382,0.4611019283854382,3,3000,298
GCCCCGAGAUGCCU,0.4601174447849138,0.4601174447849138,3,3000,298
UCCUUGGGGUCUGU,0.4596770359761594,0.4596770359761594,3,3000,298
GCCCGGUAUCGCCA,0.45887389701338444,0.45887389701338444,3,3000,298
GUGCACUGCGUGGC,0.4538737584892154,0.4538737584892154,3,3000,298
GCGUGACAGGGCAA,0.4537701030189271,0.4537701030189271,3,3000,298
GGCCUUAGGUGCCG,0.4537182878845224,0.4537182878845224,3,3000,298
GACACGCCGCGCCG,0.4533037939873461,0.4533037939873461,3,3000,298
UCCCCGUAUUCGCU,0.4528633599771129,0.4528633599771129,3,3000,298
UCCCCGUAUACGCU,0.4528633599771129,0.4528633599771129,3,3000,298
GUACGGGAGUGCCA,0.4526560742380151,0.4526560742380151,3,3000,298
GCGACGAGGUGCCG,0.4524488398901664,0.4524488398901664,3,3000,298
GGCGUGCAGUGCCA,0.4499617338343803,0.4499617338343803,3,3000,298
GCAACGCUGUGCGA,0.44604965778829625,0.44604965778829625,3,3000,298
GAUCCGCGCCGCUA,0.4455315215157168,0.4455315215157168,3,3000,298
AGCCUGGAUGCGCU,0.44457295024461274,0.44457295024461274,3,3000,298
GCUCUGCGACGAUA,0.44457295024461274,0.44457295024461274,3,3000,298
UGCUUGUCUGCGAU,0.44457295024461274,0.44457295024461274,3,3000,298
GCGGAUGAACCCGA,0.44452113511020797,0.44452113511020797,3,3000,298
GGACCGCGCCACUC,0.4437439110590111,0.4437439110590111,3,3000,298
GCCUUGUAGUGCGA,0.4430444023650456,0.4430444023650456,3,3000,298
CCCCCGUAUUAGCU,0.4425521784218865,0.4425521784218865,3,3000,298
UUUCAGUCUGCGCU,0.44198221392001713,0.44198221392001713,3,3000,298
UGCUAGGAGGGGCU,0.44009096108790824,0.44009096108790824,3,3000,298
UUCCAGGCUUCGCU,0.43923600699072857,0.43923600699072857,3,3000,298
CCGCCGCGAAACCG,0.4390805625758058,0.4390805625758058,3,3000,298
UCCAUGUGGGACCA,0.438717857623264,0.438717857623264,3,3000,298
GACAUGAGGGGCCG,0.4376038419372371,0.4376038419372371,3,3000,298
GGCCCGAGACGCUA,0.4375520016013536,0.4375520016013536,3,3000,298
GGCCCGAGACGCUG,0.4375520016013536,0.4375520016013536,3,3000,298
CCUGACGCGCACGU,0.43648982625121024,0.43648982625121024,3,3000,298
GCAACGCGGUGCCA,0.43597166378886054,0.43597166378886054,3,3000,298
ACCCCGUAUGUGCU,0.5469076383755712,0.5469076383755712,4,4000,397
GCUCUGCAGCGGCC,0.5449645704090575,0.5449645704090575,4,4000,397
CCGGACUGGGUCUA,0.5362337266663242,0.5362337266663242,4,4000,397
GGGCGCUGACGGCC,0.5277360573844965,0.5277360573844965,4,4000,397
CGGGACUGCCUCGC,0.5227100039487493,0.5227100039487493,4,4000,397
GGGCACUAGCCCCU,0.5189016095627238,0.5189016095627238,4,4000,397
UUGCGCUGCCGGCC,0.518124385511527,0.518124385511527,4,4000,397
GGGAGGUGCCGGUC,0.5117770437455402,0.5117770437455402,4,4000,397
GCGAGGCCGUGCAC,0.5065437045706955,0.5065437045706955,4,4000,397
UGCCCCUGCGAUAG,0.5056110613060546,0.5056110613060546,4,4000,397
UCAGCUGCGUGGAC,0.5038493641670606,0.5038493641670606,4,4000,397
AGGGCCACGAGCAC,0.5019321964233737,0.5019321964233737,4,4000,397
GCCCUGCAGUGCCA,0.5017508517856243,0.5017508517856243,4,4000,397
GGGCACUAGCUGGC,0.4957661887824092,0.4957661887824092,4,4000,397
CCCCCGAGCCGUUU,0.49550711409867687,0.49550711409867687,4,4000,397
GGGCAGCAGCGGAU,0.4948076306061902,0.4948076306061902,4,4000,397
UGUCUGCAGCGGAG,0.4930717969875254,0.4930717969875254,4,4000,397
CGGGCCGGCAUAAG,0.4873721749708697,0.4873721749708697,4,4000,397
UGGCACUGCCUCGC,0.4848850427253134,0.4848850427253134,4,4000,397
GACGUGCAGGGGAG,0.4822942811992391,0.4822942811992391,4,4000,397
GUGCGGCAGGGAAA,0.4822942811992391,0.4822942811992391,4,4000,397
GCCCACUACGUGGA,0.48182794696617925,0.48182794696617925,4,4000,397
AUCCGGCAGAGCCC,0.48180205725608,0.48180205725608,4,4000,397
UGGGGCGCCAUGAG,0.47690554900072046,0.47690554900072046,4,4000,397
UGGGGCCGCAUGAG,0.47690554900072046,0.47690554900072046,4,4000,397
GGGGACUGCGUAGC,0.4755324455360762,0.4755324455360762,4,4000,397
GGCCUGUAGCGCCG,0.47532518598674867,0.47532518598674867,4,4000,397
UCCGGUACGUCCAU,0.4752474559407658,0.4752474559407658,4,4000,397
GCGAGCGGAGGUUC,0.47071362644817794,0.47071362644817794,4,4000,397
UGGUCGAGGCGGCG,0.46858921175590285,0.46858921175590285,4,4000,397
UGCCGGGGCAGUAC,0.4673456660723855,0.4673456660723855,4,4000,397
GCUAUCGCGUGGUA,0.4670347762542485,0.4670347762542485,4,4000,397
CUGCCGAGACGGAU,0.4661279818211852,0.4661279818211852,4,4000,397
GCUCUGCAGUGGUA,0.4647030894119064,0.4647030894119064,4,4000,397
GGCUCAUGCAGGAG,0.4612573989901312,0.4612573989901312,4,4000,397
CUGCACUCCGUCGC,0.4593143310236175,0.4593143310236175,4,4000,397
CGGGACGUCUUCGC,0.4554541215031872,0.4554541215031872,4,4000,397
CUACAGCCCCGGCU,0.45535046603289897,0.45535046603289897,4,4000,397
GCUGUUCCGUCCAC,0.4537182878845224,0.4537182878845224,4,4000,397
UGGGCUGGCACUAC,0.45356286867107837,0.45356286867107837,4,4000,397
UGGCACUGCAUGGG,0.4533037939873461,0.4533037939873461,4,4000,397
UGGGCCCGACUGAC,0.4524488398901664,0.4524488398901664,4,4000,397
AGCCCGUAUGUGCU,0.4499617338343803,0.4499617338343803,4,4000,397
UGGGGCGGCACUAG,0.4472155269050918,0.4472155269050918,4,4000,397
UGGGCCUCCACCAG,0.44496155701384743,0.44496155701384743,4,4000,397
GCCCAGCAGCGCCA,0.4443138755608804,0.4443138755608804,4,4000,397
AUUCCGUAUGCGCU,0.44299258723064083,0.44299258723064083,4,4000,397
GCGCUGCCGUGUCU,0.4429407720962361,0.4429407720962361,4,4000,397
ACUUCGUAUGCGCU,0.4418267433153241,0.4418267433153241,4,4000,397
AUCCUGGCGGAGCA,0.4414640645525526,0.4414640645525526,4,4000,397
UUCCUCUGCACGGC,0.44029819543575704,0.44029819543575704,4,4000,397
AGGUCCUGCAAGAC,0.43939145239394284,0.43939145239394284,4,4000,397
UGCCUCCGCAAUAG,0.43439130077488874,0.43439130077488874,4,4000,397
GGAAGCGGACCGGC,0.4340026814049146,0.4340026814049146,4,4000,397
GGGAGCUGACGGAC,0.4339508662705098,0.4339508662705098,4,4000,397
GCCGUUUCGUGGAG,0.43363997694651857,0.43363997694651857,4,4000,397
GCCCCGAGACGUUA,0.4327332208098192,0.4327332208098192,4,4000,397
UCAGUUGCGUGGAC,0.4311010426614426,0.4311010426614426,4,4000,397
GAGCACUGGGUCGC,0.43045334811359043,0.43045334811359043,4,4000,397
UCGGACUGGGUUGC,0.4300906567500795,0.4300906567500795,4,4000,397
AGGUCCUGCAAUAG,0.4284066508665588,0.4284066508665588,4,4000,397
GGGUGCGCCACAAG,0.4272926220856468,0.4272926220856468,4,4000,397
UGUCAGCCGCGCAG,0.42698174536239486,0.42698174536239486,4,4000,397
UGGGGCGGCAUUAC,0.4266190535047382,0.4266190535047382,4,4000,397
AGCUCGUACGCGUU,0.42607498922569553,0.42607498922569553,4,4000,397
AACUCGUAUGCGCU,0.4257122847672995,0.4257122847672995,4,4000,397
GGUUCGAGACGUCC,0.42446871130014563,0.42446871130014563,4,4000,397
UGGCUCUGCACUAC,0.42301789297241565,0.42301789297241565,4,4000,397
GGGGUAACGAGGAU,0.4216966172429155,0.4216966172429155,4,4000,397
GCUCUGCAGUGCCA,0.42091939319171867,0.42091939319171867,4,4000,397
GCACCGCGACGAUG,0.42047895868733975,0.42047895868733975,4,4000,397
AGCUCGUAUGCGCU,0.42032352687315633,0.42032352687315633,4,4000,397
AUUAUCGCGUGGAA,0.42032352687315633,0.42032352687315633,4,4000,397
ACCGUUACGUGCAU,0.42032352687315633,0.42032352687315633,4,4000,397
GGGUGCGGCAAUAC,0.4199348944082971,0.4199348944082971,4,4000,397
GGGCACUACGCCUC,0.4193649299064277,0.4193649299064277,4,4000,397
GGGGACGGCAAAAC,0.41835454399506466,0.41835454399506466,4,4000,397
AGGAGCCGACUGCC,0.4176291350782725,0.4176291350782725,4,4000,397
CGGCCGAGACGGUC,0.417473690169204,0.417473690169204,4,4000,397
UGCCCCUGGAAUCG,0.4165669214317653,0.4165669214317653,4,4000,397
UCUGGUACGUCCAU,0.4159710420183179,0.4159710420183179,4,4000,397
UGGCUCUGCAUUAC,0.4149347432833887,0.4149347432833887,4,4000,397
UGGCUCUGCAACAG,0.4149347432833887,0.4149347432833887,4,4000,397
ACAAAUGCGUGGAC,0.41356165291362956,0.41356165291362956,4,4000,397
GUCAGCGCCUCUCG,0.4126808116885083,0.4126808116885083,4,4000,397
GCCCAGCACUGACA,0.4123958220931979,0.4123958220931979,4,4000,397
UGCGGCGGCACGAC,0.4122403771841294,0.4122403771841294,4,4000,397
GUGAGCUGACGUGG,0.4122403771841294,0.4122403771841294,4,4000,397
UCCGAUCCGUCCAC,0.41203310453991676,0.41203310453991676,4,4000,397
GGUCAGCGGUGGAA,0.4119813025003971,0.4119813025003971,4,4000,397
UAGGACUGCGCCUC,0.4108154590792261,0.4108154590792261,4,4000,397
AGGCACUACCUCGC,0.41060819903575285,0.41060819903575285,4,4000,397
GCGUACUAGGCCUA,0.4095459853892456,0.4095459853892456,4,4000,397
AUGCGGGAUGACCU,0.40856151438946053,0.40856151438946053,4,4000,397
UGGGUCGGCAUUAC,0.40838015456881394,0.40838015456881394,4,4000,397
CCGGACUACGUUUA,0.40698115137548874,0.40698115137548874,4,4000,397
AUAGCGUAGGCGGU,0.40685161928998625,0.40685161928998625,4,4000,397
UGGUACUGCCUGGC,0.40685161928998625,0.40685161928998625,4,4000,397
UGCUCCUGCACCAG,0.4062298144522334,0.4062298144522334,4,4000,397
GGGCACGGCUCCGC,0.607453474102605,0.607453474102605,5,5000,496
GGCCUCCGCUAGGA,0.5876601396650263,0.5876601396650263,5,5000,496
GCUCCCUGCCCUGU,0.5764940302023904,0.5764940302023904,5,5000,496
GGCGGCGGCAACGC,0.5523482109099733,0.5523482109099733,5,5000,496
UGGCACUCCUGCGC,0.551778246408104,0.551778246408104,5,5000,496
UGGGCCGGCAGUGG,0.54483502522867,0.54483502522867,5,5000,496
GUCCGCUGCGUGCC,0.5415706951216871,0.5415706951216871,5,5000,496
UCUGCGCGGUGCAC,0.5397830725583876,0.5397830725583876,5,5000,496
ACGCUCCUGGGCGU,0.5343943141700989,0.5343943141700989,5,5000,496
CGGCUCGGCACUGC,0.5254562108780378,0.5254562108780378,5,5000,496
GCGGUGCCGUGCAU,0.5254043957436332,0.5254043957436332,5,5000,496
UCGGUUCCGUGCAA,0.523979477144584,0.523979477144584,5,5000,496
AGCUGCUGGAUGGG,0.5200156121538655,0.5200156121538655,5,5000,496
GCUGCGCGGCGAAA,0.5173212717502307,0.5173212717502307,5,5000,496
UGCUGCUGCGCGAC,0.5044452173907379,0.5044452173907379,5,5000,496
GCGGAUCAGGGCUA,0.5004295634553848,0.5004295634553848,5,5000,496
UGCGGCGGCAGGGC,0.49804606147863795,0.49804606147863795,5,5000,496
AGCCGCGGGAUGAU,0.4930717969875254,0.4930717969875254,5,5000,496
GGCCUCUGCAACGC,0.4901183819001583,0.4901183819001583,5,5000,496
UCCUCGUGCGAUGC,0.48472959831039064,0.48472959831039064,5,5000,496
AUGCACUGCCGGGC,0.47928902577598853,0.47928902577598853,5,5000,496
GGCUUCUGUAGGGC,0.4780972816378451,0.4780972816378451,5,5000,496
GGACCCUGCUGAGU,0.4778900220885175,0.4778900220885175,5,5000,496
ACCCGCUCCUUGCG,0.4765946339811047,0.4765946339811047,5,5000,496
GCGCCCCAGAUCCA,0.47573967988392496,0.47573967988392496,5,5000,496
AGGGGCGGCAUGGC,0.47485882556391856,0.47485882556391856,5,5000,496
GCUCACUGCUCCGC,0.47431476128487593,0.47431476128487593,5,5000,496
GCGGCUCAGUGCAU,0.4709468009090835,0.4709468009090835,5,5000,496
GCGGCUCAGUGCAC,0.4709468009090835,0.4709468009090835,5,5000,496
GCGUUUCCGUGCAU,0.4701436619463086,0.4701436619463086,5,5000,496
GCGAAUCUGGGCCU,0.4700918468119038,0.4700918468119038,5,5000,496
UCUCCGCGGUGCUC,0.4685632989323367,0.4685632989323367,5,5000,496
UGUCUCUGCCCUGC,0.465635757878026,0.465635757878026,5,5000,496
CGCGUCUGCCAGGC,0.4634336414175504,0.4634336414175504,5,5000,496
GGCUCCGCCAAUGA,0.4634336414175504,0.4634336414175504,5,5000,496
UGGUCCUGCAUCCC,0.4626564042714684,0.4626564042714684,5,5000,496
ACUGCGCAGUGCCG,0.4613351159412289,0.4613351159412289,5,5000,496
GCGAAUAGGGGCUA,0.4593661461580223,0.4593661461580223,5,5000,496
GCUCACUGCCCUGU,0.4554022811673037,0.4554022811673037,5,5000,496
ACCCCCGAGAUGGC,0.4534074111612705,0.4534074111612705,5,5000,496
ACUGGCACGCGCAA,0.4534074111612705,0.4534074111612705,5,5000,496
CUGCACGGCGGUGC,0.4526042852933806,0.4526042852933806,5,5000,496
GGCCGCGGCAUAGC,0.45185294787597957,0.45185294787597957,5,5000,496
GGCCUCUGCAUUCC,0.45167161583896953,0.45167161583896953,5,5000,496
GGCCGCUGCAAUGC,0.44965081881476454,0.44965081881476454,5,5000,496
CUGCACGCCCAUGC,0.4494694584999722,0.4494694584999722,5,5000,496
GCGGUUCAGAGCCC,0.4455833487567152,0.4455833487567152,5,5000,496
GCGUCGCAGAGCCG,0.44441750582968986,0.44441750582968986,5,5000,496
GCGGAGCAGCGCUA,0.44040185090604533,0.44040185090604533,5,5000,496
GGCCGCUGCAUUGG,0.43988370153858075,0.43988370153858075,5,5000,496
GCGGAGCCGUUCUC,0.4393137370367114,0.4393137370367114,5,5000,496
GGCUGAUGCAUGGA,0.4385364982967631,0.4385364982967631,5,5000,496
GGCCGCGGCAUUAA,0.43812196560907724,0.43812196560907724,5,5000,496
AGCUUCUGCGUCGC,0.4356089467297251,0.4356089467297251,5,5000,496
CCUGUUCAGGGCAA,0.4338472495907312,0.4338472495907312,5,5000,496
GCUAGGCCGUGCAG,0.4337954344563264,0.4337954344563264,5,5000,496
UCCGGCGUCAAUGC,0.4322150714423546,0.4322150714423546,5,5000,496
GCGGAUCUGUGCAA,0.4311010426614426,0.4311010426614426,5,5000,496
GCAAACCGGGGCUC,0.43084196797771035,0.43084196797771035,5,5000,496
UGGCACUCCUCUGC,0.430738350803786,0.430738350803786,5,5000,496
AAAUAGCGGGGCAC,0.4274221672660344,0.4274221672660344,5,5000,496
GCAUGCCGGUGCUC,0.42724083314101224,0.42724083314101224,5,5000,496
UCCCGCCACAUGCU,0.4268522132768924,0.4268522132768924,5,5000,496
UACCGCUGCAGUGG,0.4257122847672995,0.4257122847672995,5,5000,496
UGCGGCGGCAACAC,0.4257122847672995,0.4257122847672995,5,5000,496
CUCCACGUCAGUGC,0.42358785698013923,0.42358785698013923,5,5000,496
UCGGAGCCGUGCAU,0.42286244806334716,0.42286244806334716,5,5000,496
UUCUGCGGUACCGC,0.4215411597331076,0.4215411597331076,5,5000,496
UGCGGCGUCAUGCU,0.42099710805480434,0.42099710805480434,5,5000,496
UUGCAGGGCGUUGC,0.42032352687315633,0.42032352687315633,5,5000,496
CUCCACUGCGCUGU,0.4191576703571002,0.4191576703571002,5,5000,496
UUCCGCUGCGUAGC,0.41900223854291685,0.41900223854291685,5,5000,496
CCUGAUCCGAGCAU,0.4176291350782725,0.4176291350782725,5,5000,496
GCAGGUCAGCGCUA,0.4176291350782725,0.4176291350782725,5,5000,496
UGGAGUCGGAUCAC,0.4170591705764032,0.4170591705764032,5,5000,496
GCUGUUAGGGGCAU,0.41584151251497314,0.41584151251497314,5,5000,496
UCGGUUCAGUGCAU,0.41568608020664405,0.41568608020664405,5,5000,496
GGCUGCUGCUUGAA,0.41568608020664405,0.41568608020664405,5,5000,496
GCUUCGCAGCGCAC,0.41509020079319664,0.41509020079319664,5,5000,496
UCGCGCUGUUGUGC,0.41498657101853287,0.41498657101853287,5,5000,496
GCGUUUCUGGGCUA,0.41457205142573206,0.41457205142573206,5,5000,496
UCGAACGUUGGCGC,0.41413161692135314,0.41413161692135314,5,5000,496
CCUAUUCAGGGCCA,0.4137171104234375,0.4137171104234375,5,5000,496
CGGAUACGGAUCCC,0.4105822993070719,0.4105822993070719,5,5000,496
UGCUGCGGCAGUCG,0.41042683921510625,0.41042683921510625,5,5000,496
CAUGCCCAGGGCAG,0.4103232225353276,0.4103232225353276,5,5000,496
ACGGUUCAGUGCAG,0.41029730971176154,0.41029730971176154,5,5000,496
GGCUUCGGUUUUGC,0.4100382350280292,0.4100382350280292,5,5000,496
AUCGUCUGCGGUAG,0.4095459853892456,0.4095459853892456,5,5000,496
GCCAAGCGGCGCAU,0.4094423556145818,0.4094423556145818,5,5000,496
GCUCAAGGCGGUGC,0.4093905404801771,0.4093905404801771,5,5000,496
GGCUGCUGCAUUGC,0.4090278486225204,0.4090278486225204,5,5000,496
CGGAUUCCGAUCGA,0.40825062457132355,0.40825062457132355,5,5000,496
GUUCACGGACCGGC,0.4078879180249154,0.4078879180249154,5,5000,496
UCUGGUCAGUGCAA,0.4074733727364901,0.4074733727364901,5,5000,496
ACGAGCCAGAUCCC,0.40698115137548874,0.40698115137548874,5,5000,496
UCACCGCUGUGCAG,0.40685161928998625,0.40685161928998625,5,5000,496
CUGCCCUGCAUAAG,0.40685161928998625,0.40685161928998625,5,5000,496
GGCCACUGCAAAGG,0.40679979155484214,0.40679979155484214,5,5000,496
GCUCAUCCGUGCGG,0.5946033713571877,0.5946033713571877,6,6000,595
GGCCCCUAAUGCGC,0.5670895916889782,0.5670895916889782,6,6000,595
GCGCGGCUGAUCCU,0.525326655184923,0.525326655184923,6,6000,595
CCGGACGGAGUCGG,0.5251453210599009,0.5251453210599009,6,6000,595
GGGCCGCAGAUCCU,0.5205078874882737,0.5205078874882737,6,6000,595
UCGGACGGAGUCGG,0.5197565374701333,0.5197565374701333,6,6000,595
GCGGAUCCGUGCCU,0.5125542677967372,0.5125542677967372,6,6000,595
AGCUGCCGCCGAGC,0.5013622319215044,0.5013622319215044,6,6000,595
GGCCCGCCGAACCU,0.5000150181669594,0.5000150181669594,6,6000,595
UUCCGGCUGAUCCU,0.49877147039543,0.49877147039543,6,6000,595
UCCCGUCGGAUCCU,0.49757972625728664,0.49757972625728664,6,6000,595
CGGAGCCGAGUCGG,0.4959216593871022,0.4959216593871022,6,6000,595
CGGGACGUCGUCCU,0.49346044205312406,0.49346044205312406,6,6000,595
UGGGGCCGAUACGC,0.4927609333591586,0.4927609333591586,6,6000,595
GGCCGGCGGAACCU,0.4879939546071438,0.4879939546071438,6,6000,595
CGCCGCGUAUGCGC,0.48794213947273907,0.48794213947273907,6,6000,595
UGGCACUGCGACGG,0.4847814134447954,0.4847814134447954,6,6000,595
UGCCCGCGGAUCCU,0.4845223387610631,0.4845223387610631,6,6000,595
UGCCGGCGGAUCCU,0.4800403496043587,0.4800403496043587,6,6000,595
GUCCGGCUGAUCCU,0.47991080442397105,0.47991080442397105,6,6000,595
GCCGGGCCAUAGGU,0.4795998894043553,0.4795998894043553,6,6000,595
UCUGAUCCGCUGGG,0.47690554900072046,0.47690554900072046,6,6000,595
GGGUGCCGCUAUCG,0.47690554900072046,0.47690554900072046,6,6000,595
UUUCGCUGCCCCGA,0.47579152021980853,0.47579152021980853,6,6000,595
UGGGGCCGACACGA,0.47485882556391856,0.47485882556391856,6,6000,595
GGCACCUGCGACCU,0.4724753235871718,0.4724753235871718,6,6000,595
CGGCACGUAUCCGU,0.4716203956797623,0.4716203956797623,6,6000,595
UUCCGGCAGAUGCU,0.47081728191846617,0.47081728191846617,6,6000,595
GGCAGGCCGAUCCU,0.47048046667602367,0.47048046667602367,6,6000,595
AGCUGCUGCGACGG,0.46814880503516043,0.46814880503516043,6,6000,595
CCGGAGCCGUUCCU,0.46788973035142817,0.46788973035142817,6,6000,595
UGCAGUCCCGCGGC,0.4634336414175504,0.4634336414175504,6,6000,595
CGCGAGCCGCAGGA,0.46073924962266655,0.46073924962266655,6,6000,595
CGGUACGGUACCCC,0.45568727076261406,0.45568727076261406,6,6000,595
GGGAGCGCCCACAG,0.45351102833519485,0.45351102833519485,6,6000,595
UGGCACGUAUCCGC,0.4526560742380151,0.4526560742380151,6,6000,595
GUCCCGCUGAUCCU,0.45055760015294266,0.45055760015294266,6,6000,595
GUGGACGGAAACGU,0.45001352277901485,0.45001352277901485,6,6000,595
GCCGGCUGAGACGC,0.4498062632296873,0.4498062632296873,6,6000,595
CGGCAGGGCUACGG,0.4486922344487753,0.4486922344487753,6,6000,595
GGGAGGAGAGGGGU,0.44812228304179114,0.44812228304179114,6,6000,595
UUGCGCUGCGCAGA,0.445946053709257,0.445946053709257,6,6000,595
GGUACUGCGUAGAC,0.4434071063292959,0.4434071063292959,6,6000,595
CGGAGCAUCGUCCC,0.4424744378631763,0.4424744378631763,6,6000,595
UGCAGUCGUGCGGU,0.441567681726477,0.441567681726477,6,6000,595
UGUGCGCCGCUGGC,0.44141222421666904,0.44141222421666904,6,6000,595
CGGGGCUGACACGA,0.4396246268548485,0.4396246268548485,6,6000,595
UGCAGGCGAGUGGC,0.4356866872884353,0.4356866872884353,6,6000,595
UGGCCGCUGAUCCU,0.4348058077669501,0.4348058077669501,6,6000,595
AGCGACGGCUGCGU,0.4337954344563264,0.4337954344563264,6,6000,595
GGCAGUCCUGUGGC,0.4337436193219217,0.4337436193219217,6,6000,595
GUUGGCGGAGUCGA,0.4330441106279562,0.4330441106279562,6,6000,595
GGGCAGCUGAUCCU,0.4326295779402703,0.4326295779402703,6,6000,595
UAGCGGCCGAUCCU,0.43260367821158935,0.43260367821158935,6,6000,595
ACUGAUGCGCUGGG,0.4324741461260869,0.4324741461260869,6,6000,595
UGGUACGGCUCGGU,0.43167100716331197,0.43167100716331197,6,6000,595
AGUGAUCCGGUCCU,0.4310492275270379,0.4310492275270379,6,6000,595
GGACCGCUGAUGCU,0.4310492275270379,0.4310492275270379,6,6000,595
GGCCCGCAGAUCCA,0.43022020143632134,0.43022020143632134,6,6000,595
UGCCCGCUGAUCCU,0.4285102937361077,0.4285102937361077,6,6000,595
CUCGUCUAAGAGGG,0.4284066508665588,0.4284066508665588,6,6000,595
UCCAAUCCUGCGGU,0.42830303369263445,0.42830303369263445,6,6000,595
CGGCACGUUUUCGA,0.4275516967693791,0.4275516967693791,6,6000,595
GCAGAUCCGGUUGG,0.4272926220856468,0.4272926220856468,6,6000,595
GGCCCGCUGAAGCU,0.42692994332287526,0.42692994332287526,6,6000,595
UGCGACUGCGGCGC,0.4257640868068191,0.4257640868068191,6,6000,595
GUGCGCUGCCAAGC,0.4257122847672995,0.4257122847672995,6,6000,595
UCCCCGCUGAUCCU,0.42361378498660246,0.42361378498660246,6,6000,595
CCUGAUCCGUACGA,0.42301789297241565,0.42301789297241565,6,6000,595
AGGCACUAAUUCCG,0.42301789297241565,0.42301789297241565,6,6000,595
CCCUAGGCGUCGCU,0.42200749396616744,0.42200749396616744,6,6000,595
AGGUAUCCGUCCCA,0.4213857405196636,0.4213857405196636,6,6000,595
GGCCAGCUGAUGCU,0.42115256605875795,0.42115256605875795,6,6000,595
GUCCUGCCGAUCCU,0.4209712083261234,0.4209712083261234,6,6000,595
CCCGACCGAGACGU,0.42032352687315633,0.42032352687315633,6,6000,595
CCUGAGCCGUGGAC,0.42016806936334844,0.42016806936334844,6,6000,595
GUCCGGCAGAUCCU,0.41889859567336796,0.41889859567336796,6,6000,595
CGGGACGGACUAGU,0.41781048229817974,0.41781048229817974,6,6000,595
CCUGAUGCGUUGGC,0.4176291350782725,0.4176291350782725,6,6000,595
CCCGAUCCGUAGAC,0.4176291350782725,0.4176291350782725,6,6000,595
CCUGAUCCGUAGGU,0.4149347432833887,0.4149347432833887,6,6000,595
CCUGAUCCGUUGGU,0.4149347432833887,0.4149347432833887,6,6000,595
CCUGAUCCGCAAGU,0.4149347432833887,0.4149347432833887,6,6000,595
CGGCACGCAUUCGG,0.4139243573720256,0.4139243573720256,6,6000,595
UGGUUCGUAUCCCU,0.4133803056937223,0.4133803056937223,6,6000,595
CGCAACUCCGUCGU,0.41234400695879314,0.41234400695879314,6,6000,595
CCUGAUCCGCUGAU,0.4122403771841294,0.4122403771841294,6,6000,595
CCUGAUCCGCUAAU,0.4122403771841294,0.4122403771841294,6,6000,595
GUCCAGCUGAUGCU,0.41146313795003536,0.41146313795003536,6,6000,595
GCUUCUCCGUCGAA,0.4098050600729779,0.4098050600729779,6,6000,595
GGUCGGCAGAUCCU,0.4093905404801771,0.4093905404801771,6,6000,595
UUUCCGCGGAUCCU,0.40887239111271245,0.40887239111271245,6,6000,595
CCUGAUCCGUAGGC,0.4081728950194864,0.4081728950194864,6,6000,595
CCUGAUCCGUUGGC,0.4081728950194864,0.4081728950194864,6,6000,595
CACCACGGCGUGGU,0.4080692521499375,0.4080692521499375,6,6000,595
CGGUACGGAACCGU,0.40628165478811695,0.40628165478811695,6,6000,595
CCUAAUCCGUAGGG,0.4056857627739301,0.4056857627739301,6,6000,595
UUACGGCCGAUCCU,0.40496036645787736,0.40496036645787736,6,6000,595
UGCAACUGCUCGGA,0.40480490894806953,0.40480490894806953,6,6000,595
GUCCCGCGUGGCCC,0.7070419805057536,0.7070419805057536,7,7000,694
GUACCGCGUGGGCC,0.6643204858254794,0.6643204858254794,7,7000,694
GUCCGGCGCGGGAC,0.6557969016320736,0.6557969016320736,7,7000,694
GCGGAGCCCCUGUC,0.6443457920614,0.6443457920614,7,7000,694
CGCGGCGGGCACCC,0.6385684399987615,0.6385684399987615,7,7000,694
GUGCCGCGUGGGAU,0.6164952076634753,0.6164952076634753,7,7000,694
GCUGUGCAGGGGCU,0.6156402535662957,0.6156402535662957,7,7000,694
GUCACGCGUGGGAC,0.5900695418645998,0.5900695418645998,7,7000,694
GUCCGGCGUAGGGC,0.5670377513530946,0.5670377513530946,7,7000,694
GGACCGCGUCCGAC,0.5637475210232851,0.5637475210232851,7,7000,694
GGGCCCCGAAACGA,0.5606904095871081,0.5606904095871081,7,7000,694
GGUACCGGCUCCGC,0.558281033577305,0.558281033577305,7,7000,694
GGGAACUGCUGGGC,0.5544207978671043,0.5544207978671043,7,7000,694
GUACGGGGUUGCCC,0.5539803890583499,0.5539803890583499,7,7000,694
GUCCCGCGUGUCAC,0.5496538191150895,0.5496538191150895,7,7000,694
GGACUGCGUGGGUC,0.5483066305620233,0.5483066305620233,7,7000,694
GUCCGGAGUGCCCC,0.5463635740965285,0.5463635740965285,7,7000,694
UCUGAGCAGGGGGC,0.5444205061300149,0.5444205061300149,7,7000,694
GUCCGGCGUGGCAC,0.54125980530355,0.54125980530355,7,7000,694
GUCCGGCGUGCCAC,0.5407675561589121,0.5407675561589121,7,7000,694
GUCGGGCGGGAGUC,0.5405084814751798,0.5405084814751798,7,7000,694
GCCGCGCUCCCGAC,0.5385654135086662,0.5385654135086662,7,7000,694
GUCGGGCGUCUGGC,0.5369073204487116,0.5369073204487116,7,7000,694
GUCUCGCGUCUGCC,0.5334357307924011,0.5334357307924011,7,7000,694
GUGCUGCGUGGCGA,0.524653071915263,0.524653071915263,7,7000,694
GUCCGGCGUCGGUC,0.5226063998697101,0.5226063998697101,7,7000,694
GCGGCUGGGCUUGA,0.5210260368557382,0.5210260368557382,7,7000,694
GUAAGGCGUGGGGC,0.5206633319031965,0.5206633319031965,7,7000,694
GUCCAGCAGCGGAC,0.5174766909636748,0.5174766909636748,7,7000,694
CGCAGGGGUGGCGA,0.5144196204060194,0.5144196204060194,7,7000,694
GACCCCGGCGCUCA,0.5136423963548225,0.5136423963548225,7,7000,694
GCUCUGCAGUGGAU,0.5111293491976882,0.5111293491976882,7,7000,694
GUCAGGCGUGGGAC,0.5092380963655793,0.5092380963655793,7,7000,694
GCCUUGCAGUGGAA,0.5041602277954275,0.5041602277954275,7,7000,694
CCACGCGGAUGCGC,0.5023207900977233,0.5023207900977233,7,7000,694
GUCCGGCACUGCAC,0.4997818689075325,0.4997818689075325,7,7000,694
UUCCACUGUCCGCU,0.49871965526102535,0.49871965526102535,7,7000,694
GUCCGGCGUCGCAC,0.4960252634661415,0.4960252634661415,7,7000,694
GCGGUUCCGCGAAG,0.4957661887824092,0.4957661887824092,7,7000,694
GGCAGCCGUUCGCC,0.49454855592245794,0.49454855592245794,7,7000,694
GUCCGGCGUAUCGC,0.4934863422759507,0.4934863422759507,7,7000,694
GCGGCUGGACUUGC,0.49325318250379646,0.49325318250379646,7,7000,694
CGGCGCAGAGCCGU,0.4869317409606365,0.4869317409606365,7,7000,694
GCGGCUCGCACCAG,0.486491305962112,0.486491305962112,7,7000,694
CUUCGGCGUUGCCC,0.4816984017857917,0.4816984017857917,7,7000,694
GUCAGCCGUGCCUC,0.47833044140999925,0.47833044140999925,7,7000,694
GUACGGCGUGCGGA,0.47690554900072046,0.47690554900072046,7,7000,694
GUCCCGGUCUUCGA,0.47615419898258005,0.47615419898258005,7,7000,694
GCGGCUUCCCUUGA,0.4750401963914383,0.4750401963914383,7,7000,694
GCGGUUCGCCUUAU,0.47454793365776954,0.47454793365776954,7,7000,694
GGGUGGGGUUUAGG,0.47415934207143196,0.47415934207143196,7,7000,694
GUCAGGCGUGCCGC,0.47371890806119876,0.47371890806119876,7,7000,694
GUGCGGCGUAUCCC,0.4722162489034395,0.4722162489034395,7,7000,694
GUCUUGCGUACCCC,0.4716981126308601,0.4716981126308601,7,7000,694
GAUCAGGGCUCCGA,0.4715167654109529,0.4715167654109529,7,7000,694
GUCCGGCGUAUGAC,0.4704804645880117,0.4704804645880117,7,7000,694
CGACUGCGUCUGGC,0.46947006816392123,0.46947006816392123,7,7000,694
AUCCACGGCUCCGC,0.467708344835157,0.467708344835157,7,7000,694
ACCGCGAGCCUUGU,0.4673456660723855,0.4673456660723855,7,7000,694
GUUCAGGCCUGUGC,0.46711249161147983,0.46711249161147983,7,7000,694
GUCAGGCGUAGGGC,0.46566167278960413,0.46566167278960413,7,7000,694
GCCGUUGGCCUUGG,0.4651176085105615,0.4651176085105615,7,7000,694
GCCUCCUGUACGGC,0.4647549045463112,0.4647549045463112,7,7000,694
GUCCCACGCGUCAC,0.4645994591430969,0.4645994591430969,7,7000,694
GUCCGGCGUUCCAC,0.4622159571663501,0.4622159571663501,7,7000,694
GUUCGGCGUCGCGA,0.46206053795290614,0.46206053795290614,7,7000,694
CCGGACCCGCACAG,0.4615942037198463,0.4615942037198463,7,7000,694
UCGGCCUGCCUCAC,0.46156828880826817,0.46156828880826817,7,7000,694
GUCCCAUGUAGGGC,0.4601174447849138,0.4601174447849138,7,7000,694
GCGGAGACCUGCAU,0.45804485782778276,0.45804485782778276,7,7000,694
GCAGAGGCGCGGAA,0.45794122755897326,0.45794122755897326,7,7000,694
GGCCACGGCAUCGC,0.4555577255822265,0.4555577255822265,7,7000,694
GUCCGAGGCGGCAC,0.45535046603289897,0.45535046603289897,7,7000,694
GCUGUUGGGAGGGC,0.453277879075768,0.453277879075768,7,7000,694
GGCAGACGUGCCCC,0.4526042852933806,0.4526042852933806,7,7000,694
ACUCCGCGUAUGAC,0.45117936669433156,0.45117936669433156,7,7000,694
GUGAGGCGUGCCCA,0.45011715304782435,0.45011715304782435,7,7000,694
GUCACGCGUCGGAA,0.4499617338343803,0.4499617338343803,7,7000,694
GCGGAGGCGCAGAG,0.4499617338343803,0.4499617338343803,7,7000,694
GCGGUUUGCCUUAG,0.44571289184909074,0.44571289184909074,7,7000,694
GUUCAGCAGCGGAC,0.4420340290544219,0.4420340290544219,7,7000,694
CUGAGGCGUGUGCC,0.4419303735841337,0.4419303735841337,7,7000,694
GGGAGUCGUGACGC,0.4418785584497289,0.4418785584497289,7,7000,694
GUCACGCGUAUGGC,0.441567681726477,0.441567681726477,7,7000,694
GUCAAGGCCUCCGA,0.44094591518508797,0.44094591518508797,7,7000,694
GCCUAGCAGGGGAC,0.4407127407241824,0.4407127407241824,7,7000,694
GCUGAGUCGGAUGG,0.43918416665484505,0.43918416665484505,7,7000,694
GCGGUGGCGUGUAA,0.43918416665484505,0.43918416665484505,7,7000,694
GGCUAGCAUGGGAA,0.43669707319979845,0.43669707319979845,7,7000,694
GCCGCUAGGGUUGC,0.43459857341910135,0.43459857341910135,7,7000,694
GAGGUGUCGUGCAG,0.4337954344563264,0.4337954344563264,7,7000,694
GAUGAGGCGCGGAU,0.4337436193219217,0.4337436193219217,7,7000,694
CUCCGGGUCUCACU,0.4333290871283815,0.4333290871283815,7,7000,694
UCUGGUGCGCUCAG,0.43330318531168854,0.43330318531168854,7,7000,694
CUCCGCGGAUACGU,0.43237051585727737,0.43237051585727737,7,7000,694
GCUGAGCCCUACGC,0.4321114411735451,0.4321114411735451,7,7000,694
GUCUCGCGUAGCAC,0.43205961393254666,0.43205961393254666,7,7000,694
GUCCGGUGUGUCAC,0.43193008184704423,0.43193008184704423,7,7000,694
GUCGCACGUGGCUC,0.430738350803786,0.430738350803786,7,7000,694
AUGCGCCGGGGCCU,0.6655122551651016,0.6655122551651016,8,8000,793
GUACGGGGGUUCCA,0.6412627804023963,0.6412627804023963,8,8000,793
GCGUUGGAGGGGGG,0.6205627029230034,0.6205627029230034,8,8000,793
GCCCUGCCGGGUAA,0.6130754321532782,0.6130754321532782,8,8000,793
GCCUUGCAGGGCCA,0.5832299656427267,0.5832299656427267,8,8000,793
GUCGGCCGCCCGCU,0.5823490966339688,0.5823490966339688,8,8000,793
GGUCCUCUGCGGAG,0.580198795307898,0.580198795307898,8,8000,793
GCUGCGCUGCGGAC,0.5650169795303686,0.5650169795303686,8,8000,793
GGUGCGCUCCUGUC,0.5563897912579234,0.5563897912579234,8,8000,793
CCCGCGCUCCUGUA,0.5475553067336532,0.5475553067336532,8,8000,793
GCCCUCGGUUCCGC,0.5459231390980039,0.5459231390980039,8,8000,793
GCGGCUGGGCUUGC,0.5416225102560919,0.5416225102560919,8,8000,793
GCUCUGUAGCGGGA,0.5273733786217248,0.5273733786217248,8,8000,793
AGGGGUGCUGUGAG,0.5227100039487493,0.5227100039487493,8,8000,793
GCGGUCGCGCUCGU,0.5150413738525232,0.5150413738525232,8,8000,793
GCGGUCCCGCUCAG,0.5119324881604631,0.5119324881604631,8,8000,793
GCGGUGCCGCUCGA,0.5061292106735191,0.5061292106735191,8,8000,793
GCGGUCGCGUUCGC,0.5009477128228493,0.5009477128228493,8,8000,793
GCGGUCACGGUCCC,0.497035661978244,0.497035661978244,8,8000,793
CCGUAGCAGGGCGG,0.4930717969875254,0.4930717969875254,8,8000,793
GCGGAAACGCGGGC,0.4870612599512539,0.4870612599512539,8,8000,793
GCGGUUUCGCGGAC,0.4822942811992391,0.4822942811992391,8,8000,793
UGAACGGAGGGCCG,0.4795998894043553,0.4795998894043553,8,8000,793
GCUGUGCGCCUGUC,0.47579152021980853,0.47579152021980853,8,8000,793
GUCCUGUGUUACGG,0.4746256511030129,0.4746256511030129,8,8000,793
GCGGCCCGGGUUAA,0.4717758400946851,0.4717758400946851,8,8000,793
GCGGUGGAGCUCAA,0.46882237361606904,0.46882237361606904,8,8000,793
ACGGCUGAGCCCAG,0.46791563057425484,0.46791563057425484,8,8000,793
GCGGUAGGGUUCUC,0.46617982215706877,0.46617982215706877,8,8000,793
GGCGCUAUGCGGUC,0.4647549045463112,0.4647549045463112,8,8000,793
GCGGUGGCGUUCAC,0.46449582986257887,0.46449582986257887,8,8000,793
GCGGUAACGCGUGC,0.4634336414175504,0.4634336414175504,8,8000,793
GCAGUGUAGGGGCA,0.4634336414175504,0.4634336414175504,8,8000,793
GCGGUUGGGCUUGA,0.4619050673482131,0.4619050673482131,8,8000,793
GCGGUGACGCUCCA,0.460091542474075,0.460091542474075,8,8000,793
GCGAUGCCGCGCAU,0.45804485782778276,0.45804485782778276,8,8000,793
UCCGCGCAACAGGC,0.45682722496783157,0.45682722496783157,8,8000,793
GCCGUGCAGUGCCA,0.4564126796794062,0.4564126796794062,8,8000,793
GUGGCGCCGGUUGC,0.4549877872701274,0.4549877872701274,8,8000,793
GCGAUCUCGUUCGU,0.45462505711610685,0.45462505711610685,8,8000,793
ACGGUCGAGCCCAG,0.4544437229910847,0.4544437229910847,8,8000,793
GCGGCGAGGCUAGC,0.4537182878845224,0.4537182878845224,8,8000,793
GUGAGUAGUCCCGC,0.4499617338343803,0.4499617338343803,8,8000,793
ACGGCACAUUUCAG,0.4499617338343803,0.4499617338343803,8,8000,793
GCGGUAGCGCUCGA,0.44975444809528253,0.44975444809528253,8,8000,793
ACAGCGGAGCCCAG,0.449547188545955,0.449547188545955,8,8000,793
CCUGUUCGUACGAG,0.44726734203949653,0.44726734203949653,8,8000,793
GUGAUGAGUCCCGC,0.44726734203949653,0.44726734203949653,8,8000,793
AGGGUAUAUUCCAG,0.44726734203949653,0.44726734203949653,8,8000,793
GUGAGAAGUCCCGC,0.44726734203949653,0.44726734203949653,8,8000,793
GCUGCAAUGCGGGC,0.44664553720174366,0.44664553720174366,8,8000,793
GCUGCGAUUCCGUC,0.4459201534864303,0.4459201534864303,8,8000,793
GCGGUUGGGCACUA,0.44579058310456393,0.44579058310456393,8,8000,793
GGUGCACUUCGGUC,0.44457295024461274,0.44457295024461274,8,8000,793
GCUGUGCUUCGGAC,0.44299258723064083,0.44299258723064083,8,8000,793
CGACCGCUUGGGAC,0.4418785584497289,0.4418785584497289,8,8000,793
GCUGGUCUGUGGAC,0.43928782212513334,0.43928782212513334,8,8000,793
GUACACCGGAGCCG,0.4391323777102105,0.4391323777102105,8,8000,793
GGUUGACUGCGGAC,0.4390287474414011,0.4390287474414011,8,8000,793
GUCGACUGAGCCGA,0.4384846831623584,0.4384846831623584,8,8000,793
GUCCCCGGAAUCCA,0.43843286802795367,0.43843286802795367,8,8000,793
UUGGUCUUGGGGCG,0.4360752809627849,0.4360752809627849,8,8000,793
GUGGUCUAGUGCGA,0.4337954344563264,0.4337954344563264,8,8000,793
AGGGUUGAUCCCAG,0.43286275289532167,0.43286275289532167,8,8000,793
ACUGGGCCUACCCG,0.4327073205869925,0.4327073205869925,8,8000,793
UCUGUGCCGUUCCA,0.4324741461260869,0.4324741461260869,8,8000,793
GUACCGCUUCGGGC,0.43185236648981284,0.43185236648981284,8,8000,793
GUGAUCAGUCCCGC,0.4311010426614426,0.4311010426614426,8,8000,793
GUGCUCUACCCGCU,0.4311010426614426,0.4311010426614426,8,8000,793
ACGGCAGAUUCCAG,0.4311010426614426,0.4311010426614426,8,8000,793
GCUGUACCGUGCUU,0.4311010426614426,0.4311010426614426,8,8000,793
AGGGUUAAGCGCAG,0.4284066508665588,0.4284066508665588,8,8000,793
CUGGACUACGCGCU,0.4274740076019179,0.4274740076019179,8,8000,793
GCCGUGUCGGUCAA,0.42534958030890346,0.42534958030890346,8,8000,793
ACGGCGGAUUCCAG,0.42413193435406704,0.42413193435406704,8,8000,793
GUGCCCCGUAACGU,0.42413193435406704,0.42413193435406704,8,8000,793
GCGUUCACGUUGGG,0.4216966172429155,0.4216966172429155,8,8000,793
GCGGUACCGUUCGA,0.42117846787545093,0.42117846787545093,8,8000,793
ACGGUAUAUUCCUG,0.42032352687315633,0.42032352687315633,8,8000,793
GUAUUGACGGGGAA,0.42021988400360744,0.42021988400360744,8,8000,793
GCUGGUAGGUUCGC,0.42006445218942406,0.42006445218942406,8,8000,793
AGAGGGGCUACCAC,0.4199089946796162,0.4199089946796162,8,8000,793
GGUACGCUUCUGAC,0.4193649299064277,0.4193649299064277,8,8000,793
AUGGCCGAUCUCAG,0.41889859567336796,0.41889859567336796,8,8000,793
GCGGUCCCGAUCAA,0.41889859567336796,0.41889859567336796,8,8000,793
GUUGCACUCCGGUC,0.41879496589870413,0.41879496589870413,8,8000,793
GCGGUUGCGUUCCU,0.41698144053042036,0.41698144053042036,8,8000,793
CUGGGCUACUGCCU,0.41620422957410863,0.41620422957410863,8,8000,793
GCGAUAGGGCUUAC,0.4149347432833887,0.4149347432833887,8,8000,793
GCUGUCCCGCUUAA,0.4149347432833887,0.4149347432833887,8,8000,793
AGGGCUGAUUCCAG,0.41379482737453516,0.41379482737453516,8,8000,793
GUGCCCGGAGACGU,0.4131471459215681,0.4131471459215681,8,8000,793
AGGGUCGAUUCCAG,0.4126808116885083,0.4126808116885083,8,8000,793
GCUGUGCCGUUCCU,0.41218854944898525,0.41218854944898525,8,8000,793
ACGGCCGAGUCCAG,0.4121367474094656,0.4121367474094656,8,8000,793
GCUCUAGUGCGUAC,0.41177404245692384,0.41177404245692384,8,8000,793
GUCAGCCGUACCGC,0.4114890528616134,0.4114890528616134,8,8000,793
GCGGUGACGCUCGA,0.41091908885388984,0.41091908885388984,8,8000,793
GUCUUGGAGGGGAA,0.4095978131243897,0.4095978131243897,8,8000,793
ACCCCGUCGUGCUC,0.5873233611250814,0.5873233611250814,9,9000,892
AUGCACUGCGCGGG,0.5518300615425088,0.5518300615425088,9,9000,892
ACUGCGCGAGACGU,0.5415706951216871,0.5415706951216871,9,9000,892
CCGUACUGCGGCCC,0.5414670396513988,0.5414670396513988,9,9000,892
GGCUCCGAUGCGCU,0.5398348615030222,0.5398348615030222,9,9000,892
ACUGCGUCGGGGAC,0.5373995957831197,0.5373995957831197,9,9000,892
AGGCCGCUGUGCUC,0.5368296060797717,0.5368296060797717,9,9000,892
GCCCCGUUGUGCUC,0.5333321005235916,0.5333321005235916,9,9000,892
AGGGACGGGACCCU,0.5313372184109647,0.5313372184109647,9,9000,892
UUGCGCGGAUGACC,0.5307931793334009,0.5307931793334009,9,9000,892
GCCCAGUGGCCCGG,0.5250416907910914,0.5250416907910914,9,9000,892
GCGCUCGGUUCCCU,0.5232022530933873,0.5232022530933873,9,9000,892
GCGUACUCGGCCCC,0.5227100039487493,0.5227100039487493,9,9000,892
CCGGCCUAUGCACU,0.5223991120426003,0.5223991120426003,9,9000,892
CUCCCGGCGUGCUC,0.5211296409347775,0.5211296409347775,9,9000,892
ACUGCAGCGGGCUU,0.5177616805589851,0.5177616805589851,9,9000,892
GCCGCGGUGUGCUC,0.5119324881604631,0.5119324881604631,9,9000,892
GGGUCCUGCAAACG,0.5119324881604631,0.5119324881604631,9,9000,892
ACCUCGUCGUGCAC,0.5091862812311745,0.5091862812311745,9,9000,892
ACCUCGUCGUGCUC,0.506491915626061,0.506491915626061,9,9000,892
ACUGUGGGGCUCAG,0.5019581113349518,0.5019581113349518,9,9000,892
ACUGCGGGUGGCUU,0.5011549723721769,0.5011549723721769,9,9000,892
CUCACGUCGGGCUU,0.5001963628047088,0.5001963628047088,9,9000,892
ACUGCGUGGUGCUA,0.49255364762006076,0.49255364762006076,9,9000,892
ACUGCCUCGUGCAU,0.4903774565838906,0.4903774565838906,9,9000,892
ACUGCGUUGUGCGG,0.4862063058540742,0.4862063058540742,9,9000,892
CGCCGUUGUGCCAU,0.48498867299412296,0.48498867299412296,9,9000,892
CCAAGAUCCGCGCU,0.4838228290788062,0.4838228290788062,9,9000,892
UCGUGAGGGACCCU,0.48320105043082356,0.48320105043082356,9,9000,892
AUGCCCUGAGGGGU,0.48182794696617925,0.48182794696617925,9,9000,892
ACUGCAAGGGGCGC,0.47908174003689075,0.47908174003689075,9,9000,892
CCCUCGUUGUGCUC,0.4787449614969458,0.4787449614969458,9,9000,892
AGGUCCCAUGGACU,0.47864133122813635,0.47864133122813635,9,9000,892
UACCGGUUUGCCUU,0.47861541631655824,0.47861541631655824,9,9000,892
CUCCCUUCGUGCUC,0.47478112170770603,0.47478112170770603,9,9000,892
AGGCACUGUUGGGC,0.4742111572058367,0.4742111572058367,9,9000,892
ACGCACUCCCCGCU,0.4725271639230554,0.4725271639230554,9,9000,892
AGGGCACGUAUCCG,0.4715167654109529,0.4715167654109529,9,9000,892
UACUCGCCGUGCUC,0.4715167654109529,0.4715167654109529,9,9000,892
GUGCAAUCCCCUGC,0.4705840838499481,0.4705840838499481,9,9000,892
CUGCCGUCGUGCUC,0.46882237361606904,0.46882237361606904,9,9000,892
GGGUUCUUGGGACU,0.46719019546769247,0.46719019546769247,9,9000,892
GGGCACUGAGGCCG,0.4654544132402766,0.4654544132402766,9,9000,892
GCGUACCGCGGACU,0.46200869761702257,0.46200869761702257,9,9000,892
ACCCCAUCGUGCUA,0.4606874344882618,0.4606874344882618,9,9000,892
CGGACGUCGUGCUG,0.45900341600400174,0.45900341600400174,9,9000,892
CCGCGGUGUCCGAU,0.4564126796794062,0.4564126796794062,9,9000,892
AGGAUAGGGGCCAG,0.45636086454500147,0.45636086454500147,9,9000,892
GCGAUAGGCCUCAG,0.45519504681945494,0.45519504681945494,9,9000,892
GGGCACUCGAUGCC,0.4526560742380151,0.4526560742380151,9,9000,892
GACUGGAAGUGCUC,0.4526560742380151,0.4526560742380151,9,9000,892
GCGUCGUCGUCCUC,0.45206023361507736,0.45206023361507736,9,9000,892
CUCUCGUCGUGCUC,0.4505316721464794,0.4505316721464794,9,9000,892
GGGUGCUUUGCACU,0.4499617338343803,0.4499617338343803,9,9000,892
CCGCGUUCUACCCU,0.449702659150648,0.449702659150648,9,9000,892
CCUUCGUCGUGCUA,0.4493140266857888,0.4493140266857888,9,9000,892
GGCUACCGUCCACU,0.44625694352739403,0.44625694352739403,9,9000,892
ACCGCAUGGACCUA,0.44457295024461274,0.44457295024461274,9,9000,892
CCGGGACGUUCCAC,0.44392525569676056,0.44392525569676056,9,9000,892
GCGUUCGGUCCACU,0.44361437946765436,0.44361437946765436,9,9000,892
CCGCGGUGUACCCU,0.4402463933962374,0.4402463933962374,9,9000,892
CCGGACUCUAACCU,0.43682661788604027,0.43682661788604027,9,9000,892
AUGCCGUCGUGCUC,0.4358680214134574,0.4358680214134574,9,9000,892
UCCCCCCCGUACUC,0.4341063242744635,0.4341063242744635,9,9000,892
ACCCCGUCGUACUC,0.4337436193219217,0.4337436193219217,9,9000,892
AGGCCCUCGACACU,0.43301821040512956,0.43301821040512956,9,9000,892
GUACACUGCGUGGC,0.43226687348187426,0.43226687348187426,9,9000,892
AUUCCGUCGUGCUU,0.4322150714423546,0.4322150714423546,9,9000,892
UUCCGGUAGUGCUA,0.4316191920289072,0.4316191920289072,9,9000,892
UCUGCGUCGUGCUU,0.4311010426614426,0.4311010426614426,9,9000,892
ACUUCGUCGUGCUC,0.4310492275270379,0.4310492275270379,9,9000,892
ACUUCGUCGUGCUA,0.4310492275270379,0.4310492275270379,9,9000,892
ACUUCGCUGUGCAA,0.4310492275270379,0.4310492275270379,9,9000,892
ACUCCGUCAUGCUA,0.4310492275270379,0.4310492275270379,9,9000,892
ACUUCGUCGUGCUU,0.4310492275270379,0.4310492275270379,9,9000,892
ACUUCGUCGUGCUG,0.4310492275270379,0.4310492275270379,9,9000,892
CCUCCCUAUGCGCU,0.43019427342985816,0.43019427342985816,9,9000,892
GCUCGGUCGUGCUC,0.42876936841984,0.42876936841984,9,9000,892
GCUCGGUAGUGCCA,0.4284066508665588,0.4284066508665588,9,9000,892
ACUCCGUAGUGCUC,0.42835484882703917,0.42835484882703917,9,9000,892
ACUCCGUAGUGCUG,0.42835484882703917,0.42835484882703917,9,9000,892
ACUCCGUAGUGCUA,0.42835484882703917,0.42835484882703917,9,9000,892
ACUGCGUCGUGCUC,0.42724083314101224,0.42724083314101224,9,9000,892
AUCUCGUCGUGCUA,0.42682628785258697,0.42682628785258697,9,9000,892
ACAUCGGGGUGCUC,0.4267226706786626,0.4267226706786626,9,9000,892
UUGUGGACGUGCCG,0.42545319748282784,0.42545319748282784,9,9000,892
GCAUCCCGGAUGCU,0.4247018857610513,0.4247018857610513,9,9000,892
GUGCGCUGGUGCUU,0.42449462621172374,0.42449462621172374,9,9000,892
GUCUCGUCGUGCUC,0.42317333788148415,0.42317333788148415,9,9000,892
ACGUCACCGUGGUG,0.42301789297241565,0.42301789297241565,9,9000,892
CCGUGUUGUAGCCU,0.42296609093289605,0.42296609093289605,9,9000,892
AUGUGUGGAACCCG,0.42159298746825175,0.42159298746825175,9,9000,892
GCGGCUAAGUGCUG,0.41900223854291685,0.41900223854291685,9,9000,892
UUCUCGCUGUGCUC,0.4177327648529363,0.4177327648529363,9,9000,892
CUGCCCUGCACUAC,0.4149347432833887,0.4149347432833887,9,9000,892
CCGCGCUCUAACCU,0.4133543928701563,0.4133543928701563,9,9000,892
GUGUGGUGUAGGCG,0.41273261372802794,0.41273261372802794,9,9000,892
GCCCCGAUGUAGUU,0.4122403771841294,0.4122403771841294,9,9000,892
ACUGCAUAGGGCUC,0.4119813025003971,0.4119813025003971,9,9000,892
ACCCAGCCGUGCGG,0.6143189652360561,0.6143189652360561,10,10000,991
GUGGGGCCGGAUCU,0.6064949054136586,0.6064949054136586,10,10000,991
ACUCCGCCGGGGUG,0.5803024245884161,0.5803024245884161,10,10000,991
CGGUGCAGCCGGAC,0.5632811973029526,0.5632811973029526,10,10000,991
ACGGAUGUGCUUCG,0.5418815849398242,0.5418815849398242,10,10000,991
CCCGGUGUGCGCAC,0.5350160938063729,0.5350160938063729,10,10000,991
ACGCCGCCGUGCUC,0.5346015485179476,0.5346015485179476,10,10000,991
CAGUGCUGCCGGGC,0.523979477144584,0.523979477144584,10,10000,991
GGGCUCGGCACGAC,0.5227100039487493,0.5227100039487493,10,10000,991
GCCGGAAGCGGGAU,0.5132537764907026,0.5132537764907026,10,10000,991
ACCACGCGGCGGUU,0.5119324881604631,0.5119324881604631,10,10000,991
GUGGUCGGCUCCCC,0.507295054588836,0.507295054588836,10,10000,991
CCCGCGCUGAUCUG,0.5065437045706955,0.5065437045706955,10,10000,991
ACCUCGUCGUGCUU,0.506491915626061,0.506491915626061,10,10000,991
ACUCCGUCGUGCUU,0.506491915626061,0.506491915626061,10,10000,991
CUGCUCCGCGAUGG,0.506491915626061,0.506491915626061,10,10000,991
ACGGGGGUGCUCUU,0.5038493641670606,0.5038493641670606,10,10000,991
GCGAUGCGGCUCCC,0.5003259331865753,0.5003259331865753,10,10000,991
GCGGAAUGGCCUGC,0.49846058057729303,0.49846058057729303,10,10000,991
GUCAUGCGGUGCCU,0.4858954422257074,0.4858954422257074,10,10000,991
GGCCUCUGUAGCUG,0.4815170571480422,0.4815170571480422,10,10000,991
CGGGCACGCCCGAC,0.48112846347369265,0.48112846347369265,10,10000,991
CCCGAUGUGCUUCG,0.47965172974023884,0.47965172974023884,10,10000,991
GGGUGCUGCGAUUG,0.4795998894043553,0.4795998894043553,10,10000,991
GCCUCUGGAGGGAC,0.47776047690812995,0.47776047690812995,10,10000,991
UCAGGCCUGCCCUC,0.4762060141169848,0.4762060141169848,10,10000,991
CACUGCAGCGGAUG,0.4742111572058367,0.4742111572058367,10,10000,991
ACUGCGCCGUGCUU,0.4714649502765481,0.4714649502765481,10,10000,991
CGGCACUGUGCUGC,0.47141313514214334,0.47141313514214334,10,10000,991
GCCCCCAGGAAGGC,0.4698845872625763,0.4698845872625763,10,10000,991
GCGGACGUGCUGAG,0.4684596948532975,0.4684596948532975,10,10000,991
UGCGUCGGCAGGGC,0.4645476440086922,0.4645476440086922,10,10000,991
ACCCCGUUGAGCUU,0.4631227263979346,0.4631227263979346,10,10000,991
GCUAUGCUGUGCGG,0.46268229139941,0.46268229139941,10,10000,991
ACGUGCCCGUGUAU,0.456879013912466,0.456879013912466,10,10000,991
UUGAGCUGGAGUAC,0.45535046603289897,0.45535046603289897,10,10000,991
CCUGGUGUGCGUCG,0.45524686195385966,0.45524686195385966,10,10000,991
GCCAUGCCGUGCAA,0.4519047756111237,0.4519047756111237,10,10000,991
ACCUAGCCGUGCAC,0.4499617338343803,0.4499617338343803,10,10000,991
GGUCUGCUGUGGAA,0.44975444809528253,0.44975444809528253,10,10000,991
ACGUCGCAGUGGAC,0.4484849748994477,0.4484849748994477,10,10000,991
GCUUUGACGUGGAU,0.4476818485374122,0.4476818485374122,10,10000,991
UGGUGCUGGAAGCC,0.44625694352739403,0.44625694352739403,10,10000,991
ACUGCGUGAUGGUG,0.4418785584497289,0.4418785584497289,10,10000,991
CCGGUCCUGGUAUG,0.44076452966881685,0.44076452966881685,10,10000,991
ACGUCGCUGUCCUC,0.44027229312491833,0.44027229312491833,10,10000,991
GCUUUGCCGUGCAC,0.43765564397675677,0.43765564397675677,10,10000,991
ACUUUGCCGUGCAC,0.43643798591532673,0.43643798591532673,10,10000,991
GCUUUGCCGUGCUU,0.43496126527675805,0.43496126527675805,10,10000,991
ACAGAGGUGCGCGG,0.43470219059302573,0.43470219059302573,10,10000,991
UAGUCGCCGUGCUC,0.4344431159092935,0.4344431159092935,10,10000,991
ACUUUGCCGUGCUC,0.4337436193219217,0.4337436193219217,10,10000,991
ACUUCGUCGUGCUA,0.4310492275270379,0.4310492275270379,10,10000,991
ACUUCGUCGUGCUU,0.4310492275270379,0.4310492275270379,10,10000,991
GGCUACUGCGGCUA,0.4303238186102457,0.4303238186102457,10,10000,991
GCCUAGCAACGGCC,0.4256086549926357,0.4256086549926357,10,10000,991
ACCUGCUGCUGGUC,0.4251941227990955,0.4251941227990955,10,10000,991
ACAGAUGUGCUUCG,0.42332878229640697,0.42332878229640697,10,10000,991
UACUCCUCCGAGCC,0.42286244806334716,0.42286244806334716,10,10000,991
GCCGGCUGAGACAC,0.4213857405196636,0.4213857405196636,10,10000,991
GGCUGCUGCAAGUC,0.4213857405196636,0.4213857405196636,10,10000,991
GGACACUGCUGUGC,0.421204382787029,0.421204382787029,10,10000,991
CUGUACCGCGUUAU,0.42032352687315633,0.42032352687315633,10,10000,991
GCCAUGAAGUGCCA,0.42032352687315633,0.42032352687315633,10,10000,991
GGGUGUUGCGGUAG,0.42032352687315633,0.42032352687315633,10,10000,991
ACCUAGCAGUGGAC,0.4188467936338483,0.4188467936338483,10,10000,991
GGCGGUAGCGAGAU,0.41822501449171995,0.41822501449171995,10,10000,991
GGCUACUGCGGUGC,0.41812138422291045,0.41812138422291045,10,10000,991
UCUACCGGCGCUGC,0.41768095021267726,0.41768095021267726,10,10000,991
GUGCCCAGGCUUAC,0.41628194443719424,0.41628194443719424,10,10000,991
GGCUGCAUCAGGGC,0.4148311261094643,0.4148311261094643,10,10000,991
CCCGAUCUGCUUAG,0.4122403771841294,0.4122403771841294,10,10000,991
CCGGACUUGCUUAG,0.4117999426797505,0.4117999426797505,10,10000,991
GCUUAGCCGUGCAA,0.41117816353762215,0.41117816353762215,10,10000,991
GGCUGUUGAGAGCC,0.4103232225353276,0.4103232225353276,10,10000,991
GGCUACUGCUGUUC,0.40905373575046194,0.40905373575046194,10,10000,991
AUGCCCUGCACCAC,0.4081728950194864,0.4081728950194864,10,10000,991
GACUGCGGCGAGAC,0.4054266880901979,0.4054266880901979,10,10000,991
CUCGGCCCUCUAUC,0.40537488605067823,0.40537488605067823,10,10000,991
GGCUACUGCUGGUC,0.40496036645787736,0.40496036645787736,10,10000,991
ACCUUGACGUGCAA,0.40410541236069775,0.40410541236069775,10,10000,991
ACUUCGUGGCGCUU,0.40410541236069775,0.40410541236069775,10,10000,991
GCCGUGCCAUGCAC,0.40244731930074307,0.40244731930074307,10,10000,991
GCAAAGUGGUCCCC,0.4020587151136661,0.4020587151136661,10,10000,991
CCUGACGUGCUCAC,0.4019291830281636,0.4019291830281636,10,10000,991
GACUGCGCCUGUUC,0.3991311740593554,0.3991311740593554,10,10000,991
AGGCACUGUAAGGC,0.39876846960095935,0.39876846960095935,10,10000,991
CACUGUAGCGGGAC,0.39729173636165127,0.39729173636165127,10,10000,991
ACGAGGUCGUGCUG,0.39687721676885046,0.39687721676885046,10,10000,991
ACCUUGUUGUGCUU,0.39602227576655585,0.39602227576655585,10,10000,991
CCCUUGUAGUGCAC,0.39542639635310844,0.39542639635310844,10,10000,991
AGCUUGAGGCGCGA,0.3945973445667674,0.3945973445667674,10,10000,991
AAGGGGUUAGUCAC,0.3931724390626036,0.3931724390626036,10,10000,991
GCCUACUGCUGCUC,0.391203469279397,0.391203469279397,10,10000,991
GCAAUGACGUGGAC,0.39099620973006943,0.39099620973006943,10,10000,991
GCUAUGCUGUGCCA,0.38845727544499353,0.38845727544499353,10,10000,991
GACGGUUCGCACAC,0.38744687643874526,0.38744687643874526,10,10000,991
CUAGAUCCGGUCUA,0.3839752736875497,0.3839752736875497,10,10000,991
GGCUACAGCUGGUC,0.3824985404482416,0.3824985404482416,10,10000,991
